PVWatts Hourly PV Performance Data,,,,,,,,,,,
Requested Location,"800 Lancaster Ave, Villanova, PA 19085",,,,,,,,,,
Solar Resource Data Location,"NSRDB Lat/Lng: 40.05, -75.34",,,,,,,,,,
Latitude (degrees),40.05,,,,,,,,,,
Longitude (degrees),-75.34,,,,,,,,,,
Elevation (m),101.5199966,,,,,,,,,,
DC System Size (kW),1,,,,,,,,,,
Module Type,Premium,,,,,,,,,,
Array Type,Fixed (open rack),,,,,,,,,,
Array Tilt (deg),20,,,,,,,,,,
Array Azimuth (deg),180,,,,,,,,,,
System Losses (%),14.08,,,,,,,,,,
DC to AC Size Ratio,1.2,,,,,,,,,,
Inverter Efficiency (%),96,,,,,,,,,,
Ground Coverage Ratio,NA,,,,,,,,,,
Albedo,From weather file,,,,,,,,,,
Bifacial,Yes (0.7),,,,,,,,,,
Monthly Irradiance Loss (%),,,,,,,,,,,
,Jan,0,,,,,,,,,
,Feb,0,,,,,,,,,
,Mar,0,,,,,,,,,
,Apr,0,,,,,,,,,
,May,0,,,,,,,,,
,June,0,,,,,,,,,
,July,0,,,,,,,,,
,Aug,0,,,,,,,,,
,Sept,0,,,,,,,,,
,Oct,0,,,,,,,,,
,Nov,0,,,,,,,,,
,Dec,0,,,,,,,,,
,,,,,,,,,,,
Month,Day,Hour,Beam Irradiance (W/m2),Diffuse Irradiance (W/m2),Ambient Temperature (C),Wind Speed (m/s),Albedo,Plane of Array Irradiance (W/m2),Cell Temperature (C),DC Array Output (W),AC System Output (W)
1,1,0,0,0,-1,0.4,0.11,0,-1,0,0
1,1,1,0,0,-1,0.5,0.11,0,-1,0,0
1,1,2,0,0,-1,0.5,0.11,0,-1,0,0
1,1,3,0,0,-1,0.4,0.11,0,-1,0,0
1,1,4,0,0,-2,0.3,0.11,0,-2,0,0
1,1,5,0,0,-2,0.3,0.11,0,-2,0,0
1,1,6,0,0,-2,0.3,0.11,0,-2,0,0
1,1,7,0,0,-1,0.5,0.11,0,0,0,0
1,1,8,0,45,0,0.6,0.11,44.344,1.426,37.289,32.004
1,1,9,616,83,0,0.6,0.11,454.255,14.971,407.389,388.99
1,1,10,336,151,2,0.6,0.11,408.204,15.365,361.867,345.081
1,1,11,263,188,3,0.6,0.11,420.207,16.721,368.86,351.826
1,1,12,159,206,3,0.7,0.11,355.729,14.267,312.599,297.559
1,1,13,121,176,3,0.6,0.11,285.796,12.303,251.916,239.026
1,1,14,137,131,2,0.5,0.11,230.064,9.729,204.394,193.188
1,1,15,14,68,1,0.5,0.11,75.726,3.522,64.84,58.579
1,1,16,0,8,0,0.7,0.11,7.941,0.209,4.061,0
1,1,17,0,0,0,1,0.11,0,0,0,0
1,1,18,0,0,0,1.2,0.11,0,0,0,0
1,1,19,0,0,0,1.3,0.11,0,0,0,0
1,1,20,0,0,0,1.2,0.11,0,0,0,0
1,1,21,0,0,-1,1.2,0.11,0,-1,0,0
1,1,22,0,0,-2,1.2,0.11,0,-2,0,0
1,1,23,0,0,-2,1.2,0.11,0,-2,0,0
1,2,0,0,0,-2,1.4,0.11,0,-2,0,0
1,2,1,0,0,-2,1.4,0.11,0,-2,0,0
1,2,2,0,0,-3,1.4,0.11,0,-3,0,0
1,2,3,0,0,-3,1.4,0.11,0,-3,0,0
1,2,4,0,0,-3,1.4,0.11,0,-3,0,0
1,2,5,0,0,-3,1.4,0.11,0,-3,0,0
1,2,6,0,0,-4,1.4,0.11,0,-4,0,0
1,2,7,0,0,-4,1.5,0.11,0,0,0,0
1,2,8,481,53,-4,1.7,0.11,257.779,2.45,223.94,212.041
1,2,9,679,76,-3,1.9,0.11,481.05,8.606,441.804,422.186
1,2,10,762,91,-3,2,0.11,639.604,12.084,581.597,557.025
1,2,11,792,100,-3,2.1,0.11,723.287,13.706,652.8,625.705
1,2,12,150,200,-3,2.1,0.11,341.631,4.813,309.871,294.928
1,2,13,786,90,-3,2.1,0.11,667.471,12.423,606.212,580.768
1,2,14,709,78,-4,2.1,0.11,518.541,8.008,477.904,457.007
1,2,15,556,56,-5,2,0.11,309.311,2.299,275.764,262.029
1,2,16,166,16,-6,2,0.11,52.617,-5.036,25.458,20.593
1,2,17,0,0,-7,2,0.11,0,-7,0,0
1,2,18,0,0,-7,2.1,0.11,0,-7,0,0
1,2,19,0,0,-8,2,0.11,0,-8,0,0
1,2,20,0,0,-8,2,0.11,0,-8,0,0
1,2,21,0,0,-8,2,0.11,0,-8,0,0
1,2,22,0,0,-9,2,0.11,0,-9,0,0
1,2,23,0,0,-9,2.1,0.11,0,-9,0,0
1,3,0,0,0,-8,2.1,0.11,0,-8,0,0
1,3,1,0,0,-8,2.1,0.11,0,-8,0,0
1,3,2,0,0,-8,2.1,0.11,0,-8,0,0
1,3,3,0,0,-8,2.1,0.11,0,-8,0,0
1,3,4,0,0,-8,2.1,0.11,0,-8,0,0
1,3,5,0,0,-8,2.1,0.11,0,-8,0,0
1,3,6,0,0,-8,2.1,0.11,0,-8,0,0
1,3,7,0,0,-8,2.1,0.11,0,0,0,0
1,3,8,299,54,-7,2.2,0.11,188.335,-2.751,165.65,155.817
1,3,9,49,118,-7,2.2,0.11,155.509,-3.516,142.438,133.427
1,3,10,92,169,-6,2.2,0.11,247.105,-0.463,226.719,214.722
1,3,11,814,91,-6,2.2,0.11,725.956,10.443,662.757,635.309
1,3,12,56,191,-5,2.2,0.11,250.168,0.589,227.433,215.411
1,3,13,333,160,-5,2.1,0.11,422.79,4.716,388.642,370.908
1,3,14,43,127,-5,2,0.11,163.052,-1.203,148.268,139.051
1,3,15,165,73,-5,2,0.11,159.741,-1.255,142.296,133.29
1,3,16,0,15,-6,1.9,0.11,14.89,-5.705,8.02,3.772
1,3,17,0,0,-6,1.9,0.11,0,-6,0,0
1,3,18,0,0,-6,1.8,0.11,0,-6,0,0
1,3,19,0,0,-6,1.7,0.11,0,-6,0,0
1,3,20,0,0,-6,1.6,0.11,0,-6,0,0
1,3,21,0,0,-6,1.6,0.11,0,-6,0,0
1,3,22,0,0,-7,1.5,0.11,0,-7,0,0
1,3,23,0,0,-7,1.4,0.11,0,-7,0,0
1,4,0,0,0,-7,1.4,0.11,0,-7,0,0
1,4,1,0,0,-7,1.4,0.11,0,-7,0,0
1,4,2,0,0,-7,1.4,0.11,0,-7,0,0
1,4,3,0,0,-7,1.3,0.11,0,-7,0,0
1,4,4,0,0,-7,1.2,0.11,0,-7,0,0
1,4,5,0,0,-7,1.1,0.11,0,-7,0,0
1,4,6,0,0,-7,1.1,0.11,0,-7,0,0
1,4,7,0,0,-6,1.1,0.11,0,0,0,0
1,4,8,549,44,-5,1.2,0.11,273.41,2.675,237.216,224.847
1,4,9,730,63,-4,1.4,0.11,491.144,9.222,450.779,430.842
1,4,10,815,73,-3,1.4,0.11,651.579,14.5,588.313,563.503
1,4,11,399,168,-3,1.4,0.11,508.01,10.561,458.608,438.394
1,4,12,228,197,-2,1.3,0.11,396.373,8.796,356.718,340.114
1,4,13,411,148,-2,1.3,0.11,473.217,10.944,427.392,408.284
1,4,14,167,133,-3,1.2,0.11,250.431,3.995,227.832,215.796
1,4,15,0,27,-3,1.1,0.11,25.994,-2.266,21.937,17.196
1,4,16,0,4,-3,1,0.11,3.84,-2.906,1.929,0
1,4,17,0,0,-4,1,0.11,0,-4,0,0
1,4,18,0,0,-4,1,0.11,0,-4,0,0
1,4,19,0,0,-5,1,0.11,0,-5,0,0
1,4,20,0,0,-5,0.9,0.11,0,-5,0,0
1,4,21,0,0,-6,0.8,0.11,0,-6,0,0
1,4,22,0,0,-7,0.8,0.11,0,-7,0,0
1,4,23,0,0,-7,0.8,0.11,0,-7,0,0
1,5,0,0,0,-7,0.7,0.11,0,-7,0,0
1,5,1,0,0,-8,0.7,0.11,0,-8,0,0
1,5,2,0,0,-8,0.7,0.11,0,-8,0,0
1,5,3,0,0,-8,0.7,0.11,0,-8,0,0
1,5,4,0,0,-8,0.7,0.11,0,-8,0,0
1,5,5,0,0,-8,0.7,0.11,0,-8,0,0
1,5,6,0,0,-8,0.7,0.11,0,-8,0,0
1,5,7,0,0,-7,0.8,0.11,0,0,0,0
1,5,8,582,44,-5,1.1,0.11,285.647,3.218,247.549,234.814
1,5,9,764,63,-3,1.3,0.11,509.948,11.054,465.502,445.044
1,5,10,838,75,-2,1.4,0.11,670.042,15.991,602.053,576.756
1,5,11,864,81,-1,1.5,0.11,753.068,18.751,668.768,641.107
1,5,12,198,201,-1,1.5,0.11,379.031,8.85,340.323,324.301
1,5,13,85,180,-1,1.4,0.11,256.43,5.8,230.101,217.984
1,5,14,9,120,-1,1.2,0.11,128.044,2.546,113.668,105.677
1,5,15,0,67,-2,1,0.11,68.127,-0.023,59.099,53.042
1,5,16,0,27,-2,0.9,0.11,29.831,-1.246,16.188,11.651
1,5,17,0,0,-3,0.9,0.11,0,-3,0,0
1,5,18,0,0,-4,0.9,0.11,0,-4,0,0
1,5,19,0,0,-4,0.9,0.11,0,-4,0,0
1,5,20,0,0,-4,0.9,0.11,0,-4,0,0
1,5,21,0,0,-5,0.9,0.11,0,-5,0,0
1,5,22,0,0,-5,0.9,0.11,0,-5,0,0
1,5,23,0,0,-6,0.9,0.11,0,-6,0,0
1,6,0,0,0,-5,0.8,0.11,0,-5,0,0
1,6,1,0,0,-5,0.8,0.11,0,-5,0,0
1,6,2,0,0,-5,0.8,0.11,0,-5,0,0
1,6,3,0,0,-5,0.8,0.11,0,-5,0,0
1,6,4,0,0,-5,0.8,0.11,0,-5,0,0
1,6,5,0,0,-5,0.8,0.11,0,-5,0,0
1,6,6,0,0,-5,0.8,0.11,0,-5,0,0
1,6,7,0,0,-4,0.9,0.11,0,0,0,0
1,6,8,0,8,-2,1.2,0.11,7.685,-1.789,6.112,1.932
1,6,9,0,13,-1,1.4,0.11,12.503,-0.671,10.292,5.964
1,6,10,0,31,0,1.5,0.11,29.866,0.768,25.217,20.36
1,6,11,0,57,0,1.5,0.11,55.002,1.413,47.24,41.603
1,6,12,0,131,0,1.6,0.11,130.555,3.284,114.742,106.712
1,6,13,325,164,0,1.6,0.11,423.493,10.803,381.06,363.594
1,6,14,777,67,0,1.5,0.11,549.156,14.435,496.036,474.496
1,6,15,324,67,0,1.4,0.11,227.355,6.092,199.809,188.765
1,6,16,0,22,-1,1.3,0.11,22.896,-0.478,12.256,7.858
1,6,17,0,0,-1,1.3,0.11,0,-1,0,0
1,6,18,0,0,-2,1.3,0.11,0,-2,0,0
1,6,19,0,0,-2,1.2,0.11,0,-2,0,0
1,6,20,0,0,-3,1.1,0.11,0,-3,0,0
1,6,21,0,0,-3,1,0.11,0,-3,0,0
1,6,22,0,0,-4,1,0.11,0,-4,0,0
1,6,23,0,0,-4,1,0.11,0,-4,0,0
1,7,0,0,0,-4,1,0.11,0,-4,0,0
1,7,1,0,0,-4,1,0.11,0,-4,0,0
1,7,2,0,0,-4,0.9,0.11,0,-4,0,0
1,7,3,0,0,-4,0.9,0.11,0,-4,0,0
1,7,4,0,0,-4,0.8,0.11,0,-4,0,0
1,7,5,0,0,-5,0.8,0.11,0,-5,0,0
1,7,6,0,0,-5,0.8,0.11,0,-5,0,0
1,7,7,0,0,-4,0.8,0.11,0,0,0,0
1,7,8,592,42,-2,1,0.11,284.043,6.374,243.333,230.747
1,7,9,770,59,0,1.1,0.11,509.166,14.722,459.053,438.824
1,7,10,836,71,0,1.1,0.11,665.03,19.182,590.941,566.038
1,7,11,857,79,1,1.1,0.11,747.441,22.542,654.899,627.73
1,7,12,854,81,1,1,0.11,754.419,23.287,659.014,631.699
1,7,13,830,76,1,0.9,0.11,685.856,21.806,603.34,577.998
1,7,14,742,72,0,0.8,0.11,538.865,16.812,482.33,461.276
1,7,15,562,58,0,0.6,0.11,321.408,10.582,280.771,266.858
1,7,16,178,20,0,0.5,0.11,70.34,1.895,34.753,29.558
1,7,17,0,0,-1,0.5,0.11,0,-1,0,0
1,7,18,0,0,-2,0.5,0.11,0,-2,0,0
1,7,19,0,0,-3,0.5,0.87,0,-3,0,0
1,7,20,0,0,-2,0.5,0.87,0,-2,0,0
1,7,21,0,0,-2,0.4,0.87,0,-2,0,0
1,7,22,0,0,-2,0.4,0.87,0,-2,0,0
1,7,23,0,0,-2,0.4,0.87,0,-2,0,0
1,8,0,0,0,-2,0.4,0.87,0,-2,0,0
1,8,1,0,0,-3,0.3,0.87,0,-3,0,0
1,8,2,0,0,-3,0.3,0.87,0,-3,0,0
1,8,3,0,0,-3,0.3,0.87,0,-3,0,0
1,8,4,0,0,-3,0.3,0.87,0,-3,0,0
1,8,5,0,0,-3,0.3,0.87,0,-3,0,0
1,8,6,0,0,-3,0.3,0.87,0,-3,0,0
1,8,7,0,0,-2,0.5,0.87,0,0,0,0
1,8,8,295,79,-1,0.9,0.87,234.935,5.542,202.74,191.592
1,8,9,513,127,-1,1.4,0.87,518.753,11.049,470.484,449.849
1,8,10,419,141,0,1.6,0.87,546.489,11.974,492.507,471.092
1,8,11,83,198,0,1.7,0.87,337.515,7.004,302.496,287.814
1,8,12,94,204,0,1.8,0.87,355.834,7.25,319.016,303.748
1,8,13,90,182,0,1.8,0.87,317.697,6.464,285.652,271.566
1,8,14,571,131,-1,1.7,0.87,590.64,11.775,535.608,512.666
1,8,15,435,86,-1,1.5,0.87,332.419,6.894,295.089,280.669
1,8,16,136,24,-2,1.3,0.87,70.541,-0.535,36.197,30.951
1,8,17,0,0,-3,1.3,0.87,0,-3,0,0
1,8,18,0,0,-4,1.2,0.87,0,-4,0,0
1,8,19,0,0,-4,1.2,0.87,0,-4,0,0
1,8,20,0,0,-5,1.1,0.87,0,-5,0,0
1,8,21,0,0,-5,1.1,0.87,0,-5,0,0
1,8,22,0,0,-5,1.1,0.87,0,-5,0,0
1,8,23,0,0,-6,1.2,0.87,0,-6,0,0
1,9,0,0,0,-6,1.2,0.87,0,-6,0,0
1,9,1,0,0,-7,1.2,0.87,0,-7,0,0
1,9,2,0,0,-7,1.1,0.87,0,-7,0,0
1,9,3,0,0,-8,1,0.87,0,-8,0,0
1,9,4,0,0,-8,1,0.87,0,-8,0,0
1,9,5,0,0,-8,0.9,0.87,0,-8,0,0
1,9,6,0,0,-9,0.9,0.87,0,-9,0,0
1,9,7,0,0,-8,1,0.87,0,0,0,0
1,9,8,611,47,-6,1.2,0.87,317.039,2.458,276.489,262.728
1,9,9,797,68,-4,1.4,0.87,615.04,10.515,562.714,538.811
1,9,10,889,78,-3,1.4,0.87,826.806,16.265,741.308,711.077
1,9,11,932,82,-2,1.4,0.87,945.177,19.934,834.156,800.635
1,9,12,941,80,-2,1.4,0.87,955.384,20.273,841.823,808.03
1,9,13,919,75,-2,1.4,0.87,875.86,18.357,779.041,747.473
1,9,14,860,65,-2,1.2,0.87,697.882,15.123,629.487,603.219
1,9,15,729,48,-3,1,0.87,418.456,8.414,371.655,354.523
1,9,16,366,20,-5,0.9,0.87,119.306,-2.252,59.621,53.545
1,9,17,0,0,-6,0.9,0.87,0,-6,0,0
1,9,18,0,0,-7,0.9,0.87,0,-7,0,0
1,9,19,0,0,-8,0.9,0.11,0,-8,0,0
1,9,20,0,0,-8,0.9,0.11,0,-8,0,0
1,9,21,0,0,-9,0.8,0.11,0,-9,0,0
1,9,22,0,0,-10,0.8,0.11,0,-10,0,0
1,9,23,0,0,-10,0.8,0.11,0,-10,0,0
1,10,0,0,0,-11,0.8,0.11,0,-11,0,0
1,10,1,0,0,-11,0.8,0.11,0,-11,0,0
1,10,2,0,0,-11,0.8,0.11,0,-11,0,0
1,10,3,0,0,-12,0.8,0.11,0,-12,0,0
1,10,4,0,0,-12,0.8,0.11,0,-12,0,0
1,10,5,0,0,-12,0.8,0.11,0,-12,0,0
1,10,6,0,0,-13,0.8,0.11,0,-13,0,0
1,10,7,0,0,-11,0.8,0.11,0,0,0,0
1,10,8,653,39,-9,1,0.11,304.11,-0.036,266.785,253.368
1,10,9,823,55,-7,1.2,0.11,534.691,8.092,493.717,472.259
1,10,10,889,66,-5,1.2,0.11,696.86,14.628,629.403,603.138
1,10,11,919,70,-3,1.2,0.11,780.55,18.969,692.899,664.383
1,10,12,919,71,-2,1.2,0.11,790.069,20.232,697.979,669.284
1,10,13,894,67,-2,1.1,0.11,720.293,18.783,640.833,614.162
1,10,14,830,60,-2,1,0.11,580.237,15.189,523.35,500.843
1,10,15,696,46,-4,0.7,0.11,368.547,7.81,327.495,311.927
1,10,16,342,20,-6,0.6,0.11,110.628,-3.133,55.406,49.479
1,10,17,0,0,-7,0.6,0.11,0,-7,0,0
1,10,18,0,0,-8,0.6,0.11,0,-8,0,0
1,10,19,0,0,-8,0.6,0.11,0,-8,0,0
1,10,20,0,0,-8,0.7,0.11,0,-8,0,0
1,10,21,0,0,-9,0.7,0.11,0,-9,0,0
1,10,22,0,0,-9,0.7,0.11,0,-9,0,0
1,10,23,0,0,-9,0.7,0.11,0,-9,0,0
1,11,0,0,0,-10,0.7,0.11,0,-10,0,0
1,11,1,0,0,-10,0.7,0.11,0,-10,0,0
1,11,2,0,0,-10,0.7,0.11,0,-10,0,0
1,11,3,0,0,-10,0.7,0.11,0,-10,0,0
1,11,4,0,0,-11,0.7,0.11,0,-11,0,0
1,11,5,0,0,-11,0.7,0.11,0,-11,0,0
1,11,6,0,0,-11,0.7,0.11,0,-11,0,0
1,11,7,0,0,-10,0.7,0.11,0,0,0,0
1,11,8,569,48,-7,0.8,0.11,284.904,1.841,248.511,235.741
1,11,9,298,114,-5,1,0.11,303.143,3.931,278.406,264.578
1,11,10,441,139,-4,0.9,0.11,477.123,10.415,432.199,412.921
1,11,11,424,169,-2,0.8,0.11,530.956,14.45,473.097,452.37
1,11,12,412,175,-2,0.7,0.11,533.048,14.959,473.755,453.005
1,11,13,521,133,-1,0.7,0.11,539.19,16.203,479.788,458.824
1,11,14,778,71,-1,0.6,0.11,564.195,17.581,504.074,482.249
1,11,15,619,56,-3,0.4,0.11,350.582,9.237,310.131,295.179
1,11,16,259,23,-4,0.4,0.11,96.866,-1.309,48.968,43.269
1,11,17,0,0,-4,0.4,0.11,0,-4,0,0
1,11,18,0,0,-5,0.4,0.11,0,-5,0,0
1,11,19,0,0,-5,0.4,0.11,0,-5,0,0
1,11,20,0,0,-5,0.3,0.11,0,-5,0,0
1,11,21,0,0,-5,0.3,0.11,0,-5,0,0
1,11,22,0,0,-5,0.3,0.11,0,-5,0,0
1,11,23,0,0,-5,0.4,0.11,0,-5,0,0
1,12,0,0,0,-5,0.4,0.11,0,-5,0,0
1,12,1,0,0,-6,0.4,0.11,0,-6,0,0
1,12,2,0,0,-7,0.5,0.11,0,-7,0,0
1,12,3,0,0,-7,0.6,0.11,0,-7,0,0
1,12,4,0,0,-7,0.7,0.11,0,-7,0,0
1,12,5,0,0,-7,0.7,0.11,0,-7,0,0
1,12,6,0,0,-7,0.7,0.11,0,-7,0,0
1,12,7,0,0,-6,0.8,0.11,0,0,0,0
1,12,8,0,30,-4,0.9,0.11,28.897,-3.144,24.397,19.569
1,12,9,0,95,-2,1.1,0.11,95.15,0.696,84.117,77.173
1,12,10,692,111,0,1.2,0.11,620.394,17.429,552.635,529.09
1,12,11,744,116,0,1.3,0.11,715.485,19.622,631.493,605.153
1,12,12,754,117,0,1.4,0.11,731.883,19.606,645.816,618.969
1,12,13,763,101,0,1.4,0.11,680.015,18.235,604.384,579.004
1,12,14,704,87,0,1.3,0.11,543.154,14.923,488.859,467.574
1,12,15,585,62,-1,1.2,0.11,344.134,8.683,305.323,290.54
1,12,16,257,25,-2,1.1,0.11,99.496,0.292,50.318,44.571
1,12,17,0,0,-3,1.1,0.11,0,-3,0,0
1,12,18,0,0,-3,1.1,0.11,0,-3,0,0
1,12,19,0,0,-4,1,0.11,0,-4,0,0
1,12,20,0,0,-5,0.9,0.11,0,-5,0,0
1,12,21,0,0,-5,0.9,0.11,0,-5,0,0
1,12,22,0,0,-6,0.9,0.11,0,-6,0,0
1,12,23,0,0,-6,0.8,0.11,0,-6,0,0
1,13,0,0,0,-6,0.8,0.11,0,-6,0,0
1,13,1,0,0,-6,0.7,0.11,0,-6,0,0
1,13,2,0,0,-6,0.7,0.11,0,-6,0,0
1,13,3,0,0,-6,0.7,0.11,0,-6,0,0
1,13,4,0,0,-6,0.6,0.11,0,-6,0,0
1,13,5,0,0,-6,0.6,0.11,0,-6,0,0
1,13,6,0,0,-6,0.5,0.11,0,-6,0,0
1,13,7,0,0,-5,0.6,0.11,0,0,0,0
1,13,8,0,36,-3,0.9,0.11,34.702,-1.972,29.375,24.371
1,13,9,49,123,-1,1.1,0.11,160.733,3.577,143.724,134.668
1,13,10,38,165,0,1.2,0.11,204.499,5.67,181.937,171.527
1,13,11,3,158,0,1.2,0.11,161.91,4.469,142.649,133.631
1,13,12,29,188,0,1.2,0.11,225.015,6.227,199.328,188.302
1,13,13,2,148,1,1.2,0.11,151.058,5.172,132.738,124.071
1,13,14,784,68,0,1,0.11,568.336,16.822,509.17,487.164
1,13,15,89,87,0,0.7,0.11,140.143,4.44,123.133,114.807
1,13,16,8,24,-2,0.6,0.11,27.621,-1.249,14.771,10.284
1,13,17,0,0,-3,0.6,0.11,0,-3,0,0
1,13,18,0,0,-3,0.5,0.11,0,-3,0,0
1,13,19,0,0,-4,0.5,0.11,0,-4,0,0
1,13,20,0,0,-4,0.5,0.11,0,-4,0,0
1,13,21,0,0,-5,0.5,0.11,0,-5,0,0
1,13,22,0,0,-5,0.5,0.11,0,-5,0,0
1,13,23,0,0,-5,0.6,0.11,0,-5,0,0
1,14,0,0,0,-5,0.6,0.11,0,-5,0,0
1,14,1,0,0,-5,0.6,0.11,0,-5,0,0
1,14,2,0,0,-5,0.5,0.11,0,-5,0,0
1,14,3,0,0,-6,0.5,0.11,0,-6,0,0
1,14,4,0,0,-6,0.4,0.11,0,-6,0,0
1,14,5,0,0,-6,0.4,0.11,0,-6,0,0
1,14,6,0,0,-6,0.4,0.11,0,-6,0,0
1,14,7,0,0,-4,0.4,0.11,0,0,0,0
1,14,8,495,51,-1,0.4,0.11,260.536,8.043,222.498,210.65
1,14,9,684,74,1,0.4,0.11,484.343,17.912,430.882,411.651
1,14,10,775,85,3,0.4,0.11,645.667,25.498,560.017,536.21
1,14,11,818,90,4,0.4,0.11,739.811,29.772,630.645,604.335
1,14,12,830,89,5,0.5,0.11,756.841,30.593,643.065,616.315
1,14,13,809,85,5,0.5,0.11,694.54,28.501,595.672,570.602
1,14,14,746,76,4,0.5,0.11,559.315,22.954,489.873,468.551
1,14,15,610,59,1,0.4,0.11,355.707,13.401,311.53,296.528
1,14,16,282,26,0,0.5,0.11,109.425,3.109,59.83,53.746
1,14,17,0,0,-1,0.5,0.11,0,-1,0,0
1,14,18,0,0,-1,0.6,0.11,0,-1,0,0
1,14,19,0,0,0,0.7,0.11,0,0,0,0
1,14,20,0,0,0,0.7,0.11,0,0,0,0
1,14,21,0,0,-1,0.7,0.11,0,-1,0,0
1,14,22,0,0,-1,0.7,0.11,0,-1,0,0
1,14,23,0,0,-1,0.6,0.11,0,-1,0,0
1,15,0,0,0,-1,0.6,0.11,0,-1,0,0
1,15,1,0,0,-2,0.6,0.11,0,-2,0,0
1,15,2,0,0,-2,0.5,0.11,0,-2,0,0
1,15,3,0,0,-3,0.5,0.11,0,-3,0,0
1,15,4,0,0,-3,0.6,0.11,0,-3,0,0
1,15,5,0,0,-2,0.6,0.11,0,-2,0,0
1,15,6,0,0,-2,0.6,0.11,0,-2,0,0
1,15,7,0,0,-1,0.6,0.11,0,0,0,0
1,15,8,0,52,0,0.6,0.11,51.819,1.669,43.94,38.42
1,15,9,57,126,1,0.6,0.11,168.622,6.483,149.512,140.251
1,15,10,38,166,3,0.7,0.11,205.38,9.476,180.223,169.874
1,15,11,398,179,4,0.7,0.11,525.516,20.71,457.377,437.207
1,15,12,550,148,5,0.7,0.11,610.571,24.47,526.888,504.254
1,15,13,106,193,5,0.6,0.11,286.799,14.327,250.248,237.417
1,15,14,664,94,4,0.6,0.11,532.371,21.504,467.652,447.118
1,15,15,49,88,2,0.6,0.11,117.597,5.822,102.337,94.747
1,15,16,232,29,1,0.6,0.11,101.512,3.921,60.057,53.966
1,15,17,0,0,1,0.7,0.11,0,1,0,0
1,15,18,0,0,1,0.7,0.11,0,1,0,0
1,15,19,0,0,0,0.6,0.11,0,0,0,0
1,15,20,0,0,0,0.5,0.11,0,0,0,0
1,15,21,0,0,0,0.5,0.11,0,0,0,0
1,15,22,0,0,-1,0.5,0.11,0,-1,0,0
1,15,23,0,0,-1,0.5,0.11,0,-1,0,0
1,16,0,0,0,-2,0.5,0.11,0,-2,0,0
1,16,1,0,0,-2,0.5,0.11,0,-2,0,0
1,16,2,0,0,-2,0.5,0.11,0,-2,0,0
1,16,3,0,0,-2,0.5,0.11,0,-2,0,0
1,16,4,0,0,-2,0.5,0.11,0,-2,0,0
1,16,5,0,0,-2,0.6,0.11,0,-2,0,0
1,16,6,0,0,-1,0.5,0.11,0,-1,0,0
1,16,7,0,0,0,0.6,0.11,0,0,0,0
1,16,8,494,57,1,0.7,0.11,266.924,9.495,227.39,215.369
1,16,9,665,86,3,0.8,0.11,488.824,18.225,434.164,414.816
1,16,10,33,165,5,0.9,0.11,200.583,10.993,174.83,164.672
1,16,11,384,183,6,1.2,0.11,509.1,20.241,443.457,423.78
1,16,12,357,193,7,1.2,0.11,504.706,21.106,437.602,418.133
1,16,13,315,179,7,1,0.11,440.258,19.93,383.038,365.502
1,16,14,301,138,6,0.7,0.11,349.744,17.134,307.279,292.427
1,16,15,128,98,3,0.5,0.11,171.726,8.765,149.899,140.624
1,16,16,15,27,1,0.5,0.11,33.005,2.014,21.46,16.736
1,16,17,0,0,0,0.5,0.11,0,0,0,0
1,16,18,0,0,0,0.5,0.11,0,0,0,0
1,16,19,0,0,0,0.5,0.11,0,0,0,0
1,16,20,0,0,0,0.4,0.11,0,0,0,0
1,16,21,0,0,0,0.4,0.11,0,0,0,0
1,16,22,0,0,0,0.4,0.11,0,0,0,0
1,16,23,0,0,0,0.3,0.11,0,0,0,0
1,17,0,0,0,0,0.3,0.11,0,0,0,0
1,17,1,0,0,0,0.3,0.11,0,0,0,0
1,17,2,0,0,0,0.3,0.11,0,0,0,0
1,17,3,0,0,0,0.4,0.11,0,0,0,0
1,17,4,0,0,0,0.5,0.11,0,0,0,0
1,17,5,0,0,0,0.6,0.11,0,0,0,0
1,17,6,0,0,0,0.6,0.11,0,0,0,0
1,17,7,0,0,0,0.6,0.11,0,0,0,0
1,17,8,0,5,0,0.8,0.11,4.802,0.146,3.727,0
1,17,9,0,11,0,0.9,0.11,10.579,0.315,8.612,4.344
1,17,10,0,17,1,1.1,0.11,16.368,1.463,13.439,8.999
1,17,11,0,21,1,1.2,0.11,20.233,1.557,16.681,12.126
1,17,12,0,25,2,1.3,0.11,24.093,2.648,19.898,15.23
1,17,13,0,18,2,1.5,0.11,17.336,2.446,14.181,9.715
1,17,14,667,85,1,1.5,0.11,527.429,14.835,474.314,453.543
1,17,15,572,60,1,1.6,0.11,345.207,9.846,307.114,292.268
1,17,16,263,28,1,1.8,0.11,110.956,3.487,72.568,66.033
1,17,17,0,0,2,1.9,0.11,0,2,0,0
1,17,18,0,0,2,1.8,0.11,0,2,0,0
1,17,19,0,0,2,1.6,0.11,0,2,0,0
1,17,20,0,0,2,1.4,0.11,0,2,0,0
1,17,21,0,0,2,1.3,0.11,0,2,0,0
1,17,22,0,0,1,1.2,0.11,0,1,0,0
1,17,23,0,0,1,1.2,0.11,0,1,0,0
1,18,0,0,0,1,1.3,0.11,0,1,0,0
1,18,1,0,0,1,1.3,0.11,0,1,0,0
1,18,2,0,0,1,1.2,0.11,0,1,0,0
1,18,3,0,0,1,1.2,0.11,0,1,0,0
1,18,4,0,0,1,1.2,0.11,0,1,0,0
1,18,5,0,0,1,1.2,0.11,0,1,0,0
1,18,6,0,0,1,1.2,0.11,0,1,0,0
1,18,7,0,0,1,1.2,0.11,0,0,0,0
1,18,8,553,45,2,1.3,0.11,277.507,9.586,236.567,224.221
1,18,9,744,62,4,1.4,0.11,504.465,17.559,450.138,430.224
1,18,10,849,66,6,1.4,0.11,678.627,24.221,591.949,567.01
1,18,11,873,74,7,1.4,0.11,768.573,27.624,660.509,633.141
1,18,12,866,79,8,1.3,0.11,779.996,29.415,665.517,637.972
1,18,13,847,74,8,1.2,0.11,717.216,28.177,615.891,590.104
1,18,14,775,70,7,0.9,0.11,576.06,24.481,502.046,480.293
1,18,15,637,57,5,0.6,0.11,373.273,17.275,324.549,309.085
1,18,16,337,28,2,0.5,0.11,131.771,6.121,88.162,81.075
1,18,17,0,0,0,0.5,0.11,0,0,0,0
1,18,18,0,0,0,0.5,0.11,0,0,0,0
1,18,19,0,0,0,0.5,0.11,0,0,0,0
1,18,20,0,0,0,0.5,0.11,0,0,0,0
1,18,21,0,0,0,0.6,0.11,0,0,0,0
1,18,22,0,0,0,0.8,0.11,0,0,0,0
1,18,23,0,0,0,0.8,0.11,0,0,0,0
1,19,0,0,0,0,0.9,0.11,0,0,0,0
1,19,1,0,0,0,0.9,0.11,0,0,0,0
1,19,2,0,0,0,0.9,0.11,0,0,0,0
1,19,3,0,0,0,0.9,0.11,0,0,0,0
1,19,4,0,0,0,0.8,0.11,0,0,0,0
1,19,5,0,0,0,0.6,0.11,0,0,0,0
1,19,6,0,0,1,0.5,0.11,0,1,0,0
1,19,7,0,0,1,0.5,0.11,0,0,0,0
1,19,8,0,33,2,0.4,0.11,31.795,3.084,26.369,21.471
1,19,9,263,125,4,0.4,0.11,298.126,14.338,263.516,250.215
1,19,10,92,183,6,0.5,0.11,262.815,14.79,228.471,216.412
1,19,11,90,213,7,0.6,0.11,300.958,16.771,259.609,246.447
1,19,12,0,35,8,0.7,0.11,33.747,9.057,27.502,22.564
1,19,13,101,200,8,0.8,0.11,291.642,16.97,251.851,238.964
1,19,14,79,154,7,0.6,0.11,216.353,14.034,188.01,177.385
1,19,15,417,91,5,0.5,0.11,310.064,15.458,270.088,256.554
1,19,16,154,36,3,0.5,0.11,93.887,5.991,66.18,59.871
1,19,17,0,0,1,0.5,0.11,0,1,0,0
1,19,18,0,0,0,0.6,0.11,0,0,0,0
1,19,19,0,0,0,0.6,0.11,0,0,0,0
1,19,20,0,0,0,0.7,0.11,0,0,0,0
1,19,21,0,0,0,0.6,0.11,0,0,0,0
1,19,22,0,0,-1,0.6,0.11,0,-1,0,0
1,19,23,0,0,-2,0.6,0.11,0,-2,0,0
1,20,0,0,0,-2,0.6,0.11,0,-2,0,0
1,20,1,0,0,-2,0.6,0.11,0,-2,0,0
1,20,2,0,0,-2,0.6,0.11,0,-2,0,0
1,20,3,0,0,-3,0.6,0.11,0,-3,0,0
1,20,4,0,0,-3,0.6,0.11,0,-3,0,0
1,20,5,0,0,-3,0.6,0.11,0,-3,0,0
1,20,6,0,0,-2,0.6,0.11,0,-2,0,0
1,20,7,91,10,-1,0.8,0.11,15.367,-0.623,7.303,3.081
1,20,8,523,56,0,0.9,0.11,279.063,8.413,239.695,227.238
1,20,9,705,80,2,1,0.11,507.921,17.019,453.583,433.547
1,20,10,794,93,3,1.1,0.11,678.052,22.545,593.98,568.97
1,20,11,821,103,3,1.1,0.11,766.664,25.067,663.862,636.375
1,20,12,820,107,3,1.2,0.11,784.629,25.053,678.935,650.914
1,20,13,328,195,3,1.1,0.11,471.503,16.503,415.375,396.693
1,20,14,730,92,2,0.9,0.11,580.545,19.607,514.075,491.896
1,20,15,608,70,1,0.6,0.11,378.375,13.429,334.354,318.543
1,20,16,326,33,-1,0.4,0.11,135.824,3.464,97.182,89.775
1,20,17,0,0,-2,0.5,0.11,0,-2,0,0
1,20,18,0,0,-2,0.5,0.11,0,-2,0,0
1,20,19,0,0,-2,0.6,0.11,0,-2,0,0
1,20,20,0,0,-2,0.6,0.11,0,-2,0,0
1,20,21,0,0,-2,0.7,0.11,0,-2,0,0
1,20,22,0,0,-3,0.7,0.11,0,-3,0,0
1,20,23,0,0,-3,0.7,0.11,0,-3,0,0
1,21,0,0,0,-3,0.7,0.11,0,-3,0,0
1,21,1,0,0,-3,0.7,0.11,0,-3,0,0
1,21,2,0,0,-3,0.7,0.11,0,-3,0,0
1,21,3,0,0,-3,0.7,0.11,0,-3,0,0
1,21,4,0,0,-3,0.7,0.11,0,-3,0,0
1,21,5,0,0,-3,0.8,0.11,0,-3,0,0
1,21,6,0,0,-3,0.6,0.11,0,-3,0,0
1,21,7,0,14,-2,0.6,0.11,13.897,-1.623,7.334,3.111
1,21,8,645,45,0,0.8,0.11,312.495,9.674,267.726,254.276
1,21,9,814,62,1,0.8,0.11,547.161,18.066,488.166,466.905
1,21,10,886,72,2,0.7,0.11,715.95,24.919,622.934,596.898
1,21,11,921,76,3,0.5,0.11,807.744,30.35,687.348,659.029
1,21,12,411,190,4,0.6,0.11,557.89,22.242,482.465,461.406
1,21,13,899,76,4,0.7,0.11,764.494,28.466,655.816,628.614
1,21,14,378,136,3,0.5,0.11,408.38,16.762,360.843,344.094
1,21,15,717,56,1,0.4,0.11,413.098,15.398,363.873,347.016
1,21,16,427,30,-1,0.4,0.11,161.074,4.323,116.505,108.414
1,21,17,0,0,-2,0.5,0.11,0,-2,0,0
1,21,18,0,0,-1,0.5,0.11,0,-1,0,0
1,21,19,0,0,-1,0.5,0.11,0,-1,0,0
1,21,20,0,0,-1,0.5,0.11,0,-1,0,0
1,21,21,0,0,-1,0.6,0.11,0,-1,0,0
1,21,22,0,0,-1,0.6,0.11,0,-1,0,0
1,21,23,0,0,-1,0.7,0.11,0,-1,0,0
1,22,0,0,0,0,0.8,0.11,0,0,0,0
1,22,1,0,0,0,0.9,0.11,0,0,0,0
1,22,2,0,0,0,1,0.11,0,0,0,0
1,22,3,0,0,0,1,0.11,0,0,0,0
1,22,4,0,0,0,0.9,0.11,0,0,0,0
1,22,5,0,0,-1,0.9,0.11,0,-1,0,0
1,22,6,0,0,-1,0.9,0.11,0,-1,0,0
1,22,7,0,8,0,1,0.11,7.941,0.193,4.061,0
1,22,8,160,71,0,1.1,0.11,149.287,4.259,129.102,120.564
1,22,9,313,123,1,1.2,0.11,324.691,10.092,292.349,278.027
1,22,10,128,190,2,1.2,0.11,305.37,10.496,270.914,257.351
1,22,11,116,221,3,1.1,0.11,340.858,12.705,299.396,284.824
1,22,12,65,218,4,1.1,0.11,287.633,12.171,251.222,238.357
1,22,13,467,161,4,1,0.11,546.052,20.067,477.599,456.713
1,22,14,318,147,3,0.7,0.11,375.414,14.944,332.735,316.981
1,22,15,125,101,1,0.5,0.11,174.554,6.852,154.203,144.775
1,22,16,63,34,0,0.4,0.11,57.657,1.927,43.666,38.155
1,22,17,0,0,-1,0.5,0.11,0,-1,0,0
1,22,18,0,0,-1,0.5,0.11,0,-1,0,0
1,22,19,0,0,-2,0.5,0.11,0,-2,0,0
1,22,20,0,0,-2,0.6,0.11,0,-2,0,0
1,22,21,0,0,-2,0.6,0.11,0,-2,0,0
1,22,22,0,0,-2,0.7,0.11,0,-2,0,0
1,22,23,0,0,-2,0.7,0.11,0,-2,0,0
1,23,0,0,0,-2,0.6,0.11,0,-2,0,0
1,23,1,0,0,-2,0.6,0.11,0,-2,0,0
1,23,2,0,0,-3,0.6,0.11,0,-3,0,0
1,23,3,0,0,-3,0.6,0.11,0,-3,0,0
1,23,4,0,0,-3,0.6,0.11,0,-3,0,0
1,23,5,0,0,-3,0.7,0.11,0,-3,0,0
1,23,6,0,0,-3,0.8,0.11,0,-3,0,0
1,23,7,195,12,-2,0.9,0.11,26.065,-1.395,11.978,7.59
1,23,8,673,45,0,1,0.11,325.098,9.552,279.516,265.648
1,23,9,844,59,0,0.9,0.11,563.419,17.112,504.672,482.826
1,23,10,925,66,2,0.7,0.11,734.844,25.519,638.24,611.661
1,23,11,957,69,3,0.5,0.11,831.388,31.15,705.454,676.494
1,23,12,961,70,4,0.3,0.11,848.881,34.507,711.019,681.861
1,23,13,942,67,4,0.3,0.11,785.435,32.234,664.819,637.298
1,23,14,886,62,3,0.3,0.11,643.795,26.171,558.662,534.903
1,23,15,214,99,2,0.5,0.11,220.916,9.424,195.171,184.291
1,23,16,93,37,0,0.9,0.11,73.91,2.16,56.763,50.788
1,23,17,0,0,-1,0.8,0.11,0,-1,0,0
1,23,18,0,0,-2,0.6,0.11,0,-2,0,0
1,23,19,0,0,-2,0.5,0.11,0,-2,0,0
1,23,20,0,0,-2,0.5,0.11,0,-2,0,0
1,23,21,0,0,-2,0.6,0.11,0,-2,0,0
1,23,22,0,0,-2,0.6,0.11,0,-2,0,0
1,23,23,0,0,-2,0.6,0.11,0,-2,0,0
1,24,0,0,0,-1,0.6,0.11,0,-1,0,0
1,24,1,0,0,-1,0.6,0.11,0,-1,0,0
1,24,2,0,0,-1,0.6,0.11,0,-1,0,0
1,24,3,0,0,0,0.6,0.11,0,0,0,0
1,24,4,0,0,0,0.6,0.11,0,0,0,0
1,24,5,0,0,0,0.6,0.11,0,0,0,0
1,24,6,0,0,0,0.6,0.11,0,0,0,0
1,24,7,0,1,0,0.8,0.11,0.993,0.025,0,0
1,24,8,0,14,2,1,0.11,13.46,2.389,10.845,6.497
1,24,9,0,51,3,1,0.11,49.182,4.427,41.838,36.392
1,24,10,0,12,4,0.9,0.11,11.553,4.343,9.221,4.931
1,24,11,0,67,5,0.7,0.11,64.693,7.026,54.516,48.62
1,24,12,47,214,5,0.6,0.11,268.327,13.688,232.267,220.073
1,24,13,0,46,4,0.5,0.11,44.369,5.471,37.15,31.87
1,24,14,0,21,4,0.6,0.11,20.219,4.653,16.552,12.002
1,24,15,0,30,4,0.8,0.11,28.887,4.883,23.997,19.183
1,24,16,0,8,4,0.8,0.11,7.685,4.23,5.636,1.473
1,24,17,0,0,4,0.8,0.11,0,4,0,0
1,24,18,0,0,4,1,0.11,0,4,0,0
1,24,19,0,0,4,1.1,0.11,0,4,0,0
1,24,20,0,0,4,1.2,0.11,0,4,0,0
1,24,21,0,0,5,1.2,0.11,0,5,0,0
1,24,22,0,0,5,1.2,0.11,0,5,0,0
1,24,23,0,0,5,1.3,0.11,0,5,0,0
1,25,0,0,0,6,1.3,0.11,0,6,0,0
1,25,1,0,0,6,1.6,0.11,0,6,0,0
1,25,2,0,0,7,2,0.11,0,7,0,0
1,25,3,0,0,8,2.3,0.11,0,8,0,0
1,25,4,0,0,8,2.8,0.11,0,8,0,0
1,25,5,0,0,10,3.3,0.11,0,10,0,0
1,25,6,0,0,11,3.5,0.11,0,11,0,0
1,25,7,0,0,12,3.6,0.11,0,0,0,0
1,25,8,0,17,12,3.6,0.11,16.349,12.285,12.726,8.311
1,25,9,0,5,13,3.1,0.11,4.808,13.091,3.559,0
1,25,10,0,15,14,2.4,0.11,14.444,14.309,11.13,6.772
1,25,11,0,72,14,2,0.11,69.537,15.604,56.78,50.805
1,25,12,0,119,13,1.7,0.11,116.834,15.871,97.161,89.754
1,25,13,771,95,12,1.4,0.11,701.431,30.805,594.804,569.764
1,25,14,0,20,12,1.4,0.11,19.256,12.507,15.202,10.7
1,25,15,143,106,11,1.1,0.11,189.593,16.415,162.491,152.77
1,25,16,400,33,9,0.8,0.11,161.106,13.842,118.666,110.497
1,25,17,0,0,7,0.9,0.11,0,7,0,0
1,25,18,0,0,6,0.9,0.11,0,6,0,0
1,25,19,0,0,5,0.9,0.11,0,5,0,0
1,25,20,0,0,4,0.9,0.11,0,4,0,0
1,25,21,0,0,3,0.8,0.11,0,3,0,0
1,25,22,0,0,3,0.7,0.11,0,3,0,0
1,25,23,0,0,2,0.6,0.11,0,2,0,0
1,26,0,0,0,1,0.6,0.11,0,1,0,0
1,26,1,0,0,1,0.7,0.11,0,1,0,0
1,26,2,0,0,1,0.9,0.11,0,1,0,0
1,26,3,0,0,1,1,0.11,0,1,0,0
1,26,4,0,0,0,0.9,0.11,0,0,0,0
1,26,5,0,0,0,0.8,0.11,0,0,0,0
1,26,6,0,0,0,1,0.11,0,0,0,0
1,26,7,151,14,0,1.1,0.11,27.127,0.606,12.637,8.225
1,26,8,585,52,2,1.2,0.11,303.776,10.481,261.18,247.962
1,26,9,489,103,3,1.5,0.11,412.809,13.803,370.157,353.077
1,26,10,336,177,4,1.7,0.11,446.418,15.135,395.288,377.318
1,26,11,144,231,3,1.7,0.11,374.657,12.296,330.306,314.638
1,26,12,23,200,3,1.6,0.11,222.162,8.598,194.367,183.516
1,26,13,9,169,3,1.5,0.11,177.573,7.572,155.11,145.651
1,26,14,300,157,2,1.2,0.11,378.497,12.585,337.825,321.891
1,26,15,0,41,1,1,0.11,39.513,2.146,33.615,28.46
1,26,16,351,40,0,0.7,0.11,155.248,4.808,120.006,111.79
1,26,17,0,0,0,0.7,0.11,0,0,0,0
1,26,18,0,0,0,0.7,0.11,0,0,0,0
1,26,19,0,0,-1,0.7,0.11,0,-1,0,0
1,26,20,0,0,-1,0.9,0.11,0,-1,0,0
1,26,21,0,0,-2,0.9,0.11,0,-2,0,0
1,26,22,0,0,-2,0.8,0.11,0,-2,0,0
1,26,23,0,0,-3,0.9,0.11,0,-3,0,0
1,27,0,0,0,-3,0.9,0.11,0,-3,0,0
1,27,1,0,0,-3,0.9,0.11,0,-3,0,0
1,27,2,0,0,-3,0.9,0.11,0,-3,0,0
1,27,3,0,0,-3,0.8,0.11,0,-3,0,0
1,27,4,0,0,-3,0.8,0.11,0,-3,0,0
1,27,5,0,0,-3,0.8,0.11,0,-3,0,0
1,27,6,0,0,-3,0.8,0.11,0,-3,0,0
1,27,7,175,15,-2,0.9,0.11,31.217,-1.27,14.594,10.114
1,27,8,594,54,0,1.2,0.11,310.466,8.668,269.153,255.652
1,27,9,753,75,0,1.3,0.11,537.512,14.776,484.308,463.183
1,27,10,822,90,1,1.5,0.11,702.703,19.419,621.95,595.949
1,27,11,0,101,2,1.6,0.11,98.311,4.468,84.878,77.907
1,27,12,195,237,2,1.6,0.11,424.469,12.774,374.866,357.62
1,27,13,826,100,2,1.6,0.11,753.14,21.299,660.925,633.542
1,27,14,765,91,1,1.4,0.11,616.981,17.555,550.178,526.719
1,27,15,647,72,0,1,0.11,413.149,12.189,370.168,353.088
1,27,16,379,40,0,0.7,0.11,164.381,5.1,127.839,119.345
1,27,17,0,0,-1,0.6,0.11,0,-1,0,0
1,27,18,0,0,-1,0.5,0.11,0,-1,0,0
1,27,19,0,0,-1,0.5,0.11,0,-1,0,0
1,27,20,0,0,-1,0.5,0.11,0,-1,0,0
1,27,21,0,0,-2,0.5,0.11,0,-2,0,0
1,27,22,0,0,-2,0.5,0.11,0,-2,0,0
1,27,23,0,0,-2,0.6,0.11,0,-2,0,0
1,28,0,0,0,-2,0.6,0.11,0,-2,0,0
1,28,1,0,0,-1,0.5,0.11,0,-1,0,0
1,28,2,0,0,-1,0.4,0.11,0,-1,0,0
1,28,3,0,0,-1,0.4,0.11,0,-1,0,0
1,28,4,0,0,-1,0.4,0.11,0,-1,0,0
1,28,5,0,0,-1,0.5,0.11,0,-1,0,0
1,28,6,0,0,0,0.6,0.11,0,0,0,0
1,28,7,0,2,0,0.8,0.11,1.985,0.051,0.956,0
1,28,8,0,20,0,0.9,0.11,19.24,0.572,15.89,11.364
1,28,9,0,57,2,1,0.11,54.989,3.595,47.113,41.48
1,28,10,0,41,3,1.4,0.11,39.532,4.039,33.188,28.048
1,28,11,833,101,5,1.8,0.11,789.333,24.371,684.086,655.883
1,28,12,23,203,6,2,0.11,225.227,11.214,195.166,184.287
1,28,13,151,220,5,2,0.11,363.106,13.463,319.116,303.845
1,28,14,0,15,4,2.1,0.11,14.439,4.327,11.662,7.285
1,28,15,695,66,1,2.3,0.11,432.009,10.587,390.099,372.313
1,28,16,486,36,0,2.2,0.11,192.386,4.234,150.622,141.321
1,28,17,0,0,-1,2.2,0.11,0,-1,0,0
1,28,18,0,0,-2,2.3,0.11,0,-2,0,0
1,28,19,0,0,-4,2.3,0.11,0,-4,0,0
1,28,20,0,0,-5,2.2,0.11,0,-5,0,0
1,28,21,0,0,-6,2.1,0.11,0,-6,0,0
1,28,22,0,0,-6,2,0.11,0,-6,0,0
1,28,23,0,0,-7,1.9,0.11,0,-7,0,0
1,29,0,0,0,-7,1.7,0.11,0,-7,0,0
1,29,1,0,0,-7,1.6,0.11,0,-7,0,0
1,29,2,0,0,-7,1.5,0.11,0,-7,0,0
1,29,3,0,0,-7,1.5,0.11,0,-7,0,0
1,29,4,0,0,-7,1.4,0.11,0,-7,0,0
1,29,5,0,0,-8,1.2,0.11,0,-8,0,0
1,29,6,0,0,-8,1.2,0.11,0,-8,0,0
1,29,7,185,17,-7,1.2,0.11,36.394,-6.211,17.441,12.859
1,29,8,253,74,-6,1.5,0.11,190.55,-1.054,169.893,159.91
1,29,9,177,145,-6,1.6,0.11,266.585,0.784,245.433,232.773
1,29,10,325,189,-5,1.6,0.11,454.404,6.58,413.991,395.358
1,29,11,66,225,-5,1.6,0.11,295.361,2.464,266.75,253.334
1,29,12,123,242,-5,1.7,0.11,373.033,4.241,337.195,321.283
1,29,13,371,194,-5,1.8,0.11,509.273,7.437,462.868,442.503
1,29,14,529,122,-5,1.8,0.11,498.604,7.225,457.63,437.451
1,29,15,411,89,-5,1.7,0.11,316.783,2.917,291.165,276.885
1,29,16,13,43,-6,1.4,0.11,49.865,-4.697,41.706,36.265
1,29,17,0,0,-6,1.3,0.11,0,-6,0,0
1,29,18,0,0,-7,1.2,0.11,0,-7,0,0
1,29,19,0,0,-7,1,0.11,0,-7,0,0
1,29,20,0,0,-7,0.9,0.11,0,-7,0,0
1,29,21,0,0,-7,0.8,0.11,0,-7,0,0
1,29,22,0,0,-7,0.8,0.11,0,-7,0,0
1,29,23,0,0,-8,0.8,0.11,0,-8,0,0
1,30,0,0,0,-8,1,0.11,0,-8,0,0
1,30,1,0,0,-8,1.1,0.11,0,-8,0,0
1,30,2,0,0,-8,1.1,0.11,0,-8,0,0
1,30,3,0,0,-9,1,0.11,0,-9,0,0
1,30,4,0,0,-9,1,0.11,0,-9,0,0
1,30,5,0,0,-9,0.9,0.11,0,-9,0,0
1,30,6,0,0,-9,0.9,0.11,0,-9,0,0
1,30,7,0,15,-9,0.9,0.11,14.558,-8.635,7.923,3.679
1,30,8,174,79,-8,1,0.11,165.258,-3.176,148.32,139.101
1,30,9,27,136,-7,1,0.11,160.857,-2.314,146.44,137.288
1,30,10,0,73,-7,0.9,0.11,70.496,-4.906,62.516,56.338
1,30,11,0,74,-6,0.6,0.11,71.481,-3.7,62.855,56.664
1,30,12,0,116,-6,0.5,0.11,113.524,-2.24,100.752,93.218
1,30,13,0,13,-6,0.6,0.11,12.523,-5.597,10.422,6.089
1,30,14,0,8,-6,0.7,0.11,7.699,-5.758,6.328,2.14
1,30,15,0,50,-6,0.8,0.11,48.218,-4.526,42.429,36.962
1,30,16,0,29,-7,0.8,0.11,27.95,-6.156,23.292,18.503
1,30,17,0,0,-7,0.7,0.11,0,-7,0,0
1,30,18,0,0,-7,0.7,0.11,0,-7,0,0
1,30,19,0,0,-8,0.8,0.11,0,-8,0,0
1,30,20,0,0,-8,1,0.11,0,-8,0,0
1,30,21,0,0,-8,1.1,0.11,0,-8,0,0
1,30,22,0,0,-8,1.2,0.11,0,-8,0,0
1,30,23,0,0,-8,1.2,0.11,0,-8,0,0
1,31,0,0,0,-9,1.2,0.11,0,-9,0,0
1,31,1,0,0,-9,1.2,0.11,0,-9,0,0
1,31,2,0,0,-9,1.2,0.11,0,-9,0,0
1,31,3,0,0,-9,1.1,0.11,0,-9,0,0
1,31,4,0,0,-9,1,0.11,0,-9,0,0
1,31,5,0,0,-10,0.9,0.11,0,-10,0,0
1,31,6,0,0,-11,0.9,0.11,0,-11,0,0
1,31,7,276,17,-10,1,0.11,56.096,-8.724,27.258,22.328
1,31,8,676,51,-8,1,0.11,342.596,2.038,305.997,291.191
1,31,9,822,69,-6,0.9,0.11,574.941,11.45,524.644,502.091
1,31,10,893,79,-4,0.9,0.11,748.676,18.704,664.442,636.934
1,31,11,927,82,-2,1,0.11,842.457,22.898,734.365,704.38
1,31,12,936,82,-1,1.1,0.11,864.292,23.902,750.184,719.638
1,31,13,923,77,-1,1.2,0.11,804.832,21.636,705.838,676.864
1,31,14,872,70,-1,1.2,0.11,669.411,17.845,597.18,572.056
1,31,15,764,59,-2,0.9,0.11,462.646,12.019,417.625,398.863
1,31,16,526,37,-4,0.6,0.11,209.51,2.718,168.011,158.094
1,31,17,0,0,-5,0.5,0.11,0,-5,0,0
1,31,18,0,0,-6,0.5,0.11,0,-6,0,0
1,31,19,0,0,-9,0.6,0.87,0,-9,0,0
1,31,20,0,0,-9,0.6,0.87,0,-9,0,0
1,31,21,0,0,-8,0.6,0.87,0,-8,0,0
1,31,22,0,0,-8,0.7,0.87,0,-8,0,0
1,31,23,0,0,-7,0.8,0.87,0,-7,0,0
2,1,0,0,0,-7,0.9,0.87,0,-7,0,0
2,1,1,0,0,-7,1,0.87,0,-7,0,0
2,1,2,0,0,-7,0.9,0.87,0,-7,0,0
2,1,3,0,0,-7,0.9,0.87,0,-7,0,0
2,1,4,0,0,-6,0.9,0.87,0,-6,0,0
2,1,5,0,0,-6,1,0.87,0,-6,0,0
2,1,6,0,0,-5,1,0.87,0,-5,0,0
2,1,7,210,19,-3,1.1,0.87,55.754,-1.822,27.263,22.334
2,1,8,602,61,-1,1.2,0.87,373.938,8.193,329.313,313.681
2,1,9,758,86,1,1.3,0.87,653.481,16.567,584.757,560.073
2,1,10,835,101,3,1.4,0.87,852.724,22.897,743.404,713.099
2,1,11,868,109,5,1.4,0.87,970.017,27.636,828.137,794.83
2,1,12,875,110,6,1.2,0.87,994.643,30.317,840.279,806.541
2,1,13,855,105,7,1.1,0.87,924.515,30.096,783.781,752.045
2,1,14,792,97,6,0.8,0.87,759.27,26.548,654.882,627.714
2,1,15,677,77,4,0.6,0.87,517.175,18.709,456.209,436.08
2,1,16,451,43,1,0.6,0.87,209.103,7.298,167.387,157.492
2,1,17,0,0,1,0.7,0.87,0,1,0,0
2,1,18,0,0,1,0.8,0.87,0,1,0,0
2,1,19,0,0,1,0.8,0.11,0,1,0,0
2,1,20,0,0,0,0.7,0.11,0,0,0,0
2,1,21,0,0,0,0.8,0.11,0,0,0,0
2,1,22,0,0,0,0.8,0.11,0,0,0,0
2,1,23,0,0,0,0.6,0.11,0,0,0,0
2,2,0,0,0,0,0.5,0.11,0,0,0,0
2,2,1,0,0,0,0.5,0.11,0,0,0,0
2,2,2,0,0,-1,0.5,0.11,0,-1,0,0
2,2,3,0,0,0,0.6,0.11,0,0,0,0
2,2,4,0,0,0,0.8,0.11,0,0,0,0
2,2,5,0,0,0,0.8,0.11,0,0,0,0
2,2,6,0,0,0,0.7,0.11,0,0,0,0
2,2,7,181,19,1,0.5,0.11,49.95,2.326,23.941,19.129
2,2,8,538,62,3,0.4,0.11,303.522,13.478,260.817,247.611
2,2,9,693,87,5,0.4,0.11,525.368,23.313,458.423,438.216
2,2,10,700,122,7,0.4,0.11,665.969,30.179,564.983,541
2,2,11,743,130,8,0.6,0.11,765.88,33.136,641.103,614.423
2,2,12,751,132,9,0.8,0.11,787.108,33.443,657.709,630.44
2,2,13,660,149,8,1,0.11,698.938,28.601,594.595,569.562
2,2,14,333,167,6,1.1,0.11,416.904,17.949,365.474,348.561
2,2,15,489,102,3,1,0.11,375.69,14.066,334.594,318.775
2,2,16,249,55,1,1,0.11,147.733,5.269,120.071,111.853
2,2,17,0,0,0,1.1,0.11,0,0,0,0
2,2,18,0,0,0,1.1,0.11,0,0,0,0
2,2,19,0,0,0,1.1,0.87,0,0,0,0
2,2,20,0,0,0,1,0.87,0,0,0,0
2,2,21,0,0,0,0.9,0.87,0,0,0,0
2,2,22,0,0,0,0.9,0.87,0,0,0,0
2,2,23,0,0,0,0.9,0.87,0,0,0,0
2,3,0,0,0,0,0.9,0.87,0,0,0,0
2,3,1,0,0,0,0.8,0.87,0,0,0,0
2,3,2,0,0,0,0.8,0.87,0,0,0,0
2,3,3,0,0,0,0.9,0.87,0,0,0,0
2,3,4,0,0,0,0.9,0.87,0,0,0,0
2,3,5,0,0,0,0.9,0.87,0,0,0,0
2,3,6,0,0,0,0.9,0.87,0,0,0,0
2,3,7,0,16,0,1,0.87,19.295,0.383,10.216,5.891
2,3,8,0,12,0,1.1,0.87,14.444,0.332,11.841,7.457
2,3,9,64,152,0,1.2,0.87,244.464,5.67,219.264,207.531
2,3,10,99,211,0,1.3,0.87,362.393,8.253,323.567,308.139
2,3,11,0,130,1,1.2,0.87,159.414,4.587,139.482,130.576
2,3,12,0,141,1,1.2,0.87,173.347,4.904,151.754,142.413
2,3,13,0,76,0,1.1,0.87,91.837,2.11,79.748,72.959
2,3,14,7,152,0,0.9,0.87,195.704,4.793,173.688,163.57
2,3,15,48,120,0,0.6,0.87,186.281,5.04,166.172,156.321
2,3,16,0,28,0,0.5,0.87,33.761,0.906,27.848,22.897
2,3,17,0,0,-1,0.5,0.87,0,-1,0,0
2,3,18,0,0,-1,0.5,0.87,0,-1,0,0
2,3,19,0,0,-1,0.4,0.87,0,-1,0,0
2,3,20,0,0,-2,0.4,0.87,0,-2,0,0
2,3,21,0,0,-2,0.4,0.87,0,-2,0,0
2,3,22,0,0,-2,0.4,0.87,0,-2,0,0
2,3,23,0,0,-3,0.4,0.87,0,-3,0,0
2,4,0,0,0,-3,0.4,0.87,0,-3,0,0
2,4,1,0,0,-3,0.5,0.87,0,-3,0,0
2,4,2,0,0,-3,0.6,0.87,0,-3,0,0
2,4,3,0,0,-4,0.7,0.87,0,-4,0,0
2,4,4,0,0,-4,0.8,0.87,0,-4,0,0
2,4,5,0,0,-5,0.9,0.87,0,-5,0,0
2,4,6,0,0,-5,0.9,0.87,0,-5,0,0
2,4,7,0,13,-4,1.1,0.87,15.664,-3.697,8.369,4.109
2,4,8,0,81,-3,1.2,0.87,101.828,-0.692,90.222,83.062
2,4,9,390,132,-2,1.3,0.87,464.829,8.94,422.447,403.515
2,4,10,860,114,-1,1.3,0.87,906.016,20.569,795.455,763.306
2,4,11,903,119,0,1.4,0.87,1021.675,23.904,882.734,833.333
2,4,12,915,118,0,1.5,0.87,1050.198,23.994,906.223,833.333
2,4,13,900,110,0,1.6,0.87,978.224,21.81,853.139,818.945
2,4,14,842,101,0,1.5,0.87,814.838,18.512,722.73,693.157
2,4,15,721,84,-1,1.2,0.87,561.001,12.614,507.032,485.102
2,4,16,476,52,-2,0.9,0.87,236.666,4.433,195.153,184.274
2,4,17,0,0,-3,0.8,0.87,0,-3,0,0
2,4,18,0,0,-4,0.9,0.87,0,-4,0,0
2,4,19,0,0,-5,1,0.87,0,-5,0,0
2,4,20,0,0,-6,1.1,0.87,0,-6,0,0
2,4,21,0,0,-6,1.3,0.87,0,-6,0,0
2,4,22,0,0,-6,1.4,0.87,0,-6,0,0
2,4,23,0,0,-7,1.5,0.87,0,-7,0,0
2,5,0,0,0,-7,1.6,0.87,0,-7,0,0
2,5,1,0,0,-8,1.6,0.87,0,-8,0,0
2,5,2,0,0,-9,1.5,0.87,0,-9,0,0
2,5,3,0,0,-9,1.4,0.87,0,-9,0,0
2,5,4,0,0,-10,1.3,0.87,0,-10,0,0
2,5,5,0,0,-10,1.3,0.87,0,-10,0,0
2,5,6,0,0,-10,1.3,0.87,0,-10,0,0
2,5,7,310,24,-9,1.5,0.87,85.433,-7.357,42.512,37.042
2,5,8,676,65,-8,1.7,0.87,426.964,1.223,388.061,370.347
2,5,9,818,92,-8,1.8,0.87,712.248,7.166,657.991,630.712
2,5,10,859,120,-7,1.8,0.87,911.896,12.502,822.459,789.352
2,5,11,903,127,-7,1.8,0.87,1036.667,15.167,922.397,833.333
2,5,12,923,123,-6,1.8,0.87,1068.4,16.845,944.384,833.333
2,5,13,901,119,-6,1.8,0.87,995.686,15.22,887.623,833.333
2,5,14,859,103,-6,1.7,0.87,830.138,12.128,752.246,721.627
2,5,15,766,81,-6,1.5,0.87,587.584,7.284,541.525,518.373
2,5,16,562,47,-7,1.2,0.87,263.191,-0.382,221.315,209.51
2,5,17,0,0,-8,0.9,0.87,0,-8,0,0
2,5,18,0,0,-9,0.7,0.87,0,-9,0,0
2,5,19,0,0,-10,0.7,0.87,0,-10,0,0
2,5,20,0,0,-11,0.7,0.87,0,-11,0,0
2,5,21,0,0,-12,0.7,0.87,0,-12,0,0
2,5,22,0,0,-12,0.7,0.87,0,-12,0,0
2,5,23,0,0,-12,0.7,0.87,0,-12,0,0
2,6,0,0,0,-12,0.6,0.87,0,-12,0,0
2,6,1,0,0,-11,0.5,0.87,0,-11,0,0
2,6,2,0,0,-11,0.5,0.87,0,-11,0,0
2,6,3,0,0,-11,0.4,0.87,0,-11,0,0
2,6,4,0,0,-11,0.5,0.87,0,-11,0,0
2,6,5,0,0,-12,0.6,0.87,0,-12,0,0
2,6,6,0,0,-11,0.6,0.87,0,-11,0,0
2,6,7,0,9,-9,0.7,0.87,10.833,-8.767,5.829,1.659
2,6,8,0,69,-6,0.9,0.87,85.172,-3.927,75.973,69.317
2,6,9,46,154,-4,1,0.87,234.172,1.686,212.364,200.876
2,6,10,772,140,-2,1,0.87,868.876,20.268,762.265,731.291
2,6,11,832,143,0,1,0.87,1000.444,25.701,857.665,823.311
2,6,12,861,136,0,0.9,0.87,1036.065,27.298,882.562,833.333
2,6,13,847,127,0,0.9,0.87,960.579,25.391,826.192,792.953
2,6,14,810,109,0,0.8,0.87,804.147,21.734,704.574,675.644
2,6,15,713,85,0,0.6,0.87,562.102,15.964,502.686,480.91
2,6,16,483,52,-2,0.7,0.87,245.96,4.957,204.288,193.086
2,6,17,0,0,-3,1,0.87,0,-3,0,0
2,6,18,0,0,-4,1,0.87,0,-4,0,0
2,6,19,0,0,-5,1.1,0.87,0,-5,0,0
2,6,20,0,0,-5,1,0.87,0,-5,0,0
2,6,21,0,0,-6,0.9,0.87,0,-6,0,0
2,6,22,0,0,-7,0.7,0.87,0,-7,0,0
2,6,23,0,0,-7,0.6,0.87,0,-7,0,0
2,7,0,0,0,-7,0.8,0.87,0,-7,0,0
2,7,1,0,0,-6,0.9,0.87,0,-6,0,0
2,7,2,0,0,-6,1,0.87,0,-6,0,0
2,7,3,0,0,-6,1,0.87,0,-6,0,0
2,7,4,0,0,-7,1,0.87,0,-7,0,0
2,7,5,0,0,-7,0.8,0.87,0,-7,0,0
2,7,6,0,0,-6,0.6,0.87,0,-6,0,0
2,7,7,210,28,-4,0.6,0.87,79.15,-2.077,39.818,34.444
2,7,8,0,73,-2,0.8,0.87,90.384,0.26,79.593,72.809
2,7,9,6,137,0,0.9,0.87,175.55,4.301,155.958,146.468
2,7,10,136,222,2,1,0.87,418.774,12.351,369.782,352.715
2,7,11,800,147,4,1.1,0.87,979.8,28.503,831.232,797.814
2,7,12,835,135,5,1.2,0.87,1013.227,29.746,855.325,821.054
2,7,13,774,145,6,1.3,0.87,923.092,28.024,785.684,753.881
2,7,14,732,124,6,1.2,0.87,766.831,24.657,664.035,636.543
2,7,15,641,95,5,1,0.87,534.978,18.598,473.496,452.754
2,7,16,407,58,3,1,0.87,230.697,8.953,190.153,179.452
2,7,17,0,0,2,1.2,0.87,0,2,0,0
2,7,18,0,0,3,1.4,0.87,0,3,0,0
2,7,19,0,0,4,1.5,0.11,0,4,0,0
2,7,20,0,0,4,1.4,0.11,0,4,0,0
2,7,21,0,0,4,1.2,0.11,0,4,0,0
2,7,22,0,0,4,1.2,0.11,0,4,0,0
2,7,23,0,0,4,1.2,0.11,0,4,0,0
2,8,0,0,0,5,1.2,0.11,0,5,0,0
2,8,1,0,0,4,1.1,0.11,0,4,0,0
2,8,2,0,0,4,1.1,0.11,0,4,0,0
2,8,3,0,0,4,1.1,0.11,0,4,0,0
2,8,4,0,0,5,1.1,0.11,0,5,0,0
2,8,5,0,0,5,1.2,0.11,0,5,0,0
2,8,6,0,0,5,1.2,0.11,0,5,0,0
2,8,7,149,29,7,1.2,0.11,65.763,8.54,34.451,29.267
2,8,8,472,82,9,1.4,0.11,303.008,17.048,259.26,246.11
2,8,9,658,106,11,1.6,0.11,535.484,24.722,464.089,443.681
2,8,10,743,122,12,1.9,0.11,709.357,29.037,603.915,578.552
2,8,11,442,213,12,2,0.11,621.482,26.553,527.844,505.177
2,8,12,217,264,11,1.9,0.11,477.572,22.37,407.245,388.851
2,8,13,704,154,11,1.8,0.11,751.475,29.408,636.849,610.319
2,8,14,633,143,10,1.6,0.11,611.295,25.646,526.623,503.999
2,8,15,515,116,8,1.3,0.11,412.714,19.307,362.656,345.842
2,8,16,380,60,5,1.1,0.11,199.044,10.606,162.116,152.408
2,8,17,0,0,3,1,0.11,0,3,0,0
2,8,18,0,0,2,0.9,0.11,0,2,0,0
2,8,19,0,0,0,0.8,0.11,0,0,0,0
2,8,20,0,0,0,0.7,0.11,0,0,0,0
2,8,21,0,0,-1,0.7,0.11,0,-1,0,0
2,8,22,0,0,-1,0.7,0.11,0,-1,0,0
2,8,23,0,0,-2,0.7,0.11,0,-2,0,0
2,9,0,0,0,-2,0.6,0.11,0,-2,0,0
2,9,1,0,0,-3,0.6,0.11,0,-3,0,0
2,9,2,0,0,-3,0.5,0.11,0,-3,0,0
2,9,3,0,0,-3,0.5,0.11,0,-3,0,0
2,9,4,0,0,-3,0.5,0.11,0,-3,0,0
2,9,5,0,0,-3,0.5,0.11,0,-3,0,0
2,9,6,0,0,-2,0.5,0.11,0,-2,0,0
2,9,7,327,26,0,0.5,0.11,98.336,2.825,54.963,49.052
2,9,8,681,56,1,0.5,0.11,364.582,13.231,317.75,302.527
2,9,9,824,71,4,0.4,0.11,596.46,24.81,518.883,496.534
2,9,10,802,108,5,0.6,0.11,738.769,29.288,628.942,602.692
2,9,11,833,116,6,0.7,0.11,834.537,32.658,699.464,670.715
2,9,12,828,121,6,0.8,0.11,850.187,32.422,712.51,683.299
2,9,13,816,113,7,0.8,0.11,792.46,31.63,667.558,639.94
2,9,14,762,103,6,0.7,0.11,657.915,27.04,565.619,541.613
2,9,15,651,87,5,0.6,0.11,456.335,20,402.024,383.815
2,9,16,402,58,2,0.8,0.11,204.81,8.231,168.621,158.683
2,9,17,0,0,0,1.1,0.11,0,0,0,0
2,9,18,0,0,0,1,0.11,0,0,0,0
2,9,19,0,0,0,0.7,0.11,0,0,0,0
2,9,20,0,0,0,0.5,0.11,0,0,0,0
2,9,21,0,0,0,0.5,0.11,0,0,0,0
2,9,22,0,0,0,0.4,0.11,0,0,0,0
2,9,23,0,0,0,0.4,0.11,0,0,0,0
2,10,0,0,0,0,0.4,0.11,0,0,0,0
2,10,1,0,0,0,0.5,0.11,0,0,0,0
2,10,2,0,0,0,0.6,0.11,0,0,0,0
2,10,3,0,0,0,0.7,0.11,0,0,0,0
2,10,4,0,0,0,0.7,0.11,0,0,0,0
2,10,5,0,0,0,0.7,0.11,0,0,0,0
2,10,6,0,0,0,0.9,0.11,0,0,0,0
2,10,7,0,22,1,1,0.11,21.341,1.574,14.023,9.562
2,10,8,0,21,4,1,0.11,20.205,4.586,16.549,11.999
2,10,9,0,62,6,1,0.11,59.832,7.734,50.483,44.731
2,10,10,115,228,7,0.9,0.11,340.6,17.199,294.031,279.649
2,10,11,284,252,7,0.8,0.11,527.331,23.268,450.023,430.113
2,10,12,222,269,8,0.8,0.11,488.39,23.042,415.407,396.724
2,10,13,295,237,8,0.7,0.11,509.759,24.172,434.268,414.916
2,10,14,37,185,8,0.6,0.11,221.979,15.19,190.596,179.879
2,10,15,0,101,7,0.4,0.11,100.299,10.436,85.625,78.628
2,10,16,0,42,6,0.4,0.11,40.75,7.388,33.414,28.266
2,10,17,0,0,4,0.4,0.11,0,0,0,0
2,10,18,0,0,3,0.4,0.11,0,3,0,0
2,10,19,0,0,3,0.4,0.11,0,3,0,0
2,10,20,0,0,3,0.5,0.11,0,3,0,0
2,10,21,0,0,3,0.5,0.11,0,3,0,0
2,10,22,0,0,4,0.5,0.11,0,4,0,0
2,10,23,0,0,4,0.4,0.11,0,4,0,0
2,11,0,0,0,4,0.4,0.11,0,4,0,0
2,11,1,0,0,4,0.5,0.11,0,4,0,0
2,11,2,0,0,4,0.6,0.11,0,4,0,0
2,11,3,0,0,4,0.6,0.11,0,4,0,0
2,11,4,0,0,4,0.7,0.11,0,4,0,0
2,11,5,0,0,4,0.6,0.11,0,4,0,0
2,11,6,0,0,4,0.5,0.11,0,4,0,0
2,11,7,189,30,6,0.6,0.11,80.6,8.4,50.612,44.855
2,11,8,363,84,8,0.8,0.11,261.363,16.054,224.372,212.458
2,11,9,126,173,11,0.9,0.11,269.966,19.101,231.807,219.629
2,11,10,699,127,14,1.1,0.11,688.286,33.797,574.819,550.487
2,11,11,728,141,15,1.4,0.11,785.503,36.02,648.629,621.682
2,11,12,343,252,16,1.6,0.11,582.754,30.819,484.705,463.567
2,11,13,425,212,16,1.7,0.11,595.822,30.86,497.998,476.389
2,11,14,290,194,15,1.5,0.11,425.392,26.074,360.705,343.96
2,11,15,139,140,14,1.3,0.11,229.765,20.251,196.211,185.295
2,11,16,4,62,12,1.2,0.11,63.973,13.761,52.046,46.239
2,11,17,0,0,11,1.1,0.11,0,0,0,0
2,11,18,0,0,10,1.1,0.11,0,10,0,0
2,11,19,0,0,9,1.1,0.11,0,9,0,0
2,11,20,0,0,9,1.1,0.11,0,9,0,0
2,11,21,0,0,9,1.2,0.11,0,9,0,0
2,11,22,0,0,9,1.2,0.11,0,9,0,0
2,11,23,0,0,10,1.6,0.11,0,10,0,0
2,12,0,0,0,11,1.8,0.11,0,11,0,0
2,12,1,0,0,11,1.9,0.11,0,11,0,0
2,12,2,0,0,10,2,0.11,0,10,0,0
2,12,3,0,0,9,2.2,0.11,0,9,0,0
2,12,4,0,0,9,2.6,0.11,0,9,0,0
2,12,5,0,0,8,2.9,0.11,0,8,0,0
2,12,6,0,0,8,2.9,0.11,0,8,0,0
2,12,7,276,31,8,3,0.11,101.716,9.818,65.043,58.775
2,12,8,3,93,8,3.1,0.11,95.074,9.802,81.089,74.252
2,12,9,167,175,9,3.2,0.11,297.684,14.594,260.915,247.707
2,12,10,840,97,9,3.3,0.11,759.176,23.156,660.591,633.22
2,12,11,0,125,9,3.4,0.11,122.342,11.197,103.258,95.636
2,12,12,59,260,9,3.4,0.11,328.804,14.94,283.317,269.314
2,12,13,0,91,8,3.3,0.11,88.019,9.606,73.982,67.397
2,12,14,124,209,8,3.2,0.11,318.814,13.978,278.831,264.987
2,12,15,82,141,7,3.1,0.11,193.916,10.697,170.168,160.175
2,12,16,535,51,6,2.9,0.11,246.022,10.787,202.283,191.152
2,12,17,0,0,4,2.7,0.11,0,0,0,0
2,12,18,0,0,3,2.5,0.11,0,3,0,0
2,12,19,0,0,3,2.4,0.11,0,3,0,0
2,12,20,0,0,2,2.3,0.11,0,2,0,0
2,12,21,0,0,2,2.2,0.11,0,2,0,0
2,12,22,0,0,2,2.2,0.11,0,2,0,0
2,12,23,0,0,2,2.1,0.11,0,2,0,0
2,13,0,0,0,1,1.9,0.11,0,1,0,0
2,13,1,0,0,1,1.8,0.11,0,1,0,0
2,13,2,0,0,1,1.7,0.11,0,1,0,0
2,13,3,0,0,0,1.6,0.11,0,0,0,0
2,13,4,0,0,0,1.6,0.11,0,0,0,0
2,13,5,0,0,0,1.5,0.11,0,0,0,0
2,13,6,0,0,0,1.5,0.11,0,0,0,0
2,13,7,0,2,2,1.7,0.11,1.919,2.045,1.261,0
2,13,8,0,10,3,1.9,0.11,9.613,3.227,7.686,3.45
2,13,9,0,116,4,2.1,0.11,114.615,6.599,99.395,91.909
2,13,10,0,73,5,2.1,0.11,70.511,6.594,59.622,53.545
2,13,11,0,44,5,2,0.11,42.469,5.978,35.135,29.926
2,13,12,0,70,5,2,0.11,67.636,6.557,56.78,50.805
2,13,13,0,43,6,1.9,0.11,41.495,6.976,34.221,29.045
2,13,14,0,60,5,1.7,0.11,57.91,6.423,48.803,43.11
2,13,15,0,41,4,1.4,0.11,39.514,5.041,33.24,28.099
2,13,16,0,8,2,1.1,0.11,7.686,2.217,6.036,1.859
2,13,17,0,0,1,1,0.11,0,0,0,0
2,13,18,0,0,0,0.9,0.11,0,0,0,0
2,13,19,0,0,0,0.9,0.11,0,0,0,0
2,13,20,0,0,-1,0.8,0.11,0,-1,0,0
2,13,21,0,0,-2,0.7,0.11,0,-2,0,0
2,13,22,0,0,-3,0.6,0.11,0,-3,0,0
2,13,23,0,0,-3,0.6,0.11,0,-3,0,0
2,14,0,0,0,-4,0.5,0.11,0,-4,0,0
2,14,1,0,0,-4,0.5,0.11,0,-4,0,0
2,14,2,0,0,-4,0.5,0.11,0,-4,0,0
2,14,3,0,0,-4,0.5,0.11,0,-4,0,0
2,14,4,0,0,-4,0.5,0.11,0,-4,0,0
2,14,5,0,0,-3,0.5,0.11,0,-3,0,0
2,14,6,0,0,-2,0.5,0.11,0,-2,0,0
2,14,7,0,15,-1,0.5,0.11,14.431,-0.536,10.69,6.348
2,14,8,509,92,0,0.5,0.11,337.081,11.315,297.249,282.752
2,14,9,194,178,1,0.6,0.11,318.214,11.379,282.715,268.734
2,14,10,0,111,2,0.7,0.11,108.307,5.391,93.404,86.131
2,14,11,135,275,3,0.8,0.11,420.198,15.911,364.221,347.351
2,14,12,270,273,4,0.7,0.11,546.93,21.321,468.943,448.363
2,14,13,122,261,4,0.6,0.11,389.502,16.645,336.599,320.708
2,14,14,0,55,4,0.5,0.11,53.073,5.759,44.679,39.133
2,14,15,0,40,2,0.4,0.11,38.548,3.319,32.616,27.496
2,14,16,0,34,0,0.4,0.11,32.761,1.117,27.452,22.516
2,14,17,0,0,0,0.4,0.11,0,0,0,0
2,14,18,0,0,0,0.4,0.11,0,0,0,0
2,14,19,0,0,-1,0.5,0.11,0,-1,0,0
2,14,20,0,0,-1,0.6,0.11,0,-1,0,0
2,14,21,0,0,-1,0.7,0.11,0,-1,0,0
2,14,22,0,0,-1,0.9,0.11,0,-1,0,0
2,14,23,0,0,-1,0.9,0.11,0,-1,0,0
2,15,0,0,0,-2,0.9,0.11,0,-2,0,0
2,15,1,0,0,-2,0.9,0.11,0,-2,0,0
2,15,2,0,0,-3,1,0.11,0,-3,0,0
2,15,3,0,0,-3,1,0.11,0,-3,0,0
2,15,4,0,0,-3,0.9,0.11,0,-3,0,0
2,15,5,0,0,-3,0.9,0.11,0,-3,0,0
2,15,6,0,0,-3,1,0.11,0,-3,0,0
2,15,7,440,30,-2,1.3,0.11,139.141,1.548,97.044,89.642
2,15,8,742,56,0,1.5,0.11,402.283,10.487,357.514,340.882
2,15,9,867,70,1,1.5,0.11,636.045,17.701,567.179,543.118
2,15,10,913,83,2,1.4,0.11,801.082,23.49,696.398,667.759
2,15,11,938,88,3,1.4,0.11,900.05,27.133,769.337,738.113
2,15,12,942,90,4,1.3,0.11,921.634,29.284,781.035,749.396
2,15,13,928,86,4,1.2,0.11,860.945,28.211,734.218,704.238
2,15,14,884,80,3,1.1,0.11,727.344,23.987,632.651,606.27
2,15,15,793,69,2,0.8,0.11,521.316,18.252,463.867,443.466
2,15,16,622,47,0,0.5,0.11,273.677,9.04,228.217,216.167
2,15,17,0,0,-2,0.5,0.11,0,0,0,0
2,15,18,0,0,-3,0.6,0.11,0,-3,0,0
2,15,19,0,0,-3,0.6,0.11,0,-3,0,0
2,15,20,0,0,-3,0.6,0.11,0,-3,0,0
2,15,21,0,0,-2,0.7,0.11,0,-2,0,0
2,15,22,0,0,-2,0.8,0.11,0,-2,0,0
2,15,23,0,0,-2,0.8,0.11,0,-2,0,0
2,16,0,0,0,-2,0.8,0.11,0,-2,0,0
2,16,1,0,0,-2,0.8,0.11,0,-2,0,0
2,16,2,0,0,-2,0.8,0.11,0,-2,0,0
2,16,3,0,0,-2,0.8,0.11,0,-2,0,0
2,16,4,0,0,-2,0.8,0.11,0,-2,0,0
2,16,5,0,0,-3,0.8,0.11,0,-3,0,0
2,16,6,0,0,-2,0.9,0.11,0,-2,0,0
2,16,7,20,35,-1,1.2,0.11,41.207,0.11,31.95,26.854
2,16,8,429,85,0,1.4,0.11,296.013,7.878,263.875,250.561
2,16,9,765,96,0,1.5,0.11,606.004,15.901,542.44,519.256
2,16,10,864,99,1,1.5,0.11,790.062,21.703,690.287,661.864
2,16,11,893,105,2,1.5,0.11,891.092,25.337,765.683,734.588
2,16,12,895,109,2,1.5,0.11,912.618,25.892,781.889,750.22
2,16,13,879,105,2,1.5,0.11,851.663,24.315,735.517,705.492
2,16,14,821,101,2,1.4,0.11,709.388,21.03,622.558,596.534
2,16,15,729,85,1,1.1,0.11,508.469,15.66,455.774,435.661
2,16,16,551,57,0,0.8,0.11,263.294,8.008,221.48,209.669
2,16,17,0,0,-1,0.8,0.11,0,0,0,0
2,16,18,0,0,-1,0.9,0.11,0,-1,0,0
2,16,19,0,0,-2,0.9,0.11,0,-2,0,0
2,16,20,0,0,-2,0.9,0.11,0,-2,0,0
2,16,21,0,0,-3,0.9,0.11,0,-3,0,0
2,16,22,0,0,-3,0.9,0.11,0,-3,0,0
2,16,23,0,0,-3,1,0.11,0,-3,0,0
2,17,0,0,0,-4,1,0.11,0,-4,0,0
2,17,1,0,0,-4,1,0.11,0,-4,0,0
2,17,2,0,0,-4,1,0.11,0,-4,0,0
2,17,3,0,0,-4,1,0.11,0,-4,0,0
2,17,4,0,0,-5,0.9,0.11,0,-5,0,0
2,17,5,0,0,-5,0.8,0.11,0,-5,0,0
2,17,6,0,0,-4,0.9,0.11,0,-4,0,0
2,17,7,487,30,-3,1.1,0.11,150.494,1.049,107.842,100.057
2,17,8,766,55,-1,1.2,0.11,416.141,10.644,370.79,353.688
2,17,9,879,69,0,1.1,0.11,647.367,18.689,575.137,550.794
2,17,10,913,84,1,0.9,0.11,807.511,25.492,696.572,667.926
2,17,11,941,88,2,0.8,0.11,908.805,30.263,767.658,736.494
2,17,12,432,244,3,0.7,0.11,665.933,24.155,568.392,544.288
2,17,13,908,93,4,0.6,0.11,864.24,32.405,725.156,695.498
2,17,14,857,87,3,0.5,0.11,721.603,27.43,619.333,593.424
2,17,15,765,75,2,0.5,0.11,516.497,19.504,457.15,436.988
2,17,16,585,52,1,0.7,0.11,270.959,9.472,227.068,215.059
2,17,17,0,0,0,0.9,0.11,0,0,0,0
2,17,18,0,0,-1,0.7,0.11,0,-1,0,0
2,17,19,0,0,-2,0.5,0.11,0,-2,0,0
2,17,20,0,0,-2,0.5,0.11,0,-2,0,0
2,17,21,0,0,-2,0.5,0.11,0,-2,0,0
2,17,22,0,0,-2,0.5,0.11,0,-2,0,0
2,17,23,0,0,-3,0.5,0.11,0,-3,0,0
2,18,0,0,0,-3,0.7,0.11,0,-3,0,0
2,18,1,0,0,-2,0.8,0.11,0,-2,0,0
2,18,2,0,0,-2,0.9,0.11,0,-2,0,0
2,18,3,0,0,-2,0.9,0.11,0,-2,0,0
2,18,4,0,0,-2,0.9,0.11,0,-2,0,0
2,18,5,0,0,-2,1,0.11,0,-2,0,0
2,18,6,0,0,-2,1.2,0.11,0,-2,0,0
2,18,7,0,23,0,1.4,0.11,22.154,0.573,17.432,12.851
2,18,8,0,45,1,1.7,0.11,43.38,2.069,37.07,31.793
2,18,9,0,70,3,1.9,0.11,67.584,4.594,57.858,51.844
2,18,10,0,141,3,1.9,0.11,138.921,6.271,120.262,112.037
2,18,11,0,94,3,1.9,0.11,90.952,5.137,77.548,70.836
2,18,12,0,73,3,2,0.11,70.555,4.624,59.662,53.584
2,18,13,0,70,2,2,0.11,67.63,3.558,57.494,51.493
2,18,14,0,24,2,1.8,0.11,23.13,2.556,19.066,14.427
2,18,15,0,63,1,1.7,0.11,60.799,2.497,52.468,46.645
2,18,16,30,76,1,1.6,0.11,90.251,3.27,77.659,70.944
2,18,17,0,4,1,1.4,0.11,3.971,1.088,1.962,0
2,18,18,0,0,1,1.2,0.11,0,1,0,0
2,18,19,0,0,1,1,0.11,0,1,0,0
2,18,20,0,0,1,0.8,0.11,0,1,0,0
2,18,21,0,0,1,0.7,0.11,0,1,0,0
2,18,22,0,0,1,0.8,0.11,0,1,0,0
2,18,23,0,0,2,1,0.11,0,2,0,0
2,19,0,0,0,3,1.2,0.11,0,3,0,0
2,19,1,0,0,3,1.2,0.11,0,3,0,0
2,19,2,0,0,2,1.1,0.11,0,2,0,0
2,19,3,0,0,1,1,0.11,0,1,0,0
2,19,4,0,0,1,0.8,0.11,0,1,0,0
2,19,5,0,0,1,0.8,0.11,0,1,0,0
2,19,6,0,0,1,0.8,0.11,0,1,0,0
2,19,7,161,40,1,1,0.11,89.099,3.511,67.839,61.471
2,19,8,0,72,3,1.1,0.11,70.237,4.988,60.433,54.328
2,19,9,0,17,5,1.4,0.11,16.371,5.431,13.199,8.767
2,19,10,0,165,7,1.6,0.11,163.867,11.115,140.069,131.142
2,19,11,0,122,7,1.8,0.11,119.067,9.857,100.655,93.125
2,19,12,0,102,7,2,0.11,98.922,9.276,83.171,76.261
2,19,13,334,269,6,2.3,0.11,584.11,18.871,506.884,484.959
2,19,14,15,183,4,2.7,0.11,194.602,7.946,170.068,160.078
2,19,15,653,108,2,2.7,0.11,496.787,12.247,449.523,429.631
2,19,16,439,59,0,2.4,0.11,229.752,4.904,196.499,185.572
2,19,17,101,13,-1,2.3,0.11,24.993,-0.599,10.555,6.218
2,19,18,0,0,-2,2.2,0.11,0,-2,0,0
2,19,19,0,0,-3,2.2,0.11,0,-3,0,0
2,19,20,0,0,-3,2.2,0.11,0,-3,0,0
2,19,21,0,0,-4,2.1,0.11,0,-4,0,0
2,19,22,0,0,-4,2,0.11,0,-4,0,0
2,19,23,0,0,-4,1.9,0.11,0,-4,0,0
2,20,0,0,0,-4,1.9,0.11,0,-4,0,0
2,20,1,0,0,-4,1.9,0.11,0,-4,0,0
2,20,2,0,0,-4,2,0.11,0,-4,0,0
2,20,3,0,0,-4,2.1,0.11,0,-4,0,0
2,20,4,0,0,-4,2.2,0.11,0,-4,0,0
2,20,5,0,0,-4,2.2,0.11,0,-4,0,0
2,20,6,0,0,-4,2.2,0.11,0,-4,0,0
2,20,7,74,43,-4,2.3,0.11,65.448,-2.603,52.361,46.542
2,20,8,686,77,-3,2.6,0.11,412.32,5.622,374.853,357.607
2,20,9,780,106,-2,2.7,0.11,636.191,11.138,578.301,553.846
2,20,10,843,119,-2,2.6,0.11,806.847,14.934,720.194,690.711
2,20,11,890,117,-1,2.6,0.11,913.276,18.166,803.247,770.821
2,20,12,909,112,0,2.6,0.11,939.217,19.707,821.15,788.089
2,20,13,446,228,0,2.5,0.11,641.02,13.633,568.511,544.403
2,20,14,414,191,0,2.4,0.11,525.021,11.387,470.802,450.156
2,20,15,732,91,-1,2.3,0.11,523.633,10.645,477.344,456.466
2,20,16,532,66,-1,2,0.11,270.883,5.25,232.623,220.416
2,20,17,83,14,-2,1.9,0.11,23.967,-1.573,10.539,6.202
2,20,18,0,0,-2,1.9,0.11,0,-2,0,0
2,20,19,0,0,-2,1.9,0.11,0,-2,0,0
2,20,20,0,0,-3,1.8,0.11,0,-3,0,0
2,20,21,0,0,-3,1.6,0.11,0,-3,0,0
2,20,22,0,0,-3,1.5,0.11,0,-3,0,0
2,20,23,0,0,-3,1.4,0.11,0,-3,0,0
2,21,0,0,0,-4,1.2,0.11,0,-4,0,0
2,21,1,0,0,-4,1.1,0.11,0,-4,0,0
2,21,2,0,0,-4,1,0.11,0,-4,0,0
2,21,3,0,0,-5,0.9,0.11,0,-5,0,0
2,21,4,0,0,-5,0.9,0.11,0,-5,0,0
2,21,5,0,0,-5,0.9,0.11,0,-5,0,0
2,21,6,0,0,-4,1,0.11,0,-4,0,0
2,21,7,398,43,-3,1.2,0.11,150.304,0.999,114.558,106.535
2,21,8,686,76,-1,1.4,0.11,413.079,10.035,370.311,353.225
2,21,9,820,92,0,1.4,0.11,646.424,17.348,575.632,551.272
2,21,10,886,102,1,1.2,0.11,823.723,24.162,712.445,683.237
2,21,11,918,105,2,1,0.11,926.675,29.346,783.773,752.037
2,21,12,919,108,3,0.8,0.11,946.26,32.408,790.796,758.811
2,21,13,887,109,4,0.9,0.11,875.723,30.524,738.511,708.379
2,21,14,818,108,3,0.9,0.11,726.269,25.007,627.481,601.283
2,21,15,694,99,2,0.7,0.11,513.055,18.41,454.778,434.7
2,21,16,478,73,0,0.6,0.11,259.728,8.368,221.247,209.444
2,21,17,0,16,0,0.8,0.11,15.883,0.407,8.354,4.094
2,21,18,0,0,0,0.9,0.11,0,0,0,0
2,21,19,0,0,-1,0.9,0.11,0,-1,0,0
2,21,20,0,0,-1,1,0.11,0,-1,0,0
2,21,21,0,0,-1,1.1,0.11,0,-1,0,0
2,21,22,0,0,-1,1.2,0.11,0,-1,0,0
2,21,23,0,0,-1,1.2,0.11,0,-1,0,0
2,22,0,0,0,-1,1.2,0.11,0,-1,0,0
2,22,1,0,0,0,1.2,0.11,0,0,0,0
2,22,2,0,0,0,1.1,0.11,0,0,0,0
2,22,3,0,0,0,1.1,0.11,0,0,0,0
2,22,4,0,0,0,1,0.11,0,0,0,0
2,22,5,0,0,0,0.8,0.11,0,0,0,0
2,22,6,0,0,0,0.6,0.11,0,0,0,0
2,22,7,0,6,0,0.5,0.11,5.762,0.189,4.392,0.273
2,22,8,20,114,1,0.5,0.11,123.835,5.127,108.731,100.915
2,22,9,0,106,2,0.7,0.11,103.551,5.247,89.679,82.538
2,22,10,145,261,2,1.2,0.11,402.111,13.17,352.34,335.892
2,22,11,0,154,2,1.4,0.11,151.602,5.974,130.95,122.346
2,22,12,10,215,2,1.6,0.11,223.947,7.621,194.674,183.812
2,22,13,12,210,1,1.8,0.11,220.45,6.305,193.01,182.208
2,22,14,19,193,1,1.9,0.11,207.814,5.91,183.174,172.72
2,22,15,56,157,1,2,0.11,196.406,5.571,175.005,164.841
2,22,16,506,72,0,2,0.11,269.772,6.233,231.983,219.799
2,22,17,94,16,0,2,0.11,27.586,0.482,12.13,7.737
2,22,18,0,0,-1,2,0.11,0,-1,0,0
2,22,19,0,0,-1,2.1,0.11,0,-1,0,0
2,22,20,0,0,-1,2.2,0.11,0,-1,0,0
2,22,21,0,0,-1,2.3,0.11,0,-1,0,0
2,22,22,0,0,-2,2.2,0.11,0,-2,0,0
2,22,23,0,0,-2,2.1,0.11,0,-2,0,0
2,23,0,0,0,-3,2.1,0.11,0,-3,0,0
2,23,1,0,0,-3,2,0.11,0,-3,0,0
2,23,2,0,0,-3,1.9,0.11,0,-3,0,0
2,23,3,0,0,-3,1.9,0.11,0,-3,0,0
2,23,4,0,0,-3,1.8,0.11,0,-3,0,0
2,23,5,0,0,-3,1.7,0.11,0,-3,0,0
2,23,6,0,0,-3,1.7,0.11,0,-3,0,0
2,23,7,435,45,-2,1.8,0.11,164.185,1.82,126.524,118.078
2,23,8,687,80,-1,2.1,0.11,422.005,8.715,380.905,363.445
2,23,9,801,102,-1,2.3,0.11,652.502,13.508,588.132,563.329
2,23,10,880,108,0,2.3,0.11,831.771,18.467,733.199,703.255
2,23,11,451,247,0,2.4,0.11,685.308,14.841,603.934,578.571
2,23,12,176,308,0,2.4,0.11,496.966,10.698,438.82,419.307
2,23,13,75,275,0,2.4,0.11,355.555,7.63,314.816,299.697
2,23,14,886,91,0,2.4,0.11,760.572,16.595,677.098,649.142
2,23,15,805,78,0,2.3,0.11,553.404,12.316,502.258,480.497
2,23,16,623,59,-1,2.2,0.11,299.33,5.655,258.046,244.939
2,23,17,175,17,-2,2,0.11,38.949,-1.352,16.257,11.718
2,23,18,0,0,-3,1.9,0.11,0,-3,0,0
2,23,19,0,0,-3,1.8,0.11,0,-3,0,0
2,23,20,0,0,-4,1.7,0.11,0,-4,0,0
2,23,21,0,0,-4,1.6,0.11,0,-4,0,0
2,23,22,0,0,-5,1.6,0.11,0,-5,0,0
2,23,23,0,0,-5,1.5,0.11,0,-5,0,0
2,24,0,0,0,-6,1.5,0.11,0,-6,0,0
2,24,1,0,0,-6,1.5,0.11,0,-6,0,0
2,24,2,0,0,-6,1.5,0.11,0,-6,0,0
2,24,3,0,0,-6,1.5,0.11,0,-6,0,0
2,24,4,0,0,-6,1.4,0.11,0,-6,0,0
2,24,5,0,0,-7,1.4,0.11,0,-7,0,0
2,24,6,0,0,-7,1.4,0.11,0,-7,0,0
2,24,7,489,42,-6,1.6,0.11,176.197,-1.722,137.709,128.866
2,24,8,748,69,-4,1.8,0.11,439.198,6.755,399.899,381.765
2,24,9,867,82,-3,1.9,0.11,673.735,13.225,608.514,582.988
2,24,10,928,90,-1,1.8,0.11,846.933,19.795,743.558,713.248
2,24,11,959,92,0,1.7,0.11,949.384,23.806,818.607,785.637
2,24,12,969,91,0,1.5,0.11,972.369,25.476,832.845,799.37
2,24,13,950,89,1,1.4,0.11,906.962,25.325,779.229,747.655
2,24,14,905,84,1,1.3,0.11,768.688,22.126,671.36,643.608
2,24,15,823,74,0,1.1,0.11,561.135,16.197,502.632,480.858
2,24,16,666,54,-1,0.7,0.11,309.361,8.708,264.169,250.845
2,24,17,0,27,-2,0.5,0.11,27.22,-1.235,14.717,10.232
2,24,18,0,0,-3,0.5,0.11,0,-3,0,0
2,24,19,0,0,-3,0.5,0.11,0,-3,0,0
2,24,20,0,0,-4,0.5,0.11,0,-4,0,0
2,24,21,0,0,-5,0.5,0.11,0,-5,0,0
2,24,22,0,0,-5,0.5,0.11,0,-5,0,0
2,24,23,0,0,-6,0.5,0.11,0,-6,0,0
2,25,0,0,0,-6,0.5,0.11,0,-6,0,0
2,25,1,0,0,-7,0.5,0.11,0,-7,0,0
2,25,2,0,0,-7,0.4,0.11,0,-7,0,0
2,25,3,0,0,-7,0.4,0.11,0,-7,0,0
2,25,4,0,0,-7,0.3,0.11,0,-7,0,0
2,25,5,0,0,-7,0.3,0.11,0,-7,0,0
2,25,6,0,0,-6,0.3,0.11,0,-6,0,0
2,25,7,53,52,-3,0.3,0.11,70.425,-0.55,58.231,52.204
2,25,8,645,86,-1,0.2,0.11,412.787,14.255,365.889,348.96
2,25,9,781,103,1,0.2,0.11,645.218,24.942,558.263,534.518
2,25,10,861,108,3,0.3,0.11,821.885,32.518,688.648,660.283
2,25,11,898,110,4,0.5,0.11,926.353,35.302,765.504,734.416
2,25,12,910,107,5,0.6,0.11,947.983,36.125,780.481,748.862
2,25,13,909,97,5,0.8,0.11,884.461,32.513,739.984,709.8
2,25,14,863,92,4,0.9,0.11,749.657,26.731,643.53,616.763
2,25,15,774,81,3,0.7,0.11,542.487,20.38,478.224,457.315
2,25,16,598,61,0,0.5,0.11,294.792,9.801,251.354,238.484
2,25,17,174,19,-1,0.5,0.11,44.916,0.108,19.53,14.874
2,25,18,0,0,-1,0.6,0.11,0,-1,0,0
2,25,19,0,0,-1,0.8,0.12,0,-1,0,0
2,25,20,0,0,-1,0.9,0.12,0,-1,0,0
2,25,21,0,0,-1,0.9,0.12,0,-1,0,0
2,25,22,0,0,-1,0.8,0.12,0,-1,0,0
2,25,23,0,0,-1,0.8,0.12,0,-1,0,0
2,26,0,0,0,-1,0.8,0.12,0,-1,0,0
2,26,1,0,0,-2,0.8,0.12,0,-2,0,0
2,26,2,0,0,-2,0.8,0.12,0,-2,0,0
2,26,3,0,0,-2,0.8,0.12,0,-2,0,0
2,26,4,0,0,-2,0.8,0.12,0,-2,0,0
2,26,5,0,0,-1,0.8,0.12,0,-1,0,0
2,26,6,0,0,0,0.9,0.12,0,0,0,0
2,26,7,0,50,0,0.9,0.12,49.941,1.472,41.825,36.379
2,26,8,0,23,2,0.9,0.12,22.213,2.659,18.45,13.833
2,26,9,0,103,4,0.8,0.12,100.641,7.061,86.355,79.332
2,26,10,49,248,5,0.7,0.12,301.686,14.465,259.788,246.619
2,26,11,16,232,6,0.6,0.12,247.563,13.949,210.977,199.538
2,26,12,66,297,7,0.6,0.12,375.885,19.119,318.634,303.38
2,26,13,135,292,8,0.5,0.12,437.012,22.553,369.241,352.193
2,26,14,7,181,7,0.4,0.12,186.271,13.348,158.889,149.295
2,26,15,0,110,6,0.4,0.12,108.428,9.699,92.81,85.558
2,26,16,107,92,5,0.8,0.12,139.399,9.255,119.006,110.825
2,26,17,0,14,2,1,0.12,13.528,2.33,7,2.789
2,26,18,0,0,0,0.7,0.12,0,0,0,0
2,26,19,0,0,0,0.5,0.12,0,0,0,0
2,26,20,0,0,0,0.7,0.12,0,0,0,0
2,26,21,0,0,0,0.8,0.12,0,0,0,0
2,26,22,0,0,1,0.8,0.12,0,1,0,0
2,26,23,0,0,0,0.9,0.12,0,0,0,0
2,27,0,0,0,0,0.9,0.12,0,0,0,0
2,27,1,0,0,0,0.9,0.12,0,0,0,0
2,27,2,0,0,0,0.9,0.12,0,0,0,0
2,27,3,0,0,1,0.9,0.12,0,1,0,0
2,27,4,0,0,1,0.9,0.12,0,1,0,0
2,27,5,0,0,1,1.1,0.12,0,1,0,0
2,27,6,0,0,2,1.3,0.12,0,2,0,0
2,27,7,275,60,4,1.5,0.12,143.838,7.61,113.531,105.545
2,27,8,238,130,7,1.6,0.12,261.354,13.635,228.94,216.864
2,27,9,184,221,10,1.9,0.12,365.097,18.677,315.378,300.239
2,27,10,187,274,11,2.1,0.12,452.246,21.303,385.751,368.118
2,27,11,376,278,12,2.2,0.12,649.978,26.563,547.674,524.305
2,27,12,333,296,13,2.3,0.12,637.609,27.006,535.196,512.268
2,27,13,46,266,14,2.2,0.12,320.835,21.121,269.245,255.741
2,27,14,0,18,13,2.1,0.12,17.407,13.392,13.489,9.047
2,27,15,184,172,12,2,0.12,293.269,18.838,253.099,240.167
2,27,16,0,56,11,1.8,0.12,54.441,12.308,44.924,39.368
2,27,17,0,7,11,1.7,0.12,6.748,11.14,3.247,0
2,27,18,0,0,10,1.5,0.12,0,10,0,0
2,27,19,0,0,10,1.4,0.12,0,10,0,0
2,27,20,0,0,10,1.2,0.12,0,10,0,0
2,27,21,0,0,10,1.2,0.12,0,10,0,0
2,27,22,0,0,9,1.4,0.12,0,9,0,0
2,27,23,0,0,7,1.4,0.12,0,7,0,0
2,28,0,0,0,4,1.3,0.12,0,4,0,0
2,28,1,0,0,2,1.3,0.12,0,2,0,0
2,28,2,0,0,1,1.3,0.12,0,1,0,0
2,28,3,0,0,0,1.4,0.12,0,0,0,0
2,28,4,0,0,0,1.2,0.12,0,0,0,0
2,28,5,0,0,-1,1.2,0.12,0,-1,0,0
2,28,6,0,0,-2,1.4,0.12,0,-2,0,0
2,28,7,472,51,-1,1.5,0.12,187.404,3.681,148.133,138.921
2,28,8,739,77,0,1.5,0.12,455.47,11.903,409.062,390.604
2,28,9,504,158,0,1.5,0.12,525.829,13.714,469.415,448.819
2,28,10,367,246,1,1.5,0.12,576.164,15.959,505.302,483.433
2,28,11,224,311,2,1.4,0.12,542.083,16.341,470.361,449.73
2,28,12,299,305,3,1.2,0.12,617.952,20.166,530.657,507.89
2,28,13,193,297,3,1.1,0.12,491.931,16.977,425.604,406.559
2,28,14,24,209,3,1,0.12,228.426,9.61,198.917,187.905
2,28,15,0,111,2,0.8,0.12,109.305,5.33,95.087,87.754
2,28,16,0,36,1,0.5,0.12,34.797,2.152,29.4,24.395
2,28,17,0,5,0,0.4,0.12,4.817,0.138,2.408,0
2,28,18,0,0,0,0.5,0.12,0,0,0,0
2,28,19,0,0,0,0.7,0.12,0,0,0,0
2,28,20,0,0,0,0.8,0.12,0,0,0,0
2,28,21,0,0,0,0.8,0.12,0,0,0,0
2,28,22,0,0,-1,0.9,0.12,0,-1,0,0
2,28,23,0,0,-1,1.1,0.12,0,-1,0,0
3,1,0,0,0,-1,1.2,0.12,0,-1,0,0
3,1,1,0,0,-1,1.3,0.12,0,-1,0,0
3,1,2,0,0,-1,1.2,0.12,0,-1,0,0
3,1,3,0,0,-2,1.1,0.12,0,-2,0,0
3,1,4,0,0,-2,1.1,0.12,0,-2,0,0
3,1,5,0,0,-2,1.1,0.12,0,-2,0,0
3,1,6,0,0,-2,1.2,0.12,0,-2,0,0
3,1,7,0,35,-1,1.3,0.12,33.848,-0.095,28.353,23.385
3,1,8,11,124,0,1.4,0.12,129.362,3.405,114.416,106.398
3,1,9,15,179,0,1.3,0.12,189.517,5.097,167.256,157.366
3,1,10,33,242,1,1.2,0.12,281.125,8.744,245.987,233.307
3,1,11,63,297,1,1.1,0.12,371.651,11.498,323.392,307.969
3,1,12,120,323,2,1.1,0.12,465.497,15.181,402.396,384.174
3,1,13,118,299,3,1,0.12,430.18,15.499,371.876,354.735
3,1,14,43,226,3,0.8,0.12,269.451,11.228,234.512,222.239
3,1,15,4,143,2,0.7,0.12,144.921,6.541,126.701,118.248
3,1,16,0,71,1,0.7,0.12,69.77,3.185,60.314,54.213
3,1,17,0,11,0,0.6,0.12,10.614,0.288,5.486,1.328
3,1,18,0,0,0,0.5,0.12,0,0,0,0
3,1,19,0,0,0,0.8,0.87,0,0,0,0
3,1,20,0,0,0,1.3,0.87,0,0,0,0
3,1,21,0,0,0,1.6,0.87,0,0,0,0
3,1,22,0,0,-1,1.9,0.87,0,-1,0,0
3,1,23,0,0,-2,2,0.87,0,-2,0,0
3,2,0,0,0,-3,1.9,0.87,0,-3,0,0
3,2,1,0,0,-4,1.9,0.87,0,-4,0,0
3,2,2,0,0,-4,2,0.87,0,-4,0,0
3,2,3,0,0,-5,2,0.87,0,-5,0,0
3,2,4,0,0,-5,2,0.87,0,-5,0,0
3,2,5,0,0,-5,2.1,0.87,0,-5,0,0
3,2,6,0,0,-5,2.2,0.87,0,-5,0,0
3,2,7,411,62,-5,2.3,0.87,217.911,-0.996,182.422,171.995
3,2,8,0,25,-5,2.3,0.87,30.13,-4.465,26.035,21.149
3,2,9,0,32,-5,2.4,0.87,38.608,-4.329,33.338,28.193
3,2,10,10,206,-5,2.4,0.87,263.931,-0.357,237.337,224.964
3,2,11,112,317,-4,2.5,0.87,525.717,5.359,470.441,449.807
3,2,12,94,320,-4,2.5,0.87,512.669,5.105,458.315,438.111
3,2,13,28,253,-4,2.4,0.87,351.869,2.287,315.292,300.156
3,2,14,57,236,-4,2.2,0.87,351.549,2.578,317.182,301.98
3,2,15,266,170,-5,2.1,0.87,406.86,3.033,373.753,356.546
3,2,16,425,75,-6,2.1,0.87,289.976,-0.279,260.006,246.829
3,2,17,107,26,-7,2.1,0.87,51.493,-6.191,26.784,21.871
3,2,18,0,0,-7,2,0.87,0,-7,0,0
3,2,19,0,0,-8,1.9,0.87,0,-8,0,0
3,2,20,0,0,-8,1.8,0.87,0,-8,0,0
3,2,21,0,0,-8,1.7,0.87,0,-8,0,0
3,2,22,0,0,-8,1.6,0.87,0,-8,0,0
3,2,23,0,0,-9,1.5,0.87,0,-9,0,0
3,3,0,0,0,-9,1.5,0.87,0,-9,0,0
3,3,1,0,0,-9,1.4,0.87,0,-9,0,0
3,3,2,0,0,-10,1.4,0.87,0,-10,0,0
3,3,3,0,0,-10,1.4,0.87,0,-10,0,0
3,3,4,0,0,-10,1.4,0.87,0,-10,0,0
3,3,5,0,0,-11,1.4,0.87,0,-11,0,0
3,3,6,0,0,-10,1.4,0.87,0,-10,0,0
3,3,7,554,57,-9,1.6,0.87,258.971,-3.486,218.274,206.576
3,3,8,782,91,-8,1.7,0.87,579.351,4.705,535.519,512.58
3,3,9,885,114,-7,1.8,0.87,860.846,11.495,777.728,746.207
3,3,10,921,138,-6,1.8,0.87,1066.505,16.937,938.104,833.333
3,3,11,945,147,-5,1.8,0.87,1188.703,20.538,1027.542,833.333
3,3,12,953,146,-4,1.7,0.87,1211.956,22.598,1039.289,833.333
3,3,13,937,140,-4,1.7,0.87,1131.245,20.843,979.241,833.333
3,3,14,903,123,-3,1.6,0.87,954.389,18.487,838.801,805.115
3,3,15,833,100,-3,1.4,0.87,705.176,13.609,635.216,608.744
3,3,16,686,70,-5,1,0.87,400.366,5.147,354.181,337.668
3,3,17,308,26,-7,0.8,0.87,86.821,-5.152,45.871,40.282
3,3,18,0,0,-8,0.8,0.87,0,-8,0,0
3,3,19,0,0,-9,0.8,0.87,0,-9,0,0
3,3,20,0,0,-10,0.8,0.87,0,-10,0,0
3,3,21,0,0,-10,0.9,0.87,0,-10,0,0
3,3,22,0,0,-11,0.9,0.87,0,-11,0,0
3,3,23,0,0,-11,0.9,0.87,0,-11,0,0
3,4,0,0,0,-11,0.9,0.87,0,-11,0,0
3,4,1,0,0,-11,0.9,0.87,0,-11,0,0
3,4,2,0,0,-11,0.9,0.87,0,-11,0,0
3,4,3,0,0,-12,1,0.87,0,-12,0,0
3,4,4,0,0,-12,1,0.87,0,-12,0,0
3,4,5,0,0,-12,1,0.87,0,-12,0,0
3,4,6,0,0,-11,0.9,0.87,0,0,0,0
3,4,7,558,55,-8,0.9,0.87,259.438,-1.445,217.743,206.064
3,4,8,772,89,-5,1,0.87,574.953,9.829,522.67,500.186
3,4,9,867,113,-3,1,0.87,845.008,18.935,744.031,713.704
3,4,10,931,123,-1,1,0.87,1060.176,26.449,902.41,833.333
3,4,11,955,131,0,1,0.87,1175.579,30.561,981.226,833.333
3,4,12,956,134,0,1,0.87,1196.556,31.096,995.867,833.333
3,4,13,926,137,0,1,0.87,1113.934,28.945,937.107,833.333
3,4,14,884,125,0,0.9,0.87,944.488,25.088,810.947,778.249
3,4,15,805,105,0,0.7,0.87,695.974,19.494,613.948,588.23
3,4,16,659,74,-1,0.6,0.87,393.938,10.137,342.917,326.803
3,4,17,294,28,-4,0.6,0.87,88.994,-1.934,50.449,44.698
3,4,18,0,0,-5,0.7,0.87,0,-5,0,0
3,4,19,0,0,-6,0.8,0.87,0,-6,0,0
3,4,20,0,0,-6,0.8,0.87,0,-6,0,0
3,4,21,0,0,-7,0.7,0.87,0,-7,0,0
3,4,22,0,0,-7,0.7,0.87,0,-7,0,0
3,4,23,0,0,-7,0.7,0.87,0,-7,0,0
3,5,0,0,0,-7,0.7,0.87,0,-7,0,0
3,5,1,0,0,-7,0.6,0.87,0,-7,0,0
3,5,2,0,0,-7,0.6,0.87,0,-7,0,0
3,5,3,0,0,-6,0.7,0.87,0,-6,0,0
3,5,4,0,0,-6,0.7,0.87,0,-6,0,0
3,5,5,0,0,-6,0.4,0.87,0,-6,0,0
3,5,6,0,0,-5,0.3,0.87,0,0,0,0
3,5,7,488,63,-3,0.3,0.87,249.434,4.446,206.977,195.68
3,5,8,712,102,-1,0.4,0.87,557.938,16.001,496.254,474.706
3,5,9,818,128,1,0.6,0.87,832.408,25.016,716.719,687.359
3,5,10,870,147,3,0.7,0.87,1036.235,32.14,863.275,828.722
3,5,11,888,159,4,0.8,0.87,1146.893,35.313,940.089,833.333
3,5,12,888,162,4,0.9,0.87,1165.449,34.983,955.603,833.333
3,5,13,662,176,5,1,0.87,910.785,28.551,765.67,734.576
3,5,14,681,134,4,1,0.87,786.029,24.303,675.226,647.336
3,5,15,711,126,3,0.8,0.87,661.956,20.964,579.769,555.262
3,5,16,545,90,1,0.6,0.87,366.017,11.283,317.836,302.61
3,5,17,190,32,0,0.7,0.87,77.794,1.831,47.916,42.255
3,5,18,0,0,0,0.9,0.87,0,0,0,0
3,5,19,0,0,0,0.9,0.11,0,0,0,0
3,5,20,0,0,0,0.8,0.11,0,0,0,0
3,5,21,0,0,0,0.8,0.11,0,0,0,0
3,5,22,0,0,0,0.8,0.11,0,0,0,0
3,5,23,0,0,0,0.8,0.11,0,0,0,0
3,6,0,0,0,0,0.7,0.11,0,0,0,0
3,6,1,0,0,0,0.8,0.11,0,0,0,0
3,6,2,0,0,0,0.9,0.11,0,0,0,0
3,6,3,0,0,0,1,0.11,0,0,0,0
3,6,4,0,0,0,1,0.11,0,0,0,0
3,6,5,0,0,0,1,0.11,0,0,0,0
3,6,6,0,0,0,1,0.11,0,0,0,0
3,6,7,0,8,2,1.1,0.11,7.686,2.217,6.052,1.874
3,6,8,31,141,4,1.1,0.11,160.91,8.57,140.731,131.781
3,6,9,13,184,7,1.2,0.11,192.2,12.304,164.98,155.171
3,6,10,47,266,9,1.2,0.11,317.696,17.778,269.74,256.218
3,6,11,0,62,10,1.2,0.11,59.938,11.643,48.752,43.061
3,6,12,73,322,11,1.3,0.11,407.853,22.003,341.873,325.796
3,6,13,408,270,12,1.2,0.11,658.952,30.385,547.668,524.299
3,6,14,704,145,11,1,0.11,710.361,31.955,594.618,569.584
3,6,15,625,122,10,0.7,0.11,516.255,26.502,442.488,422.845
3,6,16,469,88,7,0.6,0.11,281.583,16.142,238.224,225.819
3,6,17,152,31,4,0.7,0.11,59.647,5.683,36.896,31.625
3,6,18,0,0,4,0.8,0.11,0,4,0,0
3,6,19,0,0,4,0.8,0.11,0,4,0,0
3,6,20,0,0,4,0.8,0.11,0,4,0,0
3,6,21,0,0,5,0.8,0.11,0,5,0,0
3,6,22,0,0,5,0.9,0.11,0,5,0,0
3,6,23,0,0,5,0.8,0.11,0,5,0,0
3,7,0,0,0,5,0.6,0.11,0,5,0,0
3,7,1,0,0,5,0.7,0.11,0,5,0,0
3,7,2,0,0,5,0.7,0.11,0,5,0,0
3,7,3,0,0,6,0.7,0.11,0,6,0,0
3,7,4,0,0,6,0.6,0.11,0,6,0,0
3,7,5,0,0,5,0.5,0.11,0,5,0,0
3,7,6,0,0,6,0.5,0.11,0,0,0,0
3,7,7,297,78,10,0.6,0.11,175.518,15.604,140.248,131.315
3,7,8,532,121,13,0.5,0.11,412.559,26.934,351.154,334.748
3,7,9,665,142,16,0.6,0.11,635.548,36.858,523.039,500.542
3,7,10,323,276,19,0.7,0.11,578.839,37.346,467.667,447.133
3,7,11,122,333,20,0.7,0.11,475.351,34.97,381.891,364.395
3,7,12,176,342,20,0.8,0.11,537.153,36.488,430.727,411.501
3,7,13,129,315,19,0.7,0.11,456.206,33.378,369.262,352.214
3,7,14,94,258,17,0.8,0.11,341.794,27.488,282.256,268.291
3,7,15,79,186,16,1,0.11,239.887,22.999,201.204,190.111
3,7,16,84,107,15,1,0.11,146.122,19.251,121.326,113.064
3,7,17,131,33,13,0.9,0.11,56.795,14.546,35.285,30.072
3,7,18,0,0,11,0.9,0.11,0,11,0,0
3,7,19,0,0,10,0.9,0.11,0,10,0,0
3,7,20,0,0,10,1,0.11,0,10,0,0
3,7,21,0,0,9,1,0.11,0,9,0,0
3,7,22,0,0,9,1,0.11,0,9,0,0
3,7,23,0,0,8,0.9,0.11,0,8,0,0
3,8,0,0,0,8,0.9,0.11,0,8,0,0
3,8,1,0,0,9,1,0.11,0,9,0,0
3,8,2,0,0,9,0.9,0.11,0,9,0,0
3,8,3,0,0,9,0.8,0.11,0,9,0,0
3,8,4,0,0,9,0.8,0.11,0,9,0,0
3,8,5,0,0,9,0.8,0.11,0,9,0,0
3,8,6,0,0,10,0.8,0.11,0,0,0,0
3,8,7,0,51,12,0.7,0.11,49.466,13.55,40.221,34.832
3,8,8,0,103,13,0.7,0.11,100.768,16.165,83.988,77.049
3,8,9,37,212,15,0.6,0.11,245.762,22.95,204.517,193.307
3,8,10,5,193,16,0.6,0.11,195.252,22.279,159.977,150.344
3,8,11,35,287,16,0.5,0.11,332.707,27.039,271.742,258.149
3,8,12,33,290,16,0.4,0.11,334.552,27.429,272.661,259.036
3,8,13,3,182,15,0.3,0.11,182.169,21.394,149.043,139.798
3,8,14,18,213,14,0.4,0.11,226.256,21.734,187.712,177.097
3,8,15,0,139,13,0.7,0.11,137.103,17.303,114.626,106.601
3,8,16,0,61,11,0.8,0.11,58.974,12.802,48.86,43.165
3,8,17,0,10,10,0.8,0.11,9.611,10.283,6.567,2.371
3,8,18,0,0,9,0.9,0.11,0,9,0,0
3,8,19,0,0,8,0.9,0.11,0,8,0,0
3,8,20,0,0,8,0.9,0.11,0,8,0,0
3,8,21,0,0,7,0.9,0.11,0,7,0,0
3,8,22,0,0,7,0.8,0.11,0,7,0,0
3,8,23,0,0,6,0.8,0.11,0,6,0,0
3,9,0,0,0,6,0.6,0.11,0,6,0,0
3,9,1,0,0,5,0.4,0.11,0,5,0,0
3,9,2,0,0,5,0.3,0.11,0,5,0,0
3,9,3,0,0,5,0.4,0.11,0,5,0,0
3,9,4,0,0,5,0.4,0.11,0,5,0,0
3,9,5,0,0,5,0.4,0.11,0,5,0,0
3,9,6,0,0,6,0.8,0.11,0,0,0,0
3,9,7,435,64,8,1.4,0.11,204.766,13.326,164.322,154.536
3,9,8,632,99,10,2.1,0.11,447.083,20.327,391.547,373.709
3,9,9,759,112,11,2.4,0.11,672.485,25.661,577.731,553.296
3,9,10,151,307,11,2.4,0.11,460.519,20.904,391.343,373.513
3,9,11,157,342,12,2.3,0.11,517.311,23.332,435.007,415.629
3,9,12,857,132,12,2.2,0.11,959.438,33.683,793.194,761.125
3,9,13,842,129,12,2.1,0.11,897.799,32.688,746.762,716.338
3,9,14,791,124,11,1.9,0.11,757.743,29.207,641.285,614.598
3,9,15,701,111,10,1.6,0.11,552.692,24.181,478.441,457.525
3,9,16,515,90,9,1.2,0.11,303.242,17.426,256.349,243.302
3,9,17,161,38,7,0.9,0.11,68.779,8.899,45.77,40.185
3,9,18,0,0,6,0.9,0.11,0,6,0,0
3,9,19,0,0,5,0.9,0.11,0,5,0,0
3,9,20,0,0,4,0.9,0.11,0,4,0,0
3,9,21,0,0,3,0.9,0.11,0,3,0,0
3,9,22,0,0,2,0.8,0.11,0,2,0,0
3,9,23,0,0,1,0.7,0.11,0,1,0,0
3,10,0,0,0,0,0.6,0.11,0,0,0,0
3,10,1,0,0,0,0.5,0.11,0,0,0,0
3,10,2,0,0,0,0.5,0.11,0,0,0,0
3,10,3,0,0,-1,0.5,0.11,0,-1,0,0
3,10,4,0,0,-1,0.5,0.11,0,-1,0,0
3,10,5,0,0,-1,0.5,0.11,0,-1,0,0
3,10,6,0,0,0,0.6,0.11,0,0,0,0
3,10,7,389,78,2,0.9,0.11,205.674,8.065,169.985,159.998
3,10,8,0,83,5,0.9,0.11,80.438,7.393,68.742,62.343
3,10,9,176,242,6,0.9,0.11,384.9,17.541,332.621,316.871
3,10,10,55,281,6,0.8,0.11,340.374,16.411,290.643,276.381
3,10,11,4,190,6,0.9,0.11,191.148,11.658,162.058,152.352
3,10,12,0,56,6,1,0.11,54.144,7.559,44.495,38.954
3,10,13,0,48,6,1,0.11,46.378,7.336,38.023,32.713
3,10,14,0,162,6,1,0.11,159.418,10.607,135.982,127.2
3,10,15,0,110,6,1.1,0.11,107.3,9.032,91.72,84.506
3,10,16,0,4,5,1,0.11,3.844,5.112,2.93,0
3,10,17,0,1,4,0.9,0.11,0.959,4.028,0,0
3,10,18,0,0,3,0.8,0.11,0,3,0,0
3,10,19,0,0,3,0.8,0.11,0,3,0,0
3,10,20,0,0,3,0.9,0.11,0,3,0,0
3,10,21,0,0,3,0.9,0.11,0,3,0,0
3,10,22,0,0,3,0.9,0.11,0,3,0,0
3,10,23,0,0,3,0.8,0.11,0,3,0,0
3,11,0,0,0,3,0.7,0.11,0,3,0,0
3,11,1,0,0,3,0.7,0.11,0,3,0,0
3,11,2,0,0,3,0.8,0.11,0,3,0,0
3,11,3,0,0,3,0.9,0.11,0,3,0,0
3,11,4,0,0,3,0.9,0.11,0,3,0,0
3,11,5,0,0,3,0.9,0.11,0,3,0,0
3,11,6,0,2,4,0.8,0.11,1.985,4.051,0.936,0
3,11,7,0,5,5,0.8,0.11,4.803,5.147,3.675,0
3,11,8,0,95,6,1,0.11,92.463,8.681,79.009,72.246
3,11,9,0,131,8,1.3,0.11,128.067,11.441,108.424,100.619
3,11,10,7,201,11,1.5,0.11,204.943,16.255,171.922,161.866
3,11,11,12,237,13,1.4,0.11,246.971,19.476,205.16,193.927
3,11,12,0,122,15,1.2,0.11,118.747,18.254,96.406,89.027
3,11,13,5,193,16,1.1,0.11,195.016,21.49,159.764,150.14
3,11,14,0,125,16,1,0.11,121.856,19.519,99.468,91.98
3,11,15,0,27,15,1.1,0.11,26.017,15.735,20.432,15.744
3,11,16,0,56,14,1.2,0.11,54.027,15.492,44.13,38.602
3,11,17,0,14,11,1.3,0.11,13.465,11.354,9.698,5.391
3,11,18,0,0,9,1.3,0.11,0,9,0,0
3,11,19,0,0,8,1.4,0.11,0,8,0,0
3,11,20,0,0,7,1.5,0.11,0,7,0,0
3,11,21,0,0,6,1.5,0.11,0,6,0,0
3,11,22,0,0,4,1.4,0.11,0,4,0,0
3,11,23,0,0,3,1.4,0.11,0,3,0,0
3,12,0,0,0,1,1.2,0.11,0,1,0,0
3,12,1,0,0,0,1.2,0.11,0,0,0,0
3,12,2,0,0,0,1.2,0.11,0,0,0,0
3,12,3,0,0,0,1.1,0.11,0,0,0,0
3,12,4,0,0,0,1,0.11,0,0,0,0
3,12,5,0,0,-1,0.9,0.11,0,-1,0,0
3,12,6,0,16,-1,1,0.11,15.883,-0.613,8.391,4.13
3,12,7,560,65,0,1.2,0.11,248.533,6.796,206.196,194.926
3,12,8,751,91,0,1.4,0.11,507.475,13.635,456.986,436.83
3,12,9,850,104,2,1.3,0.11,733.651,22.153,638.562,611.971
3,12,10,896,114,3,1.2,0.11,901.472,28.321,762.95,731.952
3,12,11,917,119,4,1.2,0.11,989.697,31.767,824.277,791.106
3,12,12,914,121,5,1.1,0.11,1000.194,33.751,826.488,793.239
3,12,13,890,120,6,1,0.11,935.389,33.585,775.227,743.794
3,12,14,196,273,5,0.9,0.11,444.954,18.338,383.267,365.723
3,12,15,287,186,4,0.8,0.11,377.433,15.669,331.277,315.575
3,12,16,144,115,3,0.5,0.11,177.748,8.932,154.283,144.853
3,12,17,84,38,1,0.4,0.11,54.659,2.786,40.088,34.703
3,12,18,0,0,0,0.4,0.11,0,0,0,0
3,12,19,0,0,0,0.5,0.11,0,0,0,0
3,12,20,0,0,0,0.6,0.11,0,0,0,0
3,12,21,0,0,0,0.6,0.11,0,0,0,0
3,12,22,0,0,0,0.6,0.11,0,0,0,0
3,12,23,0,0,0,0.6,0.11,0,0,0,0
3,13,0,0,0,-1,0.6,0.11,0,-1,0,0
3,13,1,0,0,-1,0.6,0.11,0,-1,0,0
3,13,2,0,0,-1,0.7,0.11,0,-1,0,0
3,13,3,0,0,-1,0.7,0.11,0,-1,0,0
3,13,4,0,0,-2,0.6,0.11,0,-2,0,0
3,13,5,0,0,-2,0.6,0.11,0,-2,0,0
3,13,6,0,16,-1,0.8,0.11,15.883,-0.593,8.39,4.129
3,13,7,477,74,0,1,0.11,233.732,6.729,195.336,184.45
3,13,8,686,103,0,1,0.11,488.484,14.441,437.828,418.35
3,13,9,286,237,2,0.8,0.11,467.05,16.417,407.734,389.323
3,13,10,842,133,3,0.6,0.11,879.428,31.856,734.023,704.05
3,13,11,862,140,4,0.6,0.11,971.514,35.852,796.215,764.038
3,13,12,860,142,5,0.6,0.11,982.236,37.198,800.507,768.178
3,13,13,331,306,6,0.6,0.11,635.456,26.687,532.833,509.989
3,13,14,273,265,5,0.6,0.11,504.588,21.434,431.735,412.474
3,13,15,306,186,5,0.5,0.11,388.902,18.082,338.712,322.746
3,13,16,0,97,3,0.4,0.11,95.344,6.267,82.559,75.67
3,13,17,0,30,1,0.5,0.11,29.063,1.948,22.895,18.12
3,13,18,0,0,0,0.5,0.11,0,0,0,0
3,13,19,0,0,0,0.4,0.12,0,0,0,0
3,13,20,0,0,0,0.4,0.12,0,0,0,0
3,13,21,0,0,0,0.4,0.12,0,0,0,0
3,13,22,0,0,-1,0.3,0.12,0,-1,0,0
3,13,23,0,0,-1,0.3,0.12,0,-1,0,0
3,14,0,0,0,-1,0.4,0.12,0,-1,0,0
3,14,1,0,0,-1,0.6,0.12,0,-1,0,0
3,14,2,0,0,-1,0.7,0.12,0,-1,0,0
3,14,3,0,0,-1,0.7,0.12,0,-1,0,0
3,14,4,0,0,-1,0.6,0.12,0,-1,0,0
3,14,5,0,0,0,0.5,0.12,0,0,0,0
3,14,6,0,9,0,0.4,0.12,8.685,0.25,4.452,0.331
3,14,7,133,89,1,0.2,0.12,135.328,5.903,115.154,107.11
3,14,8,149,174,3,0.1,0.12,264.911,13.026,232.332,220.136
3,14,9,396,217,5,0.1,0.12,526.181,24.981,447.578,427.755
3,14,10,459,255,7,0.2,0.12,688.446,32.283,568.677,544.563
3,14,11,370,318,8,0.3,0.12,702.293,32.927,575.363,551.012
3,14,12,213,358,9,0.4,0.12,591.775,29.3,487.846,466.596
3,14,13,147,334,9,0.5,0.12,493.978,25.434,411.94,393.38
3,14,14,226,275,8,0.6,0.12,471.651,23.307,399.661,381.536
3,14,15,46,189,6,0.5,0.12,222.768,13.408,192.445,181.662
3,14,16,71,118,5,0.4,0.12,148.675,10.093,128.258,119.75
3,14,17,0,27,3,0.5,0.12,26.111,3.85,20.449,15.761
3,14,18,0,0,3,0.6,0.12,0,3,0,0
3,14,19,0,0,2,0.6,0.12,0,2,0,0
3,14,20,0,0,1,0.5,0.12,0,1,0,0
3,14,21,0,0,1,0.4,0.12,0,1,0,0
3,14,22,0,0,1,0.3,0.12,0,1,0,0
3,14,23,0,0,1,0.3,0.12,0,1,0,0
3,15,0,0,0,1,0.2,0.12,0,1,0,0
3,15,1,0,0,1,0.2,0.12,0,1,0,0
3,15,2,0,0,1,0.3,0.12,0,1,0,0
3,15,3,0,0,1,0.3,0.12,0,1,0,0
3,15,4,0,0,1,0.3,0.12,0,1,0,0
3,15,5,0,0,1,0.3,0.12,0,1,0,0
3,15,6,0,7,1,0.3,0.12,6.749,1.2,3.407,0
3,15,7,0,13,3,0.2,0.12,12.54,3.455,10.109,5.788
3,15,8,39,164,5,0.1,0.12,189.385,12.128,164.05,154.273
3,15,9,1,167,6,0.1,0.12,165.696,12.192,140.932,131.974
3,15,10,7,208,7,0.1,0.12,212.534,14.932,179.122,168.812
3,15,11,2,172,8,0.2,0.12,171.304,14.176,143.101,134.067
3,15,12,3,175,9,0.2,0.12,175.309,15.32,145.869,136.737
3,15,13,1,169,10,0.3,0.12,167.339,15.849,139.094,130.202
3,15,14,0,156,10,0.4,0.12,153.497,15.214,128.327,119.816
3,15,15,8,162,9,0.4,0.12,165.492,14.647,140.536,131.593
3,15,16,59,118,7,0.3,0.12,143.758,12.076,123.063,114.739
3,15,17,0,23,5,0.3,0.12,22.225,5.77,17.244,12.669
3,15,18,0,0,3,0.3,0.12,0,3,0,0
3,15,19,0,0,3,0.3,0.12,0,3,0,0
3,15,20,0,0,2,0.4,0.12,0,2,0,0
3,15,21,0,0,2,0.6,0.12,0,2,0,0
3,15,22,0,0,2,0.8,0.12,0,2,0,0
3,15,23,0,0,2,0.9,0.12,0,2,0,0
3,16,0,0,0,1,0.9,0.12,0,1,0,0
3,16,1,0,0,1,0.8,0.12,0,1,0,0
3,16,2,0,0,1,0.7,0.12,0,1,0,0
3,16,3,0,0,1,0.7,0.12,0,1,0,0
3,16,4,0,0,0,0.8,0.12,0,0,0,0
3,16,5,0,0,0,0.6,0.12,0,0,0,0
3,16,6,0,8,2,0.5,0.12,7.715,2.215,3.899,0
3,16,7,353,78,5,0.4,0.12,201.695,11.865,167.126,157.241
3,16,8,258,170,6,0.4,0.12,326.078,17.263,284.039,270.011
3,16,9,22,214,8,0.6,0.12,229.566,15.387,195.282,184.399
3,16,10,4,193,9,0.7,0.12,194.415,15.057,163.198,153.452
3,16,11,12,242,10,0.8,0.12,252.513,17.657,210.996,199.556
3,16,12,22,281,9,0.8,0.12,302.821,18.192,253.926,240.965
3,16,13,29,279,9,0.8,0.12,316.483,18.63,266.135,252.741
3,16,14,0,91,8,0.8,0.12,88.293,10.676,73.589,67.018
3,16,15,0,152,7,0.7,0.12,150.193,11.697,128.397,119.884
3,16,16,11,110,6,0.6,0.12,113.153,9.65,97.243,89.834
3,16,17,0,13,5,0.6,0.12,12.54,5.398,9.556,5.254
3,16,18,0,0,4,0.7,0.12,0,4,0,0
3,16,19,0,0,4,0.6,0.12,0,4,0,0
3,16,20,0,0,3,0.6,0.12,0,3,0,0
3,16,21,0,0,3,0.6,0.12,0,3,0,0
3,16,22,0,0,3,0.6,0.12,0,3,0,0
3,16,23,0,0,3,0.6,0.12,0,3,0,0
3,17,0,0,0,2,0.6,0.12,0,2,0,0
3,17,1,0,0,2,0.6,0.12,0,2,0,0
3,17,2,0,0,2,0.6,0.12,0,2,0,0
3,17,3,0,0,2,0.7,0.12,0,2,0,0
3,17,4,0,0,1,0.7,0.12,0,1,0,0
3,17,5,0,0,1,0.7,0.12,0,1,0,0
3,17,6,57,21,1,0.8,0.12,25.929,1.625,12.381,7.979
3,17,7,0,54,3,0.9,0.12,52.283,4.551,44.478,38.938
3,17,8,2,143,5,0.8,0.12,142.432,9.341,123.054,114.73
3,17,9,766,128,8,0.6,0.12,715.604,31.473,600.325,575.09
3,17,10,855,123,10,0.5,0.12,890.721,40.037,720.524,691.03
3,17,11,890,123,11,0.4,0.12,989.209,45.337,781.689,750.027
3,17,12,899,122,12,0.4,0.12,999.138,46.677,785.236,753.448
3,17,13,863,128,13,0.4,0.12,930.453,45.303,736.612,706.548
3,17,14,822,119,12,0.5,0.12,785.826,38.52,641.505,614.811
3,17,15,737,108,11,0.5,0.12,580.237,30.616,490.17,468.837
3,17,16,582,86,9,0.5,0.12,333.198,20.139,280.752,266.841
3,17,17,277,43,6,0.4,0.12,92.757,8.972,63.88,57.653
3,17,18,0,0,4,0.5,0.12,0,4,0,0
3,17,19,0,0,4,0.5,0.12,0,4,0,0
3,17,20,0,0,3,0.5,0.12,0,3,0,0
3,17,21,0,0,2,0.5,0.12,0,2,0,0
3,17,22,0,0,1,0.5,0.12,0,1,0,0
3,17,23,0,0,1,0.5,0.12,0,1,0,0
3,18,0,0,0,1,0.5,0.12,0,1,0,0
3,18,1,0,0,2,0.5,0.12,0,2,0,0
3,18,2,0,0,2,0.6,0.12,0,2,0,0
3,18,3,0,0,2,0.6,0.12,0,2,0,0
3,18,4,0,0,2,0.6,0.12,0,2,0,0
3,18,5,0,0,2,0.7,0.12,0,2,0,0
3,18,6,0,13,2,0.7,0.12,12.552,2.331,6.474,2.281
3,18,7,213,94,3,0.9,0.12,171.161,8.079,145.407,136.291
3,18,8,344,163,5,1.1,0.12,366.918,15.503,323.106,307.693
3,18,9,675,165,7,1.2,0.12,691.35,26.351,589.431,564.582
3,18,10,757,168,10,1.3,0.12,861.473,33.53,712.387,683.181
3,18,11,802,165,13,1.4,0.12,959.694,38.601,776.619,745.137
3,18,12,817,159,14,1.5,0.12,971.208,39.322,783.701,751.968
3,18,13,783,163,15,1.5,0.12,902.954,38.552,732.191,702.283
3,18,14,440,237,15,1.5,0.12,615.128,30.988,511.285,489.204
3,18,15,668,129,14,1.4,0.12,561.782,29.029,476.38,455.536
3,18,16,545,95,13,1.1,0.12,328.067,22.341,274.416,260.729
3,18,17,266,46,10,0.8,0.12,94.206,12.709,64.859,58.597
3,18,18,0,0,8,0.8,0.12,0,8,0,0
3,18,19,0,0,7,0.8,0.12,0,7,0,0
3,18,20,0,0,6,0.8,0.12,0,6,0,0
3,18,21,0,0,5,0.8,0.12,0,5,0,0
3,18,22,0,0,5,0.8,0.12,0,5,0,0
3,18,23,0,0,5,0.8,0.12,0,5,0,0
3,19,0,0,0,5,0.7,0.12,0,5,0,0
3,19,1,0,0,4,0.6,0.12,0,4,0,0
3,19,2,0,0,4,0.6,0.12,0,4,0,0
3,19,3,0,0,5,0.5,0.12,0,5,0,0
3,19,4,0,0,4,0.3,0.12,0,4,0,0
3,19,5,0,0,4,0.3,0.12,0,4,0,0
3,19,6,0,10,6,0.5,0.12,9.646,6.272,4.944,0.805
3,19,7,0,76,8,0.8,0.12,74.302,10.265,62.696,56.51
3,19,8,33,170,9,1.1,0.12,192.064,14.436,164.731,154.93
3,19,9,0,25,8,1.3,0.12,24.194,8.647,19.341,14.692
3,19,10,0,31,8,1.2,0.12,30.04,8.821,24.028,19.213
3,19,11,7,208,7,1.1,0.12,212.572,12.96,179.523,169.198
3,19,12,4,181,7,0.9,0.12,182.239,12.372,153.356,143.959
3,19,13,72,327,7,0.7,0.12,407.518,19.767,343.948,327.797
3,19,14,0,68,7,0.5,0.12,65.93,9.172,54.615,48.716
3,19,15,15,176,7,0.3,0.12,183.853,13.469,157.284,147.747
3,19,16,41,122,6,0.2,0.12,140.306,11.109,120.618,112.381
3,19,17,50,49,5,0.4,0.12,58.734,6.959,45.713,40.129
3,19,18,0,0,4,0.4,0.12,0,4,0,0
3,19,19,0,0,4,0.3,0.12,0,4,0,0
3,19,20,0,0,4,0.3,0.12,0,4,0,0
3,19,21,0,0,4,0.4,0.12,0,4,0,0
3,19,22,0,0,4,0.4,0.12,0,4,0,0
3,19,23,0,0,4,0.4,0.12,0,4,0,0
3,20,0,0,0,3,0.5,0.12,0,3,0,0
3,20,1,0,0,2,0.7,0.12,0,2,0,0
3,20,2,0,0,1,0.8,0.12,0,1,0,0
3,20,3,0,0,1,0.8,0.12,0,1,0,0
3,20,4,0,0,0,0.7,0.12,0,0,0,0
3,20,5,0,0,0,0.7,0.12,0,0,0,0
3,20,6,71,29,0,0.9,0.12,36.407,0.934,20.815,16.114
3,20,7,437,99,2,1,0.12,256.491,9.417,217.765,206.085
3,20,8,681,120,4,0.9,0.12,520.399,19.742,457.015,436.857
3,20,9,101,267,5,0.9,0.12,352.145,15.494,303.8,289.072
3,20,10,6,200,6,0.9,0.12,203.098,11.997,172.474,162.399
3,20,11,0,121,6,1,0.12,118.093,9.388,98.971,91.5
3,20,12,29,304,6,1.1,0.12,344.669,15.697,292.439,278.113
3,20,13,0,89,6,1.1,0.12,86.42,8.419,72.046,65.529
3,20,14,235,286,6,1.2,0.12,491.046,19.623,421.321,402.429
3,20,15,254,216,5,1.1,0.12,391.683,16.167,342.183,326.094
3,20,16,0,101,4,0.9,0.12,99.132,6.945,85.735,78.733
3,20,17,381,43,3,0.6,0.12,111.277,6.344,76.588,69.911
3,20,18,0,0,1,0.5,0.12,0,1,0,0
3,20,19,0,0,0,0.5,0.12,0,0,0,0
3,20,20,0,0,0,0.6,0.12,0,0,0,0
3,20,21,0,0,0,0.7,0.12,0,0,0,0
3,20,22,0,0,-1,0.7,0.12,0,-1,0,0
3,20,23,0,0,-2,0.7,0.12,0,-2,0,0
3,21,0,0,0,-2,0.6,0.12,0,-2,0,0
3,21,1,0,0,-3,0.6,0.12,0,-3,0,0
3,21,2,0,0,-3,0.5,0.12,0,-3,0,0
3,21,3,0,0,-4,0.5,0.12,0,-4,0,0
3,21,4,0,0,-4,0.5,0.12,0,-4,0,0
3,21,5,0,0,-3,0.5,0.12,0,-3,0,0
3,21,6,292,27,-1,0.6,0.12,57.818,0.523,30.22,25.186
3,21,7,693,62,1,0.6,0.12,307.77,10.914,258.38,245.261
3,21,8,849,80,3,0.6,0.12,572.213,21.832,500.736,479.029
3,21,9,924,92,5,0.4,0.12,796.46,32.724,666.156,638.588
3,21,10,951,105,7,0.2,0.12,959.336,42.427,768.999,737.787
3,21,11,963,112,8,0.1,0.12,1049.003,47.979,820.126,787.102
3,21,12,955,116,9,0.2,0.12,1054.668,47.908,824.327,791.154
3,21,13,758,162,9,0.3,0.12,883.511,40.554,710.345,681.211
3,21,14,879,114,8,0.4,0.12,829.909,36.857,681.587,653.472
3,21,15,592,132,7,0.3,0.12,520.133,25.628,445.27,425.529
3,21,16,515,87,6,0.4,0.12,309.257,16.657,263.987,250.669
3,21,17,245,49,4,0.6,0.12,94.157,6.882,67.825,61.458
3,21,18,0,0,2,0.6,0.12,0,2,0,0
3,21,19,0,0,1,0.4,0.12,0,1,0,0
3,21,20,0,0,0,0.4,0.12,0,0,0,0
3,21,21,0,0,0,0.4,0.12,0,0,0,0
3,21,22,0,0,0,0.5,0.12,0,0,0,0
3,21,23,0,0,-1,0.5,0.12,0,-1,0,0
3,22,0,0,0,-2,0.5,0.12,0,-2,0,0
3,22,1,0,0,-2,0.5,0.12,0,-2,0,0
3,22,2,0,0,-2,0.5,0.12,0,-2,0,0
3,22,3,0,0,-2,0.6,0.12,0,-2,0,0
3,22,4,0,0,-2,0.5,0.12,0,-2,0,0
3,22,5,0,0,-1,0.5,0.12,0,-1,0,0
3,22,6,154,32,0,0.6,0.12,49.812,1.43,30.703,25.651
3,22,7,517,85,2,0.6,0.12,273.918,10.823,231.619,219.448
3,22,8,368,168,5,0.7,0.12,389.529,17.376,340.876,324.834
3,22,9,776,134,8,0.8,0.12,740.944,30.996,621.745,595.751
3,22,10,818,149,10,0.8,0.12,897.992,37.827,730.768,700.91
3,22,11,839,156,11,0.8,0.12,987.543,41.582,789.79,757.841
3,22,12,843,156,12,0.8,0.12,999.083,42.938,794.611,762.492
3,22,13,776,179,12,0.9,0.12,918.96,39.711,740.929,710.712
3,22,14,182,296,12,0.9,0.12,460.029,25.742,384.67,367.076
3,22,15,584,170,11,0.8,0.12,552.902,28.137,468.821,448.245
3,22,16,327,116,9,0.5,0.12,261.487,17.731,222.096,210.263
3,22,17,140,56,6,0.4,0.12,82.208,8.713,61.834,55.68
3,22,18,0,0,5,0.5,0.12,0,5,0,0
3,22,19,0,0,4,0.8,0.12,0,4,0,0
3,22,20,0,0,3,1,0.12,0,3,0,0
3,22,21,0,0,2,1.1,0.12,0,2,0,0
3,22,22,0,0,0,1,0.12,0,0,0,0
3,22,23,0,0,0,0.8,0.12,0,0,0,0
3,23,0,0,0,-1,0.7,0.12,0,-1,0,0
3,23,1,0,0,-2,0.6,0.12,0,-2,0,0
3,23,2,0,0,-3,0.6,0.12,0,-3,0,0
3,23,3,0,0,-4,0.6,0.12,0,-4,0,0
3,23,4,0,0,-4,0.6,0.12,0,-4,0,0
3,23,5,0,0,-4,0.6,0.12,0,-4,0,0
3,23,6,355,30,-2,0.9,0.12,69.879,-0.228,39.956,34.577
3,23,7,725,62,0,1.2,0.12,323.311,8.915,274.819,261.117
3,23,8,863,81,0,1.3,0.12,586.983,16.12,523.923,501.395
3,23,9,932,93,1,1.4,0.12,809.159,22.671,701.235,672.424
3,23,10,973,98,3,1.4,0.12,975.12,29.082,820.842,787.793
3,23,11,994,99,4,1.4,0.12,1067.614,32.537,884.341,833.333
3,23,12,991,101,5,1.4,0.12,1075.493,33.743,886.54,833.333
3,23,13,964,105,6,1.5,0.12,999.271,32.114,830.818,797.415
3,23,14,937,95,6,1.6,0.12,853.03,27.824,724.476,694.841
3,23,15,885,82,5,1.5,0.12,647.573,21.977,565.466,541.466
3,23,16,764,67,4,1.3,0.12,389.81,14.603,336.624,320.732
3,23,17,495,41,1,1.1,0.12,129.401,4.388,88.601,81.498
3,23,18,0,0,0,1,0.12,0,0,0,0
3,23,19,0,0,0,1,0.12,0,0,0,0
3,23,20,0,0,-1,1,0.12,0,-1,0,0
3,23,21,0,0,-2,0.9,0.12,0,-2,0,0
3,23,22,0,0,-3,0.8,0.12,0,-3,0,0
3,23,23,0,0,-4,0.8,0.12,0,-4,0,0
3,24,0,0,0,-4,0.7,0.12,0,-4,0,0
3,24,1,0,0,-4,0.7,0.12,0,-4,0,0
3,24,2,0,0,-5,0.7,0.12,0,-5,0,0
3,24,3,0,0,-5,0.7,0.12,0,-5,0,0
3,24,4,0,0,-5,0.7,0.12,0,-5,0,0
3,24,5,0,0,-4,0.7,0.12,0,-4,0,0
3,24,6,386,30,-3,1,0.12,74.419,-1.147,43.434,37.931
3,24,7,737,60,-1,1.2,0.12,328.013,8.048,280.259,266.365
3,24,8,877,76,1,1.1,0.12,592.232,18.071,525.052,502.484
3,24,9,950,85,3,1.1,0.12,816.791,26.497,698.34,669.631
3,24,10,980,94,4,1,0.12,979.7,32.855,813.391,780.606
3,24,11,1000,95,6,1,0.12,1071.482,37.537,871.278,833.333
3,24,12,998,95,7,0.9,0.12,1077.794,39.546,869.525,833.333
3,24,13,966,100,7,0.9,0.12,997.41,37.128,814.066,781.257
3,24,14,934,93,8,0.8,0.12,849.747,34.386,704.517,675.59
3,24,15,868,84,7,0.7,0.12,640.286,27.467,547.918,524.54
3,24,16,736,71,5,0.5,0.12,383.547,17.85,327.509,311.941
3,24,17,466,42,2,0.8,0.12,125.878,5.574,86.608,79.576
3,24,18,0,0,0,1,0.12,0,0,0,0
3,24,19,0,0,0,0.9,0.12,0,0,0,0
3,24,20,0,0,-1,0.6,0.12,0,-1,0,0
3,24,21,0,0,-2,0.5,0.12,0,-2,0,0
3,24,22,0,0,-2,0.6,0.12,0,-2,0,0
3,24,23,0,0,-2,0.6,0.12,0,-2,0,0
3,25,0,0,0,-3,0.4,0.12,0,-3,0,0
3,25,1,0,0,-3,0.5,0.12,0,-3,0,0
3,25,2,0,0,-3,0.7,0.12,0,-3,0,0
3,25,3,0,0,-2,0.8,0.12,0,-2,0,0
3,25,4,0,0,-2,0.8,0.12,0,-2,0,0
3,25,5,0,0,-1,0.6,0.12,0,-1,0,0
3,25,6,0,32,0,0.5,0.12,31.04,1.004,24.169,19.349
3,25,7,550,70,2,0.7,0.12,275.276,10.639,233.545,221.306
3,25,8,351,179,5,0.8,0.12,394.482,17.19,344.96,328.773
3,25,9,625,168,7,0.9,0.12,670.325,27.207,567.897,543.811
3,25,10,914,115,8,0.9,0.12,946.868,36.59,774.609,743.198
3,25,11,623,247,9,0.9,0.12,888.686,35.712,723.227,693.636
3,25,12,554,278,10,0.9,0.12,857.809,35.755,696.727,668.075
3,25,13,876,133,11,1,0.12,959.623,39.221,775.968,744.509
3,25,14,429,252,10,1,0.12,625.098,28.293,523.677,501.158
3,25,15,445,179,9,0.9,0.12,477.379,23.383,409.561,391.085
3,25,16,32,128,7,0.7,0.12,142.14,11.463,122.151,113.859
3,25,17,0,35,5,0.7,0.12,33.859,6.052,27.456,22.519
3,25,18,0,0,4,0.7,0.12,0,4,0,0
3,25,19,0,0,3,0.8,0.12,0,3,0,0
3,25,20,0,0,3,0.7,0.12,0,3,0,0
3,25,21,0,0,3,0.6,0.12,0,3,0,0
3,25,22,0,0,3,0.6,0.12,0,3,0,0
3,25,23,0,0,3,0.7,0.12,0,3,0,0
3,26,0,0,0,3,0.6,0.12,0,3,0,0
3,26,1,0,0,3,0.6,0.12,0,3,0,0
3,26,2,0,0,3,0.6,0.12,0,3,0,0
3,26,3,0,0,3,0.7,0.12,0,3,0,0
3,26,4,0,0,3,0.6,0.12,0,3,0,0
3,26,5,0,0,3,0.6,0.12,0,3,0,0
3,26,6,0,2,3,0.8,0.12,1.925,3.057,1.337,0
3,26,7,0,14,4,0.9,0.12,13.511,4.401,10.915,6.565
3,26,8,0,39,5,0.9,0.12,37.73,6.117,31.3,26.227
3,26,9,1,173,5,0.9,0.12,171.036,10.054,146.182,137.039
3,26,10,0,87,5,0.8,0.12,84.477,7.554,70.575,64.11
3,26,11,0,114,6,0.8,0.12,111.141,9.357,92.798,85.546
3,26,12,6,191,7,0.8,0.12,194.111,12.873,163.12,153.377
3,26,13,0,89,7,0.7,0.12,86.439,9.684,71.601,65.1
3,26,14,0,38,8,0.7,0.12,36.815,9.146,29.744,24.727
3,26,15,0,126,8,0.6,0.12,123.173,11.955,104.184,96.529
3,26,16,0,53,7,0.5,0.12,51.287,8.699,42.955,37.469
3,26,17,0,15,7,0.4,0.12,14.471,7.49,11.276,6.913
3,26,18,0,0,6,0.3,0.12,0,6,0,0
3,26,19,0,0,6,0.3,0.12,0,6,0,0
3,26,20,0,0,6,0.3,0.12,0,6,0,0
3,26,21,0,0,6,0.3,0.12,0,6,0,0
3,26,22,0,0,6,0.4,0.12,0,6,0,0
3,26,23,0,0,6,0.5,0.12,0,6,0,0
3,27,0,0,0,5,0.5,0.12,0,5,0,0
3,27,1,0,0,5,0.6,0.12,0,5,0,0
3,27,2,0,0,4,0.6,0.12,0,4,0,0
3,27,3,0,0,4,0.6,0.12,0,4,0,0
3,27,4,0,0,3,0.6,0.12,0,3,0,0
3,27,5,0,0,3,0.6,0.12,0,3,0,0
3,27,6,11,36,5,0.7,0.12,36.651,6.122,28.344,23.376
3,27,7,499,100,7,0.7,0.12,289.447,16.098,243.079,230.503
3,27,8,671,128,9,0.6,0.12,537.722,26.633,459.692,439.44
3,27,9,601,180,12,0.5,0.12,667.601,34.462,550.013,526.56
3,27,10,483,273,14,0.4,0.12,743.091,39.632,595.377,570.317
3,27,11,320,366,15,0.2,0.12,714.396,41.113,564.65,540.679
3,27,12,448,320,16,0.2,0.12,801.357,45.366,625.533,599.405
3,27,13,293,348,16,0.2,0.12,651.991,39.826,518.138,495.815
3,27,14,119,305,15,0.2,0.12,419.105,30.272,342.578,326.475
3,27,15,147,229,14,0.2,0.12,332.439,26.151,277.389,263.596
3,27,16,32,131,12,0.3,0.12,144.99,17.115,122.034,113.746
3,27,17,2,52,10,0.3,0.12,50.927,11.78,41.057,35.638
3,27,18,0,0,9,0.5,0.12,0,9,0,0
3,27,19,0,0,8,0.5,0.12,0,8,0,0
3,27,20,0,0,7,0.4,0.12,0,7,0,0
3,27,21,0,0,7,0.4,0.12,0,7,0,0
3,27,22,0,0,6,0.3,0.12,0,6,0,0
3,27,23,0,0,6,0.2,0.12,0,6,0,0
3,28,0,0,0,6,0.2,0.12,0,6,0,0
3,28,1,0,0,6,0.3,0.12,0,6,0,0
3,28,2,0,0,6,0.4,0.12,0,6,0,0
3,28,3,0,0,6,0.5,0.12,0,6,0,0
3,28,4,0,0,6,0.6,0.12,0,6,0,0
3,28,5,0,0,6,0.7,0.12,0,6,0,0
3,28,6,222,37,6,0.9,0.12,65.937,7.807,43.609,38.1
3,28,7,0,80,7,1,0.12,77.843,9.253,66.149,59.842
3,28,8,0,78,9,1.1,0.12,75.596,11.127,63.122,56.922
3,28,9,0,109,10,1.1,0.12,106.06,12.975,88.093,81.008
3,28,10,0,139,11,1.1,0.12,135.918,14.806,112.311,104.368
3,28,11,0,150,11,1.1,0.12,146.976,15.111,121.209,112.951
3,28,12,8,213,11,1.1,0.12,218.331,17.117,181.239,170.853
3,28,13,11,232,10,1.1,0.12,239.999,16.734,200.72,189.644
3,28,14,3,183,10,1,0.12,182.593,15.256,153.05,143.663
3,28,15,6,171,10,0.9,0.12,172.297,15.107,145.722,136.595
3,28,16,0,73,9,0.7,0.12,70.786,11.216,59.428,53.358
3,28,17,0,18,8,0.6,0.12,17.371,8.556,13.619,9.173
3,28,18,0,0,8,0.7,0.12,0,8,0,0
3,28,19,0,0,7,0.6,0.12,0,7,0,0
3,28,20,0,0,7,0.6,0.12,0,7,0,0
3,28,21,0,0,7,0.7,0.12,0,7,0,0
3,28,22,0,0,6,0.6,0.12,0,6,0,0
3,28,23,0,0,6,0.6,0.12,0,6,0,0
3,29,0,0,0,6,0.6,0.12,0,6,0,0
3,29,1,0,0,6,0.6,0.12,0,6,0,0
3,29,2,0,0,6,0.6,0.12,0,6,0,0
3,29,3,0,0,6,0.6,0.12,0,6,0,0
3,29,4,0,0,6,0.5,0.12,0,6,0,0
3,29,5,0,0,6,0.5,0.12,0,6,0,0
3,29,6,185,45,6,0.5,0.12,70.107,8.182,48.864,43.169
3,29,7,0,13,8,0.6,0.12,12.546,8.404,9.926,5.611
3,29,8,0,32,11,0.6,0.12,30.952,11.994,24.828,19.985
3,29,9,0,57,14,0.7,0.12,55.25,15.72,44.223,38.692
3,29,10,0,60,17,0.8,0.12,58.222,18.76,45.787,40.201
3,29,11,34,329,19,1,0.12,374.614,29.808,301.858,287.198
3,29,12,306,374,20,1.2,0.12,712.103,39.744,565.108,541.12
3,29,13,338,343,20,1.3,0.12,687.493,38.634,549.616,526.177
3,29,14,5,191,19,1.2,0.12,192.256,24.268,155.973,146.483
3,29,15,278,221,18,1,0.12,412.067,30.042,341.979,325.898
3,29,16,495,114,17,0.9,0.12,330.074,26.89,272.709,259.082
3,29,17,224,65,15,1,0.12,105.997,17.955,76.81,70.125
3,29,18,0,0,12,1.1,0.12,0,12,0,0
3,29,19,0,0,10,1.1,0.12,0,10,0,0
3,29,20,0,0,9,0.9,0.12,0,9,0,0
3,29,21,0,0,7,0.8,0.12,0,7,0,0
3,29,22,0,0,7,0.8,0.12,0,7,0,0
3,29,23,0,0,6,0.8,0.12,0,6,0,0
3,30,0,0,0,5,0.8,0.12,0,5,0,0
3,30,1,0,0,5,1,0.12,0,5,0,0
3,30,2,0,0,4,1.2,0.12,0,4,0,0
3,30,3,0,0,3,1.4,0.12,0,3,0,0
3,30,4,0,0,3,1.4,0.12,0,3,0,0
3,30,5,0,0,3,1.4,0.12,0,3,0,0
3,30,6,21,42,3,1.5,0.12,43.859,4.104,34.763,29.567
3,30,7,0,71,4,1.8,0.12,68.871,5.656,59.069,53.012
3,30,8,771,105,6,1.9,0.12,577.752,19.883,506.895,484.97
3,30,9,847,119,7,1.9,0.12,794.478,26.046,677.902,649.918
3,30,10,4,179,8,1.9,0.12,179.595,12.201,151.306,141.981
3,30,11,214,395,9,1.8,0.12,632.7,24.284,529.531,506.804
3,30,12,201,400,10,1.8,0.12,626.949,25.139,522.673,500.189
3,30,13,105,365,10,1.7,0.12,477.023,21.734,400.546,382.389
3,30,14,488,238,10,1.7,0.12,658.805,26.384,556.17,532.499
3,30,15,767,112,9,1.6,0.12,613.06,24.696,527.976,505.304
3,30,16,673,84,8,1.4,0.12,375.182,17.97,320.899,305.565
3,30,17,426,51,6,1.1,0.12,130.291,9.464,91.925,84.705
3,30,18,0,0,5,1,0.12,0,5,0,0
3,30,19,0,0,4,1,0.12,0,4,0,0
3,30,20,0,0,3,0.9,0.12,0,3,0,0
3,30,21,0,0,2,0.8,0.12,0,2,0,0
3,30,22,0,0,1,0.8,0.12,0,1,0,0
3,30,23,0,0,1,0.7,0.12,0,1,0,0
3,31,0,0,0,0,0.6,0.12,0,0,0,0
3,31,1,0,0,0,0.5,0.12,0,0,0,0
3,31,2,0,0,0,0.5,0.12,0,0,0,0
3,31,3,0,0,0,0.4,0.12,0,0,0,0
3,31,4,0,0,-1,0.4,0.12,0,-1,0,0
3,31,5,0,0,0,0.4,0.12,0,0,0,0
3,31,6,345,46,1,0.6,0.12,94.508,3.798,64.07,57.836
3,31,7,663,80,4,0.7,0.12,338.575,14.662,287.411,273.263
3,31,8,804,98,7,0.6,0.12,591.459,26.423,507.183,485.248
3,31,9,875,111,9,0.4,0.12,809.648,37.129,663.543,636.068
3,31,10,906,122,11,0.3,0.12,960.014,45.336,758.425,727.588
3,31,11,921,128,13,0.3,0.12,1045.148,50.359,807.121,774.558
3,31,12,920,128,14,0.3,0.12,1049.625,51.517,806.667,774.12
3,31,13,903,124,15,0.5,0.12,975.188,47.846,762.312,731.337
3,31,14,870,114,14,0.6,0.12,833.579,41.315,671.551,643.792
3,31,15,805,101,13,0.6,0.12,624.777,33.516,521.324,498.888
3,31,16,682,82,12,0.5,0.12,377.473,24.65,315.175,300.043
3,31,17,413,53,9,0.4,0.12,130.385,13.201,91.405,84.203
3,31,18,0,0,6,0.6,0.12,0,6,0,0
3,31,19,0,0,4,0.3,0.13,0,4,0,0
3,31,20,0,0,4,0.3,0.13,0,4,0,0
3,31,21,0,0,3,0.4,0.13,0,3,0,0
3,31,22,0,0,2,0.4,0.13,0,2,0,0
3,31,23,0,0,2,0.4,0.13,0,2,0,0
4,1,0,0,0,2,0.4,0.13,0,2,0,0
4,1,1,0,0,2,0.4,0.13,0,2,0,0
4,1,2,0,0,1,0.4,0.13,0,1,0,0
4,1,3,0,0,1,0.4,0.13,0,1,0,0
4,1,4,0,0,0,0.4,0.13,0,0,0,0
4,1,5,0,0,0,0.4,0.13,0,0,0,0
4,1,6,200,55,2,0.5,0.13,82.975,4.602,60.592,54.481
4,1,7,72,130,4,0.5,0.13,157.719,9.228,136.523,127.722
4,1,8,36,199,7,0.5,0.13,223.807,14.409,191.994,181.228
4,1,9,132,303,8,0.5,0.13,423.88,22.064,357.53,340.898
4,1,10,48,327,8,0.5,0.13,382.988,20.638,320.582,305.259
4,1,11,11,243,9,0.5,0.13,252.371,17.283,210.228,198.815
4,1,12,7,200,9,0.5,0.13,204.678,15.712,170.268,160.271
4,1,13,26,297,8,0.5,0.13,321.432,18.575,269.319,255.812
4,1,14,50,287,8,0.5,0.13,336.197,19.107,283.609,269.596
4,1,15,0,116,7,0.5,0.13,113.403,10.733,95.934,88.571
4,1,16,0,113,6,0.4,0.13,110.806,9.772,95.075,87.742
4,1,17,0,27,4,0.4,0.13,26.17,4.886,21.307,16.588
4,1,18,0,0,4,0.4,0.13,0,4,0,0
4,1,19,0,0,3,0.3,0.13,0,3,0,0
4,1,20,0,0,3,0.3,0.13,0,3,0,0
4,1,21,0,0,2,0.2,0.13,0,2,0,0
4,1,22,0,0,2,0.2,0.13,0,2,0,0
4,1,23,0,0,2,0.3,0.13,0,2,0,0
4,2,0,0,0,2,0.3,0.13,0,2,0,0
4,2,1,0,0,2,0.3,0.13,0,2,0,0
4,2,2,0,0,2,0.2,0.13,0,2,0,0
4,2,3,0,0,2,0.2,0.13,0,2,0,0
4,2,4,0,0,2,0.4,0.13,0,2,0,0
4,2,5,0,0,2,0.4,0.13,0,2,0,0
4,2,6,0,11,2,0.4,0.13,10.641,2.359,8.327,4.068
4,2,7,0,98,4,0.7,0.13,95.851,6.994,82.76,75.864
4,2,8,66,214,5,0.9,0.13,257.565,12.652,223.574,211.688
4,2,9,120,304,6,1,0.13,415.365,18.033,355.032,338.488
4,2,10,18,269,7,1.1,0.13,284.697,14.971,240.887,228.388
4,2,11,31,329,8,1.2,0.13,372.026,18.181,312.543,297.505
4,2,12,63,376,9,1.2,0.13,454.958,21.475,379.972,362.545
4,2,13,131,375,9,1.2,0.13,522.762,23.391,437.193,417.738
4,2,14,81,306,9,1.1,0.13,381.282,19.747,322.311,306.927
4,2,15,8,179,8,1,0.13,181.862,13.237,154.999,145.543
4,2,16,90,148,7,0.8,0.13,186.565,12.697,160.715,151.057
4,2,17,0,22,5,0.5,0.13,21.311,5.701,17.165,12.593
4,2,18,0,0,3,0.4,0.13,0,3,0,0
4,2,19,0,0,2,0.4,0.13,0,2,0,0
4,2,20,0,0,1,0.3,0.13,0,1,0,0
4,2,21,0,0,0,0.3,0.13,0,0,0,0
4,2,22,0,0,0,0.3,0.13,0,0,0,0
4,2,23,0,0,0,0.6,0.13,0,0,0,0
4,3,0,0,0,0,0.8,0.13,0,0,0,0
4,3,1,0,0,0,0.7,0.13,0,0,0,0
4,3,2,0,0,0,0.3,0.13,0,0,0,0
4,3,3,0,0,0,0.4,0.13,0,0,0,0
4,3,4,0,0,0,0.8,0.13,0,0,0,0
4,3,5,0,0,0,0.7,0.13,0,0,0,0
4,3,6,71,51,1,0.4,0.13,60.982,3.018,47.97,42.307
4,3,7,544,107,5,0.4,0.13,325.444,16.154,276.545,262.782
4,3,8,696,134,8,0.5,0.13,573.966,27.311,488.863,467.577
4,3,9,782,149,10,0.6,0.13,787.872,35.756,647.231,620.333
4,3,10,720,214,11,0.6,0.13,907.738,40.565,727.182,697.451
4,3,11,740,224,12,0.5,0.13,990.913,45.21,777.672,746.153
4,3,12,748,222,13,0.4,0.13,1000.555,47.539,778.109,746.574
4,3,13,482,293,13,0.3,0.13,778.996,40.623,620.325,594.381
4,3,14,475,248,12,0.1,0.13,661.05,37.037,535.839,512.888
4,3,15,75,232,11,0.1,0.13,284.23,21.662,238.954,226.523
4,3,16,0,48,10,0.3,0.13,46.589,11.633,38.371,33.048
4,3,17,0,21,8,0.4,0.13,20.34,8.689,16.159,11.623
4,3,18,0,0,6,0.4,0.13,0,6,0,0
4,3,19,0,0,5,0.3,0.13,0,5,0,0
4,3,20,0,0,5,0.3,0.13,0,5,0,0
4,3,21,0,0,5,0.3,0.13,0,5,0,0
4,3,22,0,0,4,0.3,0.13,0,4,0,0
4,3,23,0,0,4,0.3,0.13,0,4,0,0
4,4,0,0,0,3,0.4,0.13,0,3,0,0
4,4,1,0,0,3,0.4,0.13,0,3,0,0
4,4,2,0,0,2,0.5,0.13,0,2,0,0
4,4,3,0,0,1,0.6,0.13,0,1,0,0
4,4,4,0,0,0,0.5,0.13,0,0,0,0
4,4,5,0,0,0,0.6,0.13,0,0,0,0
4,4,6,373,50,2,0.7,0.13,107.653,5.117,74.771,68.158
4,4,7,689,76,5,0.8,0.13,353.584,15.83,300.729,286.109
4,4,8,832,88,8,0.9,0.13,607.627,26.374,520.894,498.473
4,4,9,902,97,9,0.8,0.13,821.701,34.453,679.791,651.74
4,4,10,922,111,10,0.8,0.13,971.669,40.071,782.621,750.926
4,4,11,950,108,11,0.8,0.13,1060.928,43.785,840.092,806.361
4,4,12,953,107,12,0.8,0.13,1067.189,44.978,841.045,807.28
4,4,13,923,112,13,0.8,0.13,986.213,43.517,783.521,751.794
4,4,14,893,104,13,0.8,0.13,841.652,39.06,683.613,655.426
4,4,15,834,92,12,0.7,0.13,637.171,32.318,533.925,511.042
4,4,16,725,76,11,0.4,0.13,391.945,24.508,327.934,312.35
4,4,17,500,49,8,0.6,0.13,143.895,12.339,100.261,92.745
4,4,18,0,0,7,0.9,0.13,0,7,0,0
4,4,19,0,0,6,0.9,0.13,0,6,0,0
4,4,20,0,0,6,0.8,0.13,0,6,0,0
4,4,21,0,0,5,0.5,0.13,0,5,0,0
4,4,22,0,0,4,0.3,0.13,0,4,0,0
4,4,23,0,0,2,0.5,0.13,0,2,0,0
4,5,0,0,0,1,0.7,0.13,0,1,0,0
4,5,1,0,0,0,0.8,0.13,0,0,0,0
4,5,2,0,0,0,0.6,0.13,0,0,0,0
4,5,3,0,0,-1,0.4,0.13,0,-1,0,0
4,5,4,0,0,-1,0.3,0.13,0,-1,0,0
4,5,5,0,0,0,0.3,0.13,0,0,0,0
4,5,6,423,47,2,0.3,0.13,113.407,5.67,77.601,70.887
4,5,7,709,74,6,0.3,0.13,361.013,18.781,304.239,289.495
4,5,8,826,92,10,0.4,0.13,610.618,31.22,514.037,491.859
4,5,9,886,106,12,0.5,0.13,824.997,39.776,668.606,640.951
4,5,10,892,128,13,0.6,0.13,970.489,44.716,767.296,736.144
4,5,11,914,129,14,0.5,0.13,1049.848,49.249,813.314,780.532
4,5,12,916,127,15,0.4,0.13,1053.615,51.435,809.13,776.496
4,5,13,916,114,16,0.3,0.13,982.888,51.1,757.974,727.153
4,5,14,883,106,16,0.3,0.13,836.547,45.892,661.683,634.274
4,5,15,819,96,15,0.3,0.13,632.647,37.655,519.33,496.964
4,5,16,694,82,13,0.3,0.13,386.001,26.701,320.365,305.049
4,5,17,450,54,10,0.3,0.13,140.101,14.643,98.36,90.912
4,5,18,0,0,7,0.4,0.13,0,0,0,0
4,5,19,0,0,6,0.5,0.13,0,6,0,0
4,5,20,0,0,6,0.6,0.13,0,6,0,0
4,5,21,0,0,5,0.5,0.13,0,5,0,0
4,5,22,0,0,5,0.5,0.13,0,5,0,0
4,5,23,0,0,5,0.5,0.13,0,5,0,0
4,6,0,0,0,5,0.5,0.13,0,5,0,0
4,6,1,0,0,5,0.5,0.13,0,5,0,0
4,6,2,0,0,4,0.6,0.13,0,4,0,0
4,6,3,0,0,4,0.5,0.13,0,4,0,0
4,6,4,0,0,4,0.5,0.13,0,4,0,0
4,6,5,0,0,4,0.6,0.13,0,4,0,0
4,6,6,133,57,6,0.8,0.13,77.884,8.283,59.145,53.086
4,6,7,41,136,7,0.9,0.13,152.111,11.512,130.767,122.17
4,6,8,0,138,9,1,0.13,135.284,12.89,114.266,106.254
4,6,9,2,175,10,1,0.13,173.862,14.987,145.47,136.352
4,6,10,9,226,10,1,0.13,232.158,16.655,193.713,182.885
4,6,11,8,214,12,0.9,0.13,219.669,18.453,181.149,170.766
4,6,12,13,262,13,0.8,0.13,273.575,21.258,224.835,212.904
4,6,13,126,382,13,0.8,0.13,524.604,28.984,429.424,410.244
4,6,14,4,188,13,0.7,0.13,188.614,18.856,155.826,146.341
4,6,15,30,213,14,0.6,0.13,235.074,21.552,195.948,185.041
4,6,16,0,48,13,0.6,0.13,46.59,14.494,37.905,32.598
4,6,17,0,41,13,0.5,0.13,39.797,14.31,31.85,26.758
4,6,18,0,0,12,0.5,0.13,0,0,0,0
4,6,19,0,0,12,0.5,0.14,0,12,0,0
4,6,20,0,0,13,0.5,0.14,0,13,0,0
4,6,21,0,0,13,0.5,0.14,0,13,0,0
4,6,22,0,0,13,0.6,0.14,0,13,0,0
4,6,23,0,0,13,0.6,0.14,0,13,0,0
4,7,0,0,0,12,0.5,0.14,0,12,0,0
4,7,1,0,0,11,0.4,0.14,0,11,0,0
4,7,2,0,0,10,0.4,0.14,0,10,0,0
4,7,3,0,0,9,0.4,0.14,0,9,0,0
4,7,4,0,0,9,0.4,0.14,0,9,0,0
4,7,5,0,0,9,0.5,0.14,0,9,0,0
4,7,6,0,24,10,0.6,0.14,23.331,10.743,18.412,13.796
4,7,7,117,145,10,0.7,0.14,195.007,16.097,165.616,155.784
4,7,8,39,212,11,0.8,0.14,239.439,18.268,202.514,191.375
4,7,9,14,232,11,0.8,0.14,241.888,18.301,202.214,191.086
4,7,10,74,359,12,0.8,0.14,441.653,25.384,364.414,347.538
4,7,11,81,395,12,0.9,0.14,493.282,26.558,405.057,386.74
4,7,12,64,385,12,0.8,0.14,465.767,26.101,382.288,364.778
4,7,13,11,238,12,0.8,0.14,247.065,19.44,204.297,193.095
4,7,14,6,200,11,0.9,0.14,202.957,16.958,169.292,159.329
4,7,15,0,86,10,1,0.14,83.948,12.403,69.674,63.242
4,7,16,0,114,9,1,0.14,111.868,12.217,95.042,87.711
4,7,17,9,68,7,1,0.14,67.885,8.943,56.398,50.436
4,7,18,0,0,5,1,0.14,0,0,0,0
4,7,19,0,0,4,1,0.14,0,4,0,0
4,7,20,0,0,4,0.9,0.14,0,4,0,0
4,7,21,0,0,4,0.8,0.14,0,4,0,0
4,7,22,0,0,4,0.7,0.14,0,4,0,0
4,7,23,0,0,4,0.6,0.14,0,4,0,0
4,8,0,0,0,4,0.6,0.14,0,4,0,0
4,8,1,0,0,4,0.5,0.14,0,4,0,0
4,8,2,0,0,4,0.5,0.14,0,4,0,0
4,8,3,0,0,4,0.5,0.14,0,4,0,0
4,8,4,0,0,4,0.6,0.14,0,4,0,0
4,8,5,0,0,4,0.5,0.14,0,4,0,0
4,8,6,0,5,5,0.5,0.14,4.85,5.159,3.67,0
4,8,7,0,92,6,0.5,0.14,89.987,8.963,76.86,70.173
4,8,8,0,132,7,0.6,0.14,129.645,11.136,109.99,102.129
4,8,9,0,139,9,0.6,0.14,136.6,13.343,113.947,105.946
4,8,10,10,229,10,0.5,0.14,236.794,17.751,196.822,185.885
4,8,11,13,261,11,0.4,0.14,273.248,20.208,225.384,213.435
4,8,12,39,361,13,0.2,0.14,414.631,27.925,336.617,320.726
4,8,13,29,313,14,0.1,0.14,350.596,27.031,284.979,270.917
4,8,14,23,261,15,0.1,0.14,279.091,25.369,228.08,216.034
4,8,15,86,242,15,0.2,0.14,301.745,25.933,249.892,237.074
4,8,16,88,157,14,0.3,0.14,195.084,20.853,163.188,153.442
4,8,17,122,87,13,0.3,0.14,109.249,16.748,85.209,78.226
4,8,18,0,0,11,0.3,0.14,0,0,0,0
4,8,19,0,0,10,0.3,0.14,0,10,0,0
4,8,20,0,0,9,0.3,0.14,0,9,0,0
4,8,21,0,0,8,0.3,0.14,0,8,0,0
4,8,22,0,0,8,0.3,0.14,0,8,0,0
4,8,23,0,0,8,0.4,0.14,0,8,0,0
4,9,0,0,0,8,0.5,0.14,0,8,0,0
4,9,1,0,0,8,0.6,0.14,0,8,0,0
4,9,2,0,0,8,0.7,0.14,0,8,0,0
4,9,3,0,0,8,0.5,0.14,0,8,0,0
4,9,4,0,0,8,0.3,0.14,0,8,0,0
4,9,5,0,0,8,0.3,0.14,0,8,0,0
4,9,6,23,61,9,0.3,0.14,63.554,11.199,51.347,45.564
4,9,7,0,92,10,0.3,0.14,89.966,13.145,75.591,68.948
4,9,8,644,150,12,0.4,0.14,570.399,31.695,476.605,455.754
4,9,9,762,151,15,0.4,0.14,785.828,42.162,628.891,602.643
4,9,10,757,188,18,0.4,0.14,923.118,49.834,713.086,683.855
4,9,11,784,189,21,0.5,0.14,1004.584,54.631,759.514,728.638
4,9,12,789,183,23,0.6,0.14,1000.451,55.545,753.695,723.025
4,9,13,756,182,24,0.7,0.14,922.781,53.203,703.138,674.259
4,9,14,701,174,23,0.6,0.14,772.366,48.161,602.682,577.363
4,9,15,579,158,22,0.5,0.14,549.804,40.414,443.253,423.583
4,9,16,403,150,20,0.5,0.14,332.29,31.044,271.029,257.461
4,9,17,125,72,18,0.5,0.14,95.225,21.066,71.903,65.392
4,9,18,0,0,17,0.5,0.14,0,0,0,0
4,9,19,0,0,17,0.6,0.14,0,17,0,0
4,9,20,0,0,17,0.8,0.14,0,17,0,0
4,9,21,0,0,17,0.9,0.14,0,17,0,0
4,9,22,0,0,17,1.1,0.14,0,17,0,0
4,9,23,0,0,16,1.3,0.14,0,16,0,0
4,10,0,0,0,14,1.2,0.14,0,14,0,0
4,10,1,0,0,11,1.1,0.14,0,11,0,0
4,10,2,0,0,9,0.8,0.14,0,9,0,0
4,10,3,0,0,8,0.6,0.14,0,8,0,0
4,10,4,0,0,8,0.5,0.14,0,8,0,0
4,10,5,0,0,8,0.5,0.14,0,8,0,0
4,10,6,0,14,9,0.6,0.14,13.593,9.433,10.591,6.252
4,10,7,89,151,10,0.7,0.14,187.383,15.857,159.31,149.701
4,10,8,74,234,12,0.7,0.14,284.018,20.875,239.303,226.86
4,10,9,149,325,13,0.6,0.14,461.999,27.864,381.349,363.872
4,10,10,190,392,14,0.4,0.14,594.2,34.254,478.822,457.892
4,10,11,313,398,15,0.2,0.14,748.416,42.214,587.235,562.464
4,10,12,381,376,16,0.3,0.14,793.446,43.999,619.651,593.731
4,10,13,559,278,17,0.4,0.14,838.077,45.804,654.571,627.413
4,10,14,553,228,16,0.4,0.14,705.908,40.31,565.654,541.647
4,10,15,307,233,15,0.5,0.14,444.616,29.818,369.108,352.065
4,10,16,151,160,14,0.5,0.14,228.119,21.555,191.11,180.374
4,10,17,191,70,13,0.5,0.14,106.815,16.411,80.501,73.685
4,10,18,0,0,11,0.5,0.14,0,0,0,0
4,10,19,0,0,10,0.5,0.14,0,10,0,0
4,10,20,0,0,9,0.5,0.14,0,9,0,0
4,10,21,0,0,9,0.4,0.14,0,9,0,0
4,10,22,0,0,9,0.4,0.14,0,9,0,0
4,10,23,0,0,8,0.5,0.14,0,8,0,0
4,11,0,0,0,8,0.5,0.14,0,8,0,0
4,11,1,0,0,7,0.5,0.14,0,7,0,0
4,11,2,0,0,7,0.5,0.14,0,7,0,0
4,11,3,0,0,7,0.5,0.14,0,7,0,0
4,11,4,0,0,6,0.4,0.14,0,6,0,0
4,11,5,0,0,6,0.5,0.14,0,0,0,0
4,11,6,0,36,7,0.6,0.14,35.04,8.117,28.616,23.639
4,11,7,0,59,8,0.6,0.14,57.49,9.838,48.075,42.408
4,11,8,0,111,9,0.6,0.14,108.662,12.464,91.05,83.86
4,11,9,0,149,10,0.6,0.14,146.55,14.659,121.837,113.557
4,11,10,9,225,10,0.7,0.14,231.698,17.164,192.723,181.931
4,11,11,13,259,11,0.7,0.14,271.058,19.38,224.079,212.176
4,11,12,16,287,11,0.7,0.14,302.816,20.366,250.251,237.42
4,11,13,57,358,11,0.7,0.14,424.675,24.203,350.877,334.481
4,11,14,12,229,11,0.7,0.14,237.097,18.347,197.668,186.701
4,11,15,0,161,11,0.7,0.14,158.579,15.919,132.802,124.133
4,11,16,0,64,11,0.6,0.14,62.381,12.994,51.634,45.841
4,11,17,0,50,10,0.6,0.14,48.686,11.554,39.89,34.513
4,11,18,0,0,9,0.6,0.14,0,0,0,0
4,11,19,0,0,9,0.6,0.14,0,9,0,0
4,11,20,0,0,9,0.7,0.14,0,9,0,0
4,11,21,0,0,8,0.6,0.14,0,8,0,0
4,11,22,0,0,8,0.6,0.14,0,8,0,0
4,11,23,0,0,8,0.5,0.14,0,8,0,0
4,12,0,0,0,8,0.5,0.14,0,8,0,0
4,12,1,0,0,8,0.5,0.14,0,8,0,0
4,12,2,0,0,8,0.5,0.14,0,8,0,0
4,12,3,0,0,8,0.4,0.14,0,8,0,0
4,12,4,0,0,7,0.4,0.14,0,7,0,0
4,12,5,0,0,7,0.4,0.14,0,0,0,0
4,12,6,0,25,8,0.4,0.14,24.303,8.822,19.517,14.862
4,12,7,114,157,10,0.4,0.14,207.036,17.053,175.734,165.543
4,12,8,23,207,13,0.5,0.14,219.482,20.225,183.289,172.831
4,12,9,11,224,16,0.6,0.14,231.033,23.361,188.903,178.246
4,12,10,56,356,19,0.8,0.14,420.766,31.737,337.94,322.002
4,12,11,46,372,20,0.9,0.14,432.636,32.735,345.182,328.987
4,12,12,74,403,21,1,0.14,494.419,35.205,392.488,374.617
4,12,13,47,350,21,1,0.14,406.254,32.667,324.583,309.118
4,12,14,134,334,20,1,0.14,461.198,33.317,372.32,355.164
4,12,15,49,234,19,0.8,0.14,268.97,27.163,220.331,208.56
4,12,16,257,155,18,0.6,0.14,271.58,26.757,224.037,212.135
4,12,17,257,80,17,0.5,0.14,129.621,21.124,95.736,88.381
4,12,18,0,0,16,0.5,0.14,0,0,0,0
4,12,19,0,0,15,0.5,0.14,0,15,0,0
4,12,20,0,0,15,0.4,0.14,0,15,0,0
4,12,21,0,0,15,0.4,0.14,0,15,0,0
4,12,22,0,0,14,0.4,0.14,0,14,0,0
4,12,23,0,0,14,0.5,0.14,0,14,0,0
4,13,0,0,0,15,0.5,0.14,0,15,0,0
4,13,1,0,0,15,0.5,0.14,0,15,0,0
4,13,2,0,0,15,0.5,0.14,0,15,0,0
4,13,3,0,0,14,0.5,0.14,0,14,0,0
4,13,4,0,0,14,0.5,0.14,0,14,0,0
4,13,5,0,0,14,0.6,0.14,0,0,0,0
4,13,6,0,24,14,0.7,0.14,23.328,14.724,18.25,13.639
4,13,7,0,82,14,0.7,0.14,80.04,16.489,66.002,59.7
4,13,8,0,117,16,0.8,0.14,114.596,19.457,93.566,86.287
4,13,9,26,268,18,0.9,0.14,288.025,26.473,234.548,222.274
4,13,10,46,347,18,1,0.14,401.597,29.532,324.633,309.166
4,13,11,885,137,19,1.1,0.14,1041.37,48.698,806.975,774.417
4,13,12,892,135,20,1.2,0.14,1047.979,49.166,810.596,777.91
4,13,13,867,139,20,1.2,0.14,978.204,47.263,763.956,732.923
4,13,14,819,138,19,1.1,0.14,829.723,42.697,662.491,635.053
4,13,15,762,122,18,1,0.14,630.43,36.489,518.225,495.898
4,13,16,698,89,17,0.9,0.14,399.568,28.94,329.591,313.948
4,13,17,496,59,15,0.7,0.14,157.79,19.637,110.614,102.731
4,13,18,0,0,13,0.6,0.14,0,0,0,0
4,13,19,0,0,11,0.7,0.14,0,11,0,0
4,13,20,0,0,10,0.7,0.14,0,10,0,0
4,13,21,0,0,9,0.6,0.14,0,9,0,0
4,13,22,0,0,8,0.6,0.14,0,8,0,0
4,13,23,0,0,7,0.5,0.14,0,7,0,0
4,14,0,0,0,6,0.5,0.14,0,6,0,0
4,14,1,0,0,5,0.5,0.14,0,5,0,0
4,14,2,0,0,5,0.4,0.14,0,5,0,0
4,14,3,0,0,4,0.4,0.14,0,4,0,0
4,14,4,0,0,3,0.4,0.14,0,3,0,0
4,14,5,0,0,4,0.4,0.14,0,0,0,0
4,14,6,391,71,6,0.6,0.14,142.998,10.339,105.393,97.695
4,14,7,675,98,9,0.7,0.14,391.316,21.305,330.772,315.088
4,14,8,791,120,11,0.7,0.14,639.042,31.29,536.058,513.1
4,14,9,851,137,13,0.8,0.14,848.527,39.181,687.022,658.715
4,14,10,894,142,14,0.8,0.14,1002.998,44.943,790.49,758.517
4,14,11,908,147,15,0.7,0.14,1074.724,49.052,831.381,797.958
4,14,12,912,144,16,0.7,0.14,1077.091,50.128,829.705,796.342
4,14,13,898,137,17,0.7,0.14,999.36,48.677,776.322,744.851
4,14,14,863,127,17,0.7,0.14,854.423,44.094,678.923,650.902
4,14,15,777,120,17,0.6,0.14,638.353,37.837,522.144,499.678
4,14,16,634,105,15,0.4,0.14,389.32,28.352,321.816,306.45
4,14,17,384,73,12,0.5,0.14,149.013,16.687,109.076,101.247
4,14,18,0,0,10,0.8,0.14,0,0,0,0
4,14,19,0,0,9,0.6,0.13,0,9,0,0
4,14,20,0,0,9,0.4,0.13,0,9,0,0
4,14,21,0,0,9,0.4,0.13,0,9,0,0
4,14,22,0,0,9,0.4,0.13,0,9,0,0
4,14,23,0,0,8,0.5,0.13,0,8,0,0
4,15,0,0,0,7,0.4,0.13,0,7,0,0
4,15,1,0,0,7,0.3,0.13,0,7,0,0
4,15,2,0,0,6,0.3,0.13,0,6,0,0
4,15,3,0,0,5,0.3,0.13,0,5,0,0
4,15,4,0,0,5,0.3,0.13,0,5,0,0
4,15,5,0,0,5,0.4,0.13,0,0,0,0
4,15,6,216,90,7,0.4,0.13,128.832,11.246,100.362,92.842
4,15,7,535,129,10,0.4,0.13,362.165,22.435,304.885,290.118
4,15,8,662,160,13,0.5,0.13,599.653,33.126,497.901,476.295
4,15,9,732,183,16,0.5,0.13,803.388,42.942,639.606,612.979
4,15,10,764,200,17,0.3,0.13,947.103,50.713,728.156,698.391
4,15,11,483,340,17,0.3,0.13,863.814,47.614,666.57,638.988
4,15,12,391,378,17,0.4,0.13,803.705,44.577,625.945,599.801
4,15,13,180,401,17,0.5,0.13,593.634,36.678,473.237,452.505
4,15,14,376,302,17,0.5,0.13,631.232,38.043,506.872,484.948
4,15,15,69,248,16,0.6,0.13,295.225,25.497,244.161,231.546
4,15,16,96,167,14,0.7,0.13,207.612,20.507,174.145,164.011
4,15,17,0,37,12,0.7,0.13,35.89,13.118,28.917,23.929
4,15,18,0,1,10,0.7,0.13,0.999,10.026,0,0
4,15,19,0,0,8,0.7,0.13,0,8,0,0
4,15,20,0,0,7,0.8,0.13,0,7,0,0
4,15,21,0,0,5,0.8,0.13,0,5,0,0
4,15,22,0,0,5,0.8,0.13,0,5,0,0
4,15,23,0,0,4,0.8,0.13,0,4,0,0
4,16,0,0,0,4,0.8,0.13,0,4,0,0
4,16,1,0,0,4,0.8,0.13,0,4,0,0
4,16,2,0,0,5,0.7,0.13,0,5,0,0
4,16,3,0,0,5,0.6,0.13,0,5,0,0
4,16,4,0,0,5,0.5,0.13,0,5,0,0
4,16,5,0,0,5,0.5,0.13,0,0,0,0
4,16,6,0,12,6,0.6,0.13,11.612,6.372,9.17,4.882
4,16,7,0,52,8,0.6,0.13,50.487,9.619,41.988,36.536
4,16,8,0,142,10,0.6,0.13,138.963,14.443,116.416,108.328
4,16,9,156,339,11,0.5,0.13,481.657,26.968,398.714,380.622
4,16,10,168,401,12,0.5,0.13,581.496,31.268,472.736,452.022
4,16,11,105,425,13,0.5,0.13,546.683,31.06,442.025,422.398
4,16,12,245,427,13,0.5,0.13,699.8,36.228,559.647,535.852
4,16,13,165,403,12,0.6,0.13,581.437,30.72,473.521,452.779
4,16,14,32,286,11,0.7,0.13,317.566,20.892,264.637,251.296
4,16,15,6,182,11,0.7,0.13,182.727,16.688,153.253,143.859
4,16,16,0,118,10,0.6,0.13,115.147,13.694,97.231,89.822
4,16,17,0,34,9,0.4,0.13,32.97,10.12,26.819,21.905
4,16,18,0,1,7,0.3,0.13,0.999,7.029,0,0
4,16,19,0,0,6,0.3,0.13,0,6,0,0
4,16,20,0,0,6,0.4,0.13,0,6,0,0
4,16,21,0,0,6,0.4,0.13,0,6,0,0
4,16,22,0,0,6,0.6,0.13,0,6,0,0
4,16,23,0,0,6,0.7,0.13,0,6,0,0
4,17,0,0,0,5,0.8,0.13,0,5,0,0
4,17,1,0,0,4,0.7,0.13,0,4,0,0
4,17,2,0,0,3,0.6,0.13,0,3,0,0
4,17,3,0,0,2,0.6,0.13,0,2,0,0
4,17,4,0,0,1,0.5,0.13,0,1,0,0
4,17,5,0,0,1,0.6,0.13,0,0,0,0
4,17,6,383,80,3,0.8,0.13,153.252,7.441,116.677,108.579
4,17,7,614,120,5,0.9,0.13,391.796,16.699,337.637,321.709
4,17,8,716,152,7,0.8,0.13,628.061,26.417,534.959,512.039
4,17,9,157,341,8,0.7,0.13,484.276,23.181,406.422,388.057
4,17,10,25,311,9,0.7,0.13,333.293,19.351,277.9,264.089
4,17,11,424,364,10,0.8,0.13,830.498,35.462,670.036,642.33
4,17,12,227,432,10,0.8,0.13,687.168,30.963,559.904,536.101
4,17,13,236,398,10,0.9,0.13,642.73,29.111,528.438,505.749
4,17,14,1,160,9,0.9,0.13,157.75,13.636,131.777,123.144
4,17,15,286,273,8,1,0.13,471.272,21.718,402.48,384.255
4,17,16,245,163,7,0.9,0.13,274.015,15.157,236.125,223.794
4,17,17,30,79,5,0.9,0.13,82.773,7.43,69.334,62.913
4,17,18,0,4,4,0.9,0.13,3.994,4.099,1.945,0
4,17,19,0,0,3,0.9,0.13,0,3,0,0
4,17,20,0,0,3,0.9,0.13,0,3,0,0
4,17,21,0,0,2,0.9,0.13,0,2,0,0
4,17,22,0,0,2,0.9,0.13,0,2,0,0
4,17,23,0,0,2,0.9,0.13,0,2,0,0
4,18,0,0,0,2,1,0.13,0,2,0,0
4,18,1,0,0,2,1,0.13,0,2,0,0
4,18,2,0,0,2,1,0.13,0,2,0,0
4,18,3,0,0,1,1.1,0.13,0,1,0,0
4,18,4,0,0,1,1.1,0.13,0,1,0,0
4,18,5,0,0,1,1.1,0.13,0,0,0,0
4,18,6,0,64,2,1.2,0.13,61.965,3.698,53.024,47.181
4,18,7,675,99,4,1.3,0.13,398.029,14.776,345.477,329.272
4,18,8,787,120,6,1.4,0.13,641.712,23.112,553.933,530.341
4,18,9,839,139,7,1.4,0.13,844.405,29.496,707.859,678.813
4,18,10,875,149,8,1.3,0.13,995.904,35.121,813.676,780.881
4,18,11,885,157,9,1.3,0.13,1072.22,38.187,863.624,829.059
4,18,12,877,162,9,1.2,0.13,1070.129,38.83,859.742,825.314
4,18,13,857,160,8,1.2,0.13,992.384,35.669,808.83,776.206
4,18,14,355,312,8,1.1,0.13,623.892,25.711,523.759,501.236
4,18,15,1,168,7,1,0.13,165.424,11.753,140.73,131.78
4,18,16,147,172,6,0.9,0.13,237.548,13.06,205.565,194.317
4,18,17,2,76,5,0.6,0.13,73.857,7.366,62.689,56.504
4,18,18,18,11,3,0.5,0.13,11.151,3.305,5.707,1.541
4,18,19,0,0,1,0.4,0.13,0,1,0,0
4,18,20,0,0,1,0.4,0.13,0,1,0,0
4,18,21,0,0,0,0.4,0.13,0,0,0,0
4,18,22,0,0,0,0.4,0.13,0,0,0,0
4,18,23,0,0,0,0.3,0.13,0,0,0,0
4,19,0,0,0,0,0.3,0.13,0,0,0,0
4,19,1,0,0,-1,0.3,0.13,0,-1,0,0
4,19,2,0,0,-2,0.3,0.13,0,-2,0,0
4,19,3,0,0,-2,0.3,0.13,0,-2,0,0
4,19,4,0,0,-3,0.3,0.13,0,-3,0,0
4,19,5,23,11,-1,0.3,0.13,11.218,-0.677,5.848,1.677
4,19,6,429,77,1,0.4,0.13,161.632,6.229,123.155,114.828
4,19,7,645,114,3,0.5,0.13,402.265,16.407,347.546,331.267
4,19,8,768,133,6,0.6,0.13,644.791,27.064,548.352,524.959
4,19,9,838,146,7,0.7,0.13,852.67,34.062,702.74,673.876
4,19,10,852,167,8,0.7,0.13,994.827,39.524,799.076,766.798
4,19,11,885,162,9,0.8,0.13,1078.344,42.272,855.11,820.846
4,19,12,898,153,10,0.8,0.13,1082.14,43.396,854.64,820.393
4,19,13,898,139,11,0.8,0.13,1003.013,41.956,798.992,766.717
4,19,14,861,131,12,0.7,0.13,857.404,39.225,693.446,664.911
4,19,15,798,118,11,0.6,0.13,649.8,32.234,542.575,519.386
4,19,16,605,98,10,0.4,0.13,370.669,22.73,312.605,297.564
4,19,17,496,66,9,0.5,0.13,167.418,14.226,122.07,113.781
4,19,18,63,14,7,0.9,0.13,14.542,7.347,7.396,3.171
4,19,19,0,0,6,0.9,0.13,0,6,0,0
4,19,20,0,0,5,0.6,0.13,0,5,0,0
4,19,21,0,0,4,0.4,0.13,0,4,0,0
4,19,22,0,0,4,0.4,0.13,0,4,0,0
4,19,23,0,0,3,0.4,0.13,0,3,0,0
4,20,0,0,0,3,0.4,0.13,0,3,0,0
4,20,1,0,0,2,0.3,0.13,0,2,0,0
4,20,2,0,0,1,0.3,0.13,0,1,0,0
4,20,3,0,0,1,0.3,0.13,0,1,0,0
4,20,4,0,0,2,0.3,0.13,0,2,0,0
4,20,5,0,9,4,0.3,0.13,8.987,4.265,4.534,0.41
4,20,6,347,87,5,0.3,0.13,156.143,10.252,120.139,111.918
4,20,7,273,161,7,0.3,0.13,283.92,17.013,243.146,230.566
4,20,8,219,259,9,0.3,0.13,407.786,23.405,344.424,328.256
4,20,9,178,345,12,0.4,0.13,505.801,29.28,415.459,396.774
4,20,10,92,393,13,0.4,0.13,491.88,29.724,399.509,381.389
4,20,11,88,422,14,0.4,0.13,525.678,31.865,422.871,403.923
4,20,12,204,437,14,0.4,0.13,668.856,36.83,532.388,509.56
4,20,13,234,401,14,0.5,0.13,643.696,35.351,516.849,494.572
4,20,14,95,337,14,0.4,0.13,422.101,28.374,345.433,329.229
4,20,15,247,257,13,0.4,0.13,429.349,27.723,357.545,340.912
4,20,16,85,172,12,0.4,0.13,207.682,19.085,175.084,164.916
4,20,17,5,79,11,0.4,0.13,77.306,13.624,64.074,57.84
4,20,18,0,5,10,0.5,0.13,4.993,10.138,2.383,0
4,20,19,0,0,9,0.5,0.13,0,9,0,0
4,20,20,0,0,9,0.5,0.13,0,9,0,0
4,20,21,0,0,8,0.4,0.13,0,8,0,0
4,20,22,0,0,8,0.4,0.13,0,8,0,0
4,20,23,0,0,8,0.4,0.13,0,8,0,0
4,21,0,0,0,8,0.4,0.13,0,8,0,0
4,21,1,0,0,8,0.4,0.13,0,8,0,0
4,21,2,0,0,8,0.3,0.13,0,8,0,0
4,21,3,0,0,8,0.3,0.13,0,8,0,0
4,21,4,0,0,8,0.3,0.13,0,8,0,0
4,21,5,0,0,9,0.3,0.13,0,0,0,0
4,21,6,0,6,10,0.3,0.13,5.803,10.203,4.38,0.261
4,21,7,81,172,12,0.3,0.13,205.833,19.239,173.366,163.259
4,21,8,159,266,14,0.4,0.13,376.313,26.87,312.453,297.418
4,21,9,467,271,16,0.5,0.13,680.274,38.719,546.036,522.724
4,21,10,475,318,17,0.5,0.13,800.715,43.704,628.067,601.849
4,21,11,294,421,18,0.5,0.13,752.171,42.99,586.991,562.228
4,21,12,60,402,18,0.4,0.13,475.778,34.147,378.093,360.732
4,21,13,29,326,17,0.4,0.13,361.047,29.234,290.625,276.363
4,21,14,17,255,16,0.4,0.13,266.144,25.013,216.853,205.206
4,21,15,29,227,16,0.4,0.13,246.818,24.39,203.178,192.015
4,21,16,0,32,15,0.3,0.13,31.04,16.087,24.587,19.753
4,21,17,0,8,14,0.3,0.13,7.739,14.271,5.806,1.637
4,21,18,0,0,13,0.3,0.13,0,0,0,0
4,21,19,0,0,13,0.3,0.13,0,13,0,0
4,21,20,0,0,12,0.4,0.13,0,12,0,0
4,21,21,0,0,12,0.4,0.13,0,12,0,0
4,21,22,0,0,12,0.4,0.13,0,12,0,0
4,21,23,0,0,12,0.4,0.13,0,12,0,0
4,22,0,0,0,12,0.4,0.13,0,12,0,0
4,22,1,0,0,12,0.4,0.13,0,12,0,0
4,22,2,0,0,12,0.4,0.13,0,12,0,0
4,22,3,0,0,11,0.4,0.13,0,11,0,0
4,22,4,0,0,11,0.4,0.13,0,11,0,0
4,22,5,0,16,12,0.4,0.13,15.366,12.44,7.635,3.401
4,22,6,353,84,14,0.5,0.13,156.391,18.95,116.526,108.433
4,22,7,510,137,17,0.5,0.13,368.08,29.261,303.232,288.524
4,22,8,626,167,20,0.6,0.13,592.117,39.285,479.062,458.123
4,22,9,695,186,23,0.7,0.13,783.086,47.808,610.445,584.851
4,22,10,665,240,24,0.8,0.13,900.692,51.739,687.546,659.22
4,22,11,683,247,25,0.8,0.13,972.267,54.909,731.305,701.429
4,22,12,689,241,26,0.8,0.13,971.87,55.901,728.2,698.434
4,22,13,501,312,25,0.7,0.13,818.184,50.82,624.405,598.316
4,22,14,328,323,24,0.6,0.13,613.085,43.836,479.949,458.979
4,22,15,160,268,23,0.4,0.13,378.952,35.955,303.889,289.158
4,22,16,338,155,22,0.4,0.13,306.851,32.509,248.39,235.625
4,22,17,258,96,21,0.3,0.13,147.007,25.991,109.157,101.326
4,22,18,24,13,19,0.3,0.13,12.43,19.358,5.919,1.745
4,22,19,0,0,17,0.3,0.14,0,17,0,0
4,22,20,0,0,17,0.3,0.14,0,17,0,0
4,22,21,0,0,17,0.6,0.14,0,17,0,0
4,22,22,0,0,17,0.8,0.14,0,17,0,0
4,22,23,0,0,17,0.7,0.14,0,17,0,0
4,23,0,0,0,16,0.7,0.14,0,16,0,0
4,23,1,0,0,16,0.7,0.14,0,16,0,0
4,23,2,0,0,15,0.7,0.14,0,15,0,0
4,23,3,0,0,15,0.7,0.14,0,15,0,0
4,23,4,0,0,15,0.7,0.14,0,15,0,0
4,23,5,0,12,16,0.5,0.14,11.666,16.324,5.617,1.455
4,23,6,242,101,17,0.2,0.14,149.969,22.252,114.123,106.115
4,23,7,452,156,19,0.2,0.14,363.454,32.222,296.122,281.666
4,23,8,592,184,22,0.3,0.14,586.833,42.827,467.73,447.193
4,23,9,680,198,25,0.3,0.14,786.119,52.897,600.131,574.903
4,23,10,718,213,26,0.4,0.14,925.036,57.867,689.487,661.092
4,23,11,736,220,27,0.5,0.14,999.729,60.395,735.902,705.862
4,23,12,515,344,27,0.6,0.14,904.289,56.245,673.793,645.954
4,23,13,692,229,27,0.7,0.14,916.295,55.951,687.954,659.613
4,23,14,490,265,26,0.7,0.14,694.791,47.88,538.381,515.34
4,23,15,353,241,25,0.7,0.14,482.836,40.186,385.317,367.701
4,23,16,385,149,24,0.6,0.14,325.658,34.5,262.014,248.766
4,23,17,198,86,22,0.4,0.14,125.734,26.139,93.673,86.39
4,23,18,0,13,20,0.4,0.14,12.643,20.361,5.991,1.815
4,23,19,0,0,19,0.4,0.14,0,19,0,0
4,23,20,0,0,17,0.5,0.14,0,17,0,0
4,23,21,0,0,16,0.5,0.14,0,16,0,0
4,23,22,0,0,15,0.5,0.14,0,15,0,0
4,23,23,0,0,15,0.5,0.14,0,15,0,0
4,24,0,0,0,15,0.5,0.14,0,15,0,0
4,24,1,0,0,15,0.6,0.14,0,15,0,0
4,24,2,0,0,15,0.5,0.14,0,15,0,0
4,24,3,0,0,15,0.5,0.14,0,15,0,0
4,24,4,0,0,14,0.4,0.14,0,14,0,0
4,24,5,53,19,15,0.5,0.14,17.135,15.454,8.445,4.183
4,24,6,0,40,17,0.6,0.14,38.932,18.245,30.918,25.859
4,24,7,464,135,19,0.7,0.14,348.521,29.945,286.133,272.031
4,24,8,616,160,22,0.8,0.14,581.057,39.894,468.645,448.076
4,24,9,731,176,24,0.8,0.14,806.057,48.8,626.139,599.989
4,24,10,789,174,25,0.9,0.14,947.974,53.417,720.434,690.943
4,24,11,488,355,26,1,0.14,887.851,51.814,672.92,645.112
4,24,12,793,181,26,1.1,0.14,1009.4,54.768,761.146,730.212
4,24,13,278,399,25,1,0.14,692.546,45.046,536.57,513.593
4,24,14,421,296,24,1,0.14,669.714,43.455,526.801,504.171
4,24,15,123,270,23,1,0.14,357.412,33.324,288.566,274.378
4,24,16,45,169,20,0.9,0.14,187.503,25.539,153.64,144.232
4,24,17,25,86,17,0.8,0.14,88.752,19.67,71.532,65.033
4,24,18,0,11,15,0.7,0.14,10.689,15.28,5.151,1.005
4,24,19,0,0,13,0.7,0.14,0,13,0,0
4,24,20,0,0,12,0.7,0.14,0,12,0,0
4,24,21,0,0,10,0.7,0.14,0,10,0,0
4,24,22,0,0,9,0.8,0.14,0,9,0,0
4,24,23,0,0,8,0.7,0.14,0,8,0,0
4,25,0,0,0,7,0.5,0.14,0,7,0,0
4,25,1,0,0,7,0.5,0.14,0,7,0,0
4,25,2,0,0,6,0.5,0.14,0,6,0,0
4,25,3,0,0,6,0.5,0.14,0,6,0,0
4,25,4,0,0,6,0.5,0.14,0,6,0,0
4,25,5,0,17,6,0.5,0.14,16.532,6.458,8.47,4.206
4,25,6,69,92,6,0.6,0.14,104.067,9.291,86.348,79.324
4,25,7,9,149,7,0.7,0.14,149.858,11.663,128.473,119.957
4,25,8,309,254,8,0.6,0.14,468.756,23.152,397.925,379.862
4,25,9,116,351,9,0.6,0.14,462.041,23.818,385.231,367.617
4,25,10,31,336,10,0.5,0.14,373.868,22.27,308.991,294.079
4,25,11,107,437,11,0.5,0.14,561.245,29.488,456.047,435.924
4,25,12,379,395,11,0.5,0.14,811.029,37.942,646.695,619.817
4,25,13,308,391,11,0.5,0.14,712.31,34.627,574.919,550.584
4,25,14,314,330,11,0.4,0.14,609.65,31.857,499.099,477.451
4,25,15,124,271,11,0.3,0.14,359.061,23.607,300.758,286.138
4,25,16,307,164,10,0.2,0.14,303.601,21.018,256.689,243.63
4,25,17,98,92,9,0.3,0.14,110.355,12.79,89.453,82.32
4,25,18,0,15,7,0.6,0.14,14.593,7.393,7.405,3.179
4,25,19,0,0,7,0.8,0.14,0,7,0,0
4,25,20,0,0,6,0.9,0.14,0,6,0,0
4,25,21,0,0,6,1,0.14,0,6,0,0
4,25,22,0,0,5,1.1,0.14,0,5,0,0
4,25,23,0,0,5,1.1,0.14,0,5,0,0
4,26,0,0,0,4,1.1,0.14,0,4,0,0
4,26,1,0,0,3,1.1,0.14,0,3,0,0
4,26,2,0,0,2,0.8,0.14,0,2,0,0
4,26,3,0,0,1,0.4,0.14,0,1,0,0
4,26,4,0,0,1,0.3,0.14,0,1,0,0
4,26,5,131,22,3,0.4,0.14,19.349,3.506,10.13,5.808
4,26,6,526,73,6,0.5,0.14,188.619,11.891,141.981,132.986
4,26,7,737,96,9,0.6,0.14,435.638,23.093,369.193,352.147
4,26,8,830,115,12,0.7,0.14,676.587,33.447,561.99,538.113
4,26,9,882,128,13,0.7,0.14,879.084,40.865,705.876,676.901
4,26,10,921,131,14,0.6,0.14,1023.095,47.306,797.733,765.503
4,26,11,932,135,15,0.5,0.14,1095.242,51.7,837.209,803.58
4,26,12,930,135,16,0.4,0.14,1092.328,53.698,828.409,795.091
4,26,13,913,132,16,0.3,0.14,1013.977,52.063,776.023,744.562
4,26,14,878,124,16,0.3,0.14,867.537,46.895,680.739,652.654
4,26,15,820,113,16,0.2,0.14,663.151,40.367,536.597,513.62
4,26,16,709,98,15,0.2,0.14,420.39,30.317,345.94,329.719
4,26,17,525,70,13,0.4,0.14,181.875,18.819,132.025,123.383
4,26,18,132,20,10,0.7,0.14,17.751,10.421,8.98,4.698
4,26,19,0,0,8,0.8,0.14,0,8,0,0
4,26,20,0,0,6,0.5,0.14,0,6,0,0
4,26,21,0,0,4,0.3,0.14,0,4,0,0
4,26,22,0,0,4,0.3,0.14,0,4,0,0
4,26,23,0,0,3,0.3,0.14,0,3,0,0
4,27,0,0,0,3,0.6,0.14,0,3,0,0
4,27,1,0,0,4,0.8,0.14,0,4,0,0
4,27,2,0,0,3,0.8,0.14,0,3,0,0
4,27,3,0,0,2,0.6,0.14,0,2,0,0
4,27,4,0,0,1,0.3,0.14,0,1,0,0
4,27,5,128,23,4,0.3,0.14,20.143,4.544,10.515,6.179
4,27,6,493,74,7,0.4,0.14,183.602,12.919,138.512,129.64
4,27,7,684,101,10,0.5,0.14,418.275,23.919,353.212,336.733
4,27,8,760,126,13,0.6,0.14,643.625,33.967,532.673,509.834
4,27,9,785,154,15,0.7,0.14,826.81,41.175,661.977,634.557
4,27,10,778,188,16,0.7,0.14,958.062,46.285,748.23,717.754
4,27,11,778,206,18,0.7,0.14,1027.972,50.48,787.664,755.791
4,27,12,762,218,19,0.7,0.14,1023.698,51.335,781.507,749.852
4,27,13,732,220,20,0.6,0.14,945.728,50.713,725.242,695.58
4,27,14,683,210,20,0.6,0.14,799.726,45.974,627.168,600.982
4,27,15,623,183,20,0.5,0.14,607.704,40.314,489.282,467.981
4,27,16,527,145,19,0.3,0.14,385.478,32.587,313.948,298.86
4,27,17,349,95,16,0.5,0.14,167.985,21.309,125.934,117.508
4,27,18,45,21,14,0.8,0.14,19.638,14.485,9.782,5.472
4,27,19,0,0,13,0.8,0.14,0,13,0,0
4,27,20,0,0,12,0.6,0.14,0,12,0,0
4,27,21,0,0,12,0.4,0.14,0,12,0,0
4,27,22,0,0,11,0.4,0.14,0,11,0,0
4,27,23,0,0,10,0.4,0.14,0,10,0,0
4,28,0,0,0,9,0.5,0.14,0,9,0,0
4,28,1,0,0,8,0.4,0.14,0,8,0,0
4,28,2,0,0,7,0.4,0.14,0,7,0,0
4,28,3,0,0,6,0.4,0.14,0,6,0,0
4,28,4,0,0,5,0.4,0.14,0,5,0,0
4,28,5,145,25,6,0.5,0.14,21.964,6.561,11.541,7.168
4,28,6,546,72,8,0.7,0.14,194.419,13.74,145.744,136.616
4,28,7,697,107,10,0.8,0.14,431.165,23.208,365.426,348.514
4,28,8,810,122,12,0.9,0.14,673.07,32.213,561.169,537.321
4,28,9,878,131,13,0.9,0.14,881.373,39.46,711.184,682.021
4,28,10,916,136,14,0.9,0.14,1024.972,44.753,806.78,774.229
4,28,11,932,139,15,0.9,0.14,1100.969,48.026,853.5,819.294
4,28,12,932,138,15,0.8,0.14,1098.749,48.841,849.141,815.089
4,28,13,920,132,16,0.8,0.14,1021.207,47.462,795.64,763.484
4,28,14,876,130,16,0.8,0.14,873.404,42.922,695.683,667.069
4,28,15,822,117,15,0.7,0.14,669.44,36.213,550.141,526.684
4,28,16,419,147,14,0.6,0.14,339.775,24.949,283.909,269.885
4,28,17,609,62,11,0.4,0.14,192.668,17.135,139.121,130.228
4,28,18,209,22,8,0.3,0.14,20.58,8.532,10.575,6.237
4,28,19,0,0,7,0.4,0.14,0,7,0,0
4,28,20,0,0,6,0.4,0.14,0,6,0,0
4,28,21,0,0,5,0.4,0.14,0,5,0,0
4,28,22,0,0,4,0.4,0.14,0,4,0,0
4,28,23,0,0,3,0.4,0.14,0,3,0,0
4,29,0,0,0,2,0.3,0.14,0,2,0,0
4,29,1,0,0,1,0.3,0.14,0,1,0,0
4,29,2,0,0,0,0.3,0.14,0,0,0,0
4,29,3,0,0,0,0.3,0.14,0,0,0,0
4,29,4,0,0,0,0.3,0.14,0,0,0,0
4,29,5,123,28,1,0.4,0.14,24.354,1.681,14.595,10.114
4,29,6,503,83,4,0.4,0.14,196.969,10.37,151.788,142.446
4,29,7,656,124,8,0.4,0.14,431.396,22.774,366.32,349.377
4,29,8,765,145,11,0.4,0.14,668.986,34.079,553.205,529.639
4,29,9,826,160,12,0.3,0.14,869.28,42.895,691.499,663.033
4,29,10,872,161,14,0.2,0.14,1017.018,51.268,779.686,748.095
4,29,11,881,167,15,0.2,0.14,1086.931,54.843,819.423,786.424
4,29,12,875,169,16,0.2,0.14,1081.686,55.648,812.824,780.059
4,29,13,860,163,17,0.2,0.14,1004.02,53.789,762.062,731.096
4,29,14,822,153,17,0.2,0.14,853.166,48.292,664.788,637.268
4,29,15,757,139,16,0.2,0.14,651.21,39.883,526.87,504.237
4,29,16,634,121,15,0.2,0.14,411.889,29.989,339.35,323.362
4,29,17,438,86,13,0.5,0.14,179.181,18.617,133.577,124.88
4,29,18,74,24,9,0.6,0.14,21.655,9.553,11.084,6.728
4,29,19,0,0,7,0.4,0.14,0,7,0,0
4,29,20,0,0,7,0.3,0.14,0,7,0,0
4,29,21,0,0,6,0.4,0.14,0,6,0,0
4,29,22,0,0,5,0.3,0.14,0,5,0,0
4,29,23,0,0,4,0.3,0.14,0,4,0,0
4,30,0,0,0,4,0.3,0.14,0,4,0,0
4,30,1,0,0,3,0.3,0.14,0,3,0,0
4,30,2,0,0,3,0.3,0.14,0,3,0,0
4,30,3,0,0,2,0.3,0.14,0,2,0,0
4,30,4,0,0,2,0.3,0.14,0,2,0,0
4,30,5,127,29,4,0.3,0.14,25.207,4.748,16.034,11.503
4,30,6,500,82,7,0.3,0.14,196.592,13.548,149.983,140.705
4,30,7,647,122,11,0.4,0.14,426.335,25.601,358.287,341.628
4,30,8,763,139,14,0.5,0.14,662.771,36.187,543.662,520.435
4,30,9,829,149,17,0.5,0.14,861.101,45.831,677.307,649.343
4,30,10,873,150,18,0.5,0.14,1006.824,51.683,770.676,739.405
4,30,11,881,156,19,0.5,0.14,1075.53,54.992,810.441,777.76
4,30,12,873,158,20,0.5,0.14,1068.154,55.743,802.442,770.045
4,30,13,868,146,21,0.5,0.14,993.761,54.249,753.084,722.436
4,30,14,822,142,21,0.5,0.14,841.886,49.192,653.689,626.563
4,30,15,751,132,21,0.4,0.14,640.219,43.076,511.483,489.395
4,30,16,648,111,20,0.3,0.14,408.39,34.408,330.767,315.083
4,30,17,463,79,17,0.3,0.14,178.216,22.914,129.642,121.085
4,30,18,121,24,14,0.3,0.14,21.045,14.571,10.704,6.361
4,30,19,0,0,12,0.4,0.15,0,12,0,0
4,30,20,0,0,11,0.4,0.15,0,11,0,0
4,30,21,0,0,10,0.4,0.15,0,10,0,0
4,30,22,0,0,10,0.3,0.15,0,10,0,0
4,30,23,0,0,9,0.3,0.15,0,9,0,0
5,1,0,0,0,8,0.3,0.15,0,8,0,0
5,1,1,0,0,8,0.3,0.15,0,8,0,0
5,1,2,0,0,7,0.2,0.15,0,7,0,0
5,1,3,0,0,7,0.2,0.15,0,7,0,0
5,1,4,0,0,7,0.3,0.15,0,7,0,0
5,1,5,136,29,9,0.3,0.15,25.404,9.759,16.648,12.094
5,1,6,472,82,12,0.1,0.15,190.193,18.746,142.727,133.706
5,1,7,659,111,16,0.1,0.15,422.684,31.876,346.99,330.731
5,1,8,762,129,20,0.1,0.15,653.905,44.725,518.978,496.625
5,1,9,822,140,23,0.2,0.15,848.259,54.059,645.691,618.848
5,1,10,834,160,25,0.2,0.15,982.638,60.93,723.991,694.374
5,1,11,847,166,25,0.3,0.15,1054.004,62.366,770.211,738.956
5,1,12,843,167,26,0.4,0.15,1049.545,62.093,767.836,736.665
5,1,13,825,163,26,0.4,0.15,973.04,59.446,721.355,691.831
5,1,14,784,156,26,0.4,0.15,826.937,54.448,628.13,601.909
5,1,15,718,142,25,0.3,0.15,630.714,47.36,494.95,473.448
5,1,16,615,119,23,0.3,0.15,403.553,37.185,323.289,307.87
5,1,17,434,84,20,0.3,0.15,177.918,25.901,129.084,120.547
5,1,18,107,26,17,0.3,0.15,23.799,17.684,13.023,8.598
5,1,19,0,0,15,0.4,0.15,0,15,0,0
5,1,20,0,0,14,0.4,0.15,0,14,0,0
5,1,21,0,0,14,0.4,0.15,0,14,0,0
5,1,22,0,0,13,0.3,0.15,0,13,0,0
5,1,23,0,0,12,0.3,0.15,0,12,0,0
5,2,0,0,0,11,0.3,0.15,0,11,0,0
5,2,1,0,0,10,0.3,0.15,0,10,0,0
5,2,2,0,0,10,0.2,0.15,0,10,0,0
5,2,3,0,0,10,0.2,0.15,0,10,0,0
5,2,4,0,0,10,0.3,0.15,0,10,0,0
5,2,5,113,31,12,0.3,0.15,27.99,12.868,18.86,14.228
5,2,6,421,93,15,0.1,0.15,190.038,21.774,143.013,133.982
5,2,7,598,130,18,0.1,0.15,414.861,33.566,338.244,322.295
5,2,8,699,156,22,0.1,0.15,640.862,46.198,504.776,482.926
5,2,9,757,174,25,0.2,0.15,832.379,55.446,629.035,602.782
5,2,10,791,185,27,0.2,0.15,967.924,62.365,708.225,679.166
5,2,11,803,191,28,0.3,0.15,1035.605,64.688,748.79,718.294
5,2,12,797,194,29,0.3,0.15,1031.125,65.526,742.884,712.597
5,2,13,799,176,29,0.4,0.15,960.777,62.051,704.185,675.27
5,2,14,759,167,28,0.4,0.15,820.622,56.206,618.459,592.581
5,2,15,691,152,27,0.3,0.15,622.916,49.094,485.01,463.861
5,2,16,574,131,26,0.3,0.15,397.638,39.968,314.99,299.865
5,2,17,387,93,22,0.3,0.15,176.8,27.892,129.007,120.473
5,2,18,87,27,19,0.3,0.15,24.468,19.728,14.132,9.668
5,2,19,0,0,17,0.3,0.15,0,17,0,0
5,2,20,0,0,17,0.3,0.15,0,17,0,0
5,2,21,0,0,16,0.3,0.15,0,16,0,0
5,2,22,0,0,15,0.3,0.15,0,15,0,0
5,2,23,0,0,14,0.3,0.15,0,14,0,0
5,3,0,0,0,14,0.3,0.15,0,14,0,0
5,3,1,0,0,13,0.3,0.15,0,13,0,0
5,3,2,0,0,12,0.3,0.15,0,12,0,0
5,3,3,0,0,12,0.2,0.15,0,12,0,0
5,3,4,0,0,12,0.2,0.15,0,12,0,0
5,3,5,106,32,14,0.2,0.15,28.791,14.933,19.803,15.137
5,3,6,390,100,17,0.2,0.15,190.376,23.59,143.582,134.53
5,3,7,543,149,20,0.1,0.15,407.43,35.267,329.862,314.21
5,3,8,645,180,24,0.1,0.15,629.282,47.757,491.776,470.387
5,3,9,700,204,27,0.2,0.15,816.957,56.829,613.006,587.321
5,3,10,706,237,28,0.2,0.15,944.475,62.505,689.288,660.901
5,3,11,709,253,29,0.3,0.15,1011.196,64.751,729.431,699.621
5,3,12,687,265,30,0.4,0.15,999.777,64.278,722.367,692.807
5,3,13,574,318,29,0.4,0.15,896.714,59.721,660.158,632.802
5,3,14,508,308,28,0.4,0.15,755.254,53.831,570.966,546.771
5,3,15,430,271,27,0.4,0.15,565.595,46.339,441.671,422.058
5,3,16,343,206,25,0.4,0.15,363.665,37.362,290.403,276.149
5,3,17,208,122,23,0.3,0.15,164.746,28.586,125.434,117.026
5,3,18,38,22,21,0.3,0.15,20.852,21.651,12.421,8.018
5,3,19,0,0,19,0.4,0.15,0,19,0,0
5,3,20,0,0,18,0.4,0.15,0,18,0,0
5,3,21,0,0,17,0.4,0.15,0,17,0,0
5,3,22,0,0,17,0.3,0.15,0,17,0,0
5,3,23,0,0,16,0.3,0.15,0,16,0,0
5,4,0,0,0,15,0.3,0.15,0,15,0,0
5,4,1,0,0,15,0.3,0.15,0,15,0,0
5,4,2,0,0,14,0.3,0.15,0,14,0,0
5,4,3,0,0,14,0.2,0.15,0,14,0,0
5,4,4,0,0,14,0.2,0.15,0,14,0,0
5,4,5,51,29,15,0.2,0.15,26.99,15.905,18.826,14.196
5,4,6,77,106,18,0.2,0.15,120.98,22.301,96.463,89.081
5,4,7,58,188,21,0.1,0.15,213.316,28.933,173.031,162.936
5,4,8,569,212,24,0.1,0.15,608.961,46.957,476.28,455.44
5,4,9,641,234,27,0.2,0.15,798.429,56.119,599.904,574.684
5,4,10,580,316,28,0.2,0.15,903.979,60.942,662.04,634.618
5,4,11,604,323,29,0.2,0.15,975.586,64.516,702.755,673.89
5,4,12,609,318,30,0.2,0.15,974.102,65.466,699.005,670.273
5,4,13,618,287,30,0.2,0.15,907.273,63.093,659.241,631.918
5,4,14,576,268,29,0.3,0.15,770.901,56.215,578.166,553.715
5,4,15,505,236,28,0.3,0.15,584.16,48.622,453.077,433.059
5,4,16,401,188,26,0.4,0.15,371.832,38.658,295.572,281.135
5,4,17,235,120,24,0.4,0.15,168.979,29.548,127.511,119.029
5,4,18,40,24,22,0.4,0.15,22.608,22.694,13.969,9.511
5,4,19,0,0,20,0.4,0.15,0,20,0,0
5,4,20,0,0,19,0.4,0.15,0,19,0,0
5,4,21,0,0,19,0.4,0.15,0,19,0,0
5,4,22,0,0,18,0.4,0.15,0,18,0,0
5,4,23,0,0,18,0.4,0.15,0,18,0,0
5,5,0,0,0,18,0.3,0.15,0,18,0,0
5,5,1,0,0,18,0.3,0.15,0,18,0,0
5,5,2,0,0,17,0.3,0.15,0,17,0,0
5,5,3,0,0,17,0.2,0.15,0,17,0,0
5,5,4,0,0,17,0.2,0.15,0,17,0,0
5,5,5,0,8,18,0.3,0.15,7.787,18.263,5.151,1.005
5,5,6,14,99,19,0.5,0.15,99.298,22.251,80.371,73.56
5,5,7,94,196,20,0.6,0.15,238.056,27.611,194.875,184.006
5,5,8,157,290,21,0.7,0.15,402.327,33.542,325.146,309.661
5,5,9,100,362,22,0.8,0.15,453.375,35.702,360.53,343.791
5,5,10,454,344,23,0.8,0.15,812.402,47.798,625.506,599.378
5,5,11,478,371,22,0.8,0.15,896.749,49.36,685.217,656.974
5,5,12,236,452,22,0.8,0.15,717.65,43.767,556.163,532.492
5,5,13,44,370,21,0.7,0.15,421.27,34.037,333.962,318.165
5,5,14,17,262,21,0.7,0.15,274.08,29.461,219.28,207.546
5,5,15,675,159,20,0.6,0.15,620.831,40.127,500.321,478.629
5,5,16,639,114,19,0.5,0.15,411.023,32.607,335.415,319.566
5,5,17,524,74,17,0.3,0.15,191.643,23.306,139.036,130.146
5,5,18,208,29,14,0.2,0.15,26.227,14.791,17.47,12.887
5,5,19,0,0,12,0.3,0.15,0,12,0,0
5,5,20,0,0,11,0.2,0.15,0,11,0,0
5,5,21,0,0,10,0.2,0.15,0,10,0,0
5,5,22,0,0,10,0.2,0.15,0,10,0,0
5,5,23,0,0,9,0.2,0.15,0,9,0,0
5,6,0,0,0,8,0.2,0.15,0,8,0,0
5,6,1,0,0,8,0.3,0.15,0,8,0,0
5,6,2,0,0,8,0.3,0.15,0,8,0,0
5,6,3,0,0,8,0.3,0.15,0,8,0,0
5,6,4,0,0,8,0.3,0.15,0,8,0,0
5,6,5,12,31,9,0.5,0.15,29.345,9.927,21.723,16.99
5,6,6,585,72,11,0.7,0.15,213.451,17.286,160.461,150.811
5,6,7,767,89,12,0.8,0.15,456.244,25.93,384.235,366.657
5,6,8,527,201,14,0.7,0.15,570.71,31.95,472.111,451.419
5,6,9,898,115,15,0.7,0.15,885.46,42.96,704.568,675.639
5,6,10,919,125,16,0.6,0.15,1022.442,49.202,790.387,758.417
5,6,11,928,129,17,0.6,0.15,1090.471,52.426,830.286,796.902
5,6,12,924,130,17,0.6,0.15,1085.463,52.262,827.053,793.784
5,6,13,905,129,17,0.7,0.15,1007.492,48.814,780.084,748.479
5,6,14,871,124,17,0.7,0.15,866.182,44.381,685.37,657.121
5,6,15,814,114,16,0.7,0.15,665.817,37.033,544.742,521.476
5,6,16,711,101,14,0.7,0.15,430.811,27.489,358.867,342.187
5,6,17,527,78,13,0.6,0.15,197.196,18.938,146.234,137.089
5,6,18,158,32,10,0.4,0.15,28.334,10.83,19.724,15.062
5,6,19,0,0,8,0.3,0.15,0,8,0,0
5,6,20,0,0,7,0.3,0.15,0,7,0,0
5,6,21,0,0,6,0.3,0.15,0,6,0,0
5,6,22,0,0,5,0.2,0.15,0,5,0,0
5,6,23,0,0,4,0.2,0.15,0,4,0,0
5,7,0,0,0,4,0.3,0.15,0,4,0,0
5,7,1,0,0,3,0.4,0.15,0,3,0,0
5,7,2,0,0,3,0.5,0.15,0,3,0,0
5,7,3,0,0,2,0.4,0.15,0,2,0,0
5,7,4,0,0,2,0.3,0.15,0,2,0,0
5,7,5,209,39,4,0.4,0.15,34.513,5.033,26.575,21.67
5,7,6,566,83,7,0.5,0.15,220.838,13.905,169.949,159.964
5,7,7,750,104,10,0.5,0.15,463.57,25.399,391.311,373.482
5,7,8,848,116,12,0.5,0.15,702.317,35.476,578.018,553.573
5,7,9,903,123,14,0.5,0.15,897.492,44.016,711.08,681.92
5,7,10,932,127,15,0.5,0.15,1037.37,49.663,800.392,768.067
5,7,11,943,130,16,0.6,0.15,1107.017,51.962,844.341,810.459
5,7,12,938,131,17,0.6,0.15,1100.895,52.762,837.061,803.437
5,7,13,923,127,18,0.6,0.15,1022.762,51.209,784.494,752.733
5,7,14,888,122,17,0.6,0.15,874.689,45.427,689.417,661.025
5,7,15,831,113,16,0.6,0.15,676.426,37.972,551.568,528.06
5,7,16,742,97,15,0.5,0.15,441.303,29.624,364.936,348.041
5,7,17,570,74,13,0.4,0.15,203.51,19.478,149.852,140.579
5,7,18,211,32,10,0.3,0.15,28.796,10.859,20.451,15.763
5,7,19,0,0,8,0.3,0.15,0,8,0,0
5,7,20,0,0,7,0.3,0.15,0,7,0,0
5,7,21,0,0,6,0.2,0.15,0,6,0,0
5,7,22,0,0,5,0.2,0.15,0,5,0,0
5,7,23,0,0,4,0.2,0.15,0,4,0,0
5,8,0,0,0,4,0.2,0.15,0,4,0,0
5,8,1,0,0,4,0.2,0.15,0,4,0,0
5,8,2,0,0,5,0.2,0.15,0,5,0,0
5,8,3,0,0,5,0.2,0.15,0,5,0,0
5,8,4,0,0,5,0.2,0.15,0,5,0,0
5,8,5,210,41,6,0.2,0.15,36.227,7.159,27.943,22.989
5,8,6,43,108,8,0.2,0.15,115.201,12.111,96.64,89.252
5,8,7,720,112,10,0.2,0.15,459.013,26.679,385.583,367.957
5,8,8,404,248,13,0.3,0.15,535.851,31.879,441.414,421.809
5,8,9,876,133,15,0.3,0.15,889.746,46.585,697.533,668.853
5,8,10,906,138,17,0.4,0.15,1024.039,52.23,781.799,750.133
5,8,11,917,141,18,0.4,0.15,1091.985,55.586,820.615,787.574
5,8,12,915,140,19,0.5,0.15,1086.856,55.323,817.71,784.772
5,8,13,901,134,20,0.5,0.15,1009.139,53.71,766.115,735.005
5,8,14,866,129,19,0.5,0.15,868.428,48.018,677.246,649.285
5,8,15,808,119,19,0.5,0.15,668.409,41.314,537.771,514.752
5,8,16,442,152,18,0.4,0.15,358.681,30.205,294.352,279.958
5,8,17,515,83,15,0.3,0.15,200.639,21.615,148.368,139.147
5,8,18,173,35,13,0.3,0.15,30.993,13.947,22.121,17.374
5,8,19,0,0,11,0.3,0.15,0,11,0,0
5,8,20,0,0,10,0.3,0.15,0,10,0,0
5,8,21,0,0,9,0.3,0.15,0,9,0,0
5,8,22,0,0,9,0.2,0.15,0,9,0,0
5,8,23,0,0,8,0.2,0.15,0,8,0,0
5,9,0,0,0,8,0.2,0.15,0,8,0,0
5,9,1,0,0,8,0.2,0.15,0,8,0,0
5,9,2,0,0,8,0.2,0.15,0,8,0,0
5,9,3,0,0,9,0.2,0.15,0,9,0,0
5,9,4,0,0,9,0.1,0.15,0,9,0,0
5,9,5,0,9,10,0.1,0.15,8.762,10.319,6.303,2.116
5,9,6,0,14,12,0.1,0.15,13.644,12.507,10.636,6.296
5,9,7,0,39,15,0.1,0.15,38.105,16.412,30.288,25.251
5,9,8,15,221,18,0.2,0.15,228.138,26.178,185.148,174.624
5,9,9,89,362,20,0.2,0.15,443.48,35.955,351.773,335.344
5,9,10,225,428,21,0.2,0.15,664.457,45.007,512.722,490.59
5,9,11,755,223,22,0.2,0.15,1026.107,59.47,756.93,726.145
5,9,12,774,211,22,0.2,0.15,1030.904,59.656,760.223,729.321
5,9,13,776,194,23,0.3,0.15,962.534,57.086,719.152,689.706
5,9,14,143,369,23,0.3,0.15,500.902,40.511,392.453,374.584
5,9,15,313,267,22,0.3,0.15,484.499,39.025,386.899,369.226
5,9,16,532,154,21,0.3,0.15,402.391,35.111,325.137,309.653
5,9,17,385,103,19,0.4,0.15,189.241,25.123,141.64,132.658
5,9,18,121,36,17,0.7,0.15,32.408,17.912,23.059,18.279
5,9,19,0,0,15,0.8,0.15,0,15,0,0
5,9,20,0,0,13,0.7,0.15,0,13,0,0
5,9,21,0,0,12,0.4,0.15,0,12,0,0
5,9,22,0,0,12,0.3,0.15,0,12,0,0
5,9,23,0,0,12,0.3,0.15,0,12,0,0
5,10,0,0,0,12,0.3,0.15,0,12,0,0
5,10,1,0,0,12,0.3,0.15,0,12,0,0
5,10,2,0,0,12,0.3,0.15,0,12,0,0
5,10,3,0,0,11,0.3,0.15,0,11,0,0
5,10,4,0,0,11,0.3,0.15,0,11,0,0
5,10,5,144,42,13,0.3,0.15,37.595,14.203,28.549,23.574
5,10,6,438,100,15,0.3,0.15,207.114,21.928,158.007,148.444
5,10,7,615,132,19,0.3,0.15,431.121,34.162,351.495,335.076
5,10,8,707,157,22,0.4,0.15,652.276,44.391,516.925,494.645
5,10,9,757,178,23,0.5,0.15,839.819,51.016,645.415,618.582
5,10,10,790,188,24,0.5,0.15,971.236,56.393,727.69,697.942
5,10,11,797,198,25,0.5,0.15,1037.325,59.592,765.411,734.326
5,10,12,786,205,25,0.5,0.15,1031.344,59.387,761.545,730.597
5,10,13,751,211,25,0.5,0.15,956.62,56.891,714.849,685.555
5,10,14,718,196,24,0.5,0.15,817.483,51.253,627.333,601.141
5,10,15,671,170,24,0.4,0.15,631.26,45.655,497.498,475.906
5,10,16,536,155,23,0.3,0.15,405.588,37.223,325.129,309.645
5,10,17,377,107,20,0.3,0.15,191.66,26.401,143.355,134.311
5,10,18,108,38,17,0.4,0.15,33.906,18.05,24.419,19.59
5,10,19,0,0,15,0.4,0.15,0,15,0,0
5,10,20,0,0,15,0.3,0.15,0,15,0,0
5,10,21,0,0,15,0.3,0.15,0,15,0,0
5,10,22,0,0,15,0.3,0.15,0,15,0,0
5,10,23,0,0,15,0.3,0.15,0,15,0,0
5,11,0,0,0,14,0.3,0.15,0,14,0,0
5,11,1,0,0,13,0.3,0.15,0,13,0,0
5,11,2,0,0,12,0.3,0.15,0,12,0,0
5,11,3,0,0,12,0.3,0.15,0,12,0,0
5,11,4,0,0,12,0.3,0.15,0,12,0,0
5,11,5,130,44,14,0.3,0.15,39.212,15.262,29.791,24.772
5,11,6,404,108,17,0.2,0.15,206.964,24.164,157.813,148.257
5,11,7,544,158,20,0.2,0.15,421.778,35.295,342.046,325.962
5,11,8,662,179,24,0.2,0.15,644.629,47.513,503.936,482.116
5,11,9,731,193,26,0.3,0.15,833.737,55.512,628.783,602.54
5,11,10,759,209,27,0.4,0.15,967.654,60.225,713.122,683.89
5,11,11,773,216,27,0.4,0.15,1036.985,62.604,755.164,724.442
5,11,12,771,216,28,0.5,0.15,1033.024,62.437,752.851,722.211
5,11,13,297,411,28,0.5,0.15,721.355,51.832,543.461,520.241
5,11,14,237,365,27,0.5,0.15,574.99,45.98,443.427,423.751
5,11,15,666,171,26,0.5,0.15,629.227,46.955,493.218,471.777
5,11,16,561,145,25,0.4,0.15,407.47,38.865,324.611,309.145
5,11,17,407,101,22,0.3,0.15,193.539,28.438,142.746,133.724
5,11,18,132,38,19,0.3,0.15,34.187,20.086,24.635,19.799
5,11,19,0,0,18,0.3,0.15,0,18,0,0
5,11,20,0,0,18,0.4,0.15,0,18,0,0
5,11,21,0,0,17,0.4,0.15,0,17,0,0
5,11,22,0,0,16,0.3,0.15,0,16,0,0
5,11,23,0,0,15,0.3,0.15,0,15,0,0
5,12,0,0,0,15,0.3,0.15,0,15,0,0
5,12,1,0,0,14,0.3,0.15,0,14,0,0
5,12,2,0,0,14,0.3,0.15,0,14,0,0
5,12,3,0,0,13,0.3,0.15,0,13,0,0
5,12,4,0,0,13,0.3,0.15,0,13,0,0
5,12,5,170,43,15,0.3,0.15,39.31,16.249,29.669,24.654
5,12,6,448,99,18,0.3,0.15,209.704,25.016,158.174,148.606
5,12,7,572,145,21,0.4,0.15,422.547,35.412,342.634,326.529
5,12,8,660,175,24,0.5,0.15,639.528,45.294,504.268,482.436
5,12,9,705,199,25,0.5,0.15,818.111,52.266,624.759,598.657
5,12,10,668,256,26,0.6,0.15,929.333,56.045,695.398,666.793
5,12,11,466,383,26,0.7,0.15,895.117,54.058,670.608,642.882
5,12,12,29,367,26,0.8,0.15,405.854,38.203,314.935,299.812
5,12,13,283,417,25,0.8,0.15,713.995,46.69,548.728,525.321
5,12,14,633,232,24,0.8,0.15,783.482,47.988,607.758,582.259
5,12,15,187,291,23,0.7,0.15,420.591,36.11,337.127,321.218
5,12,16,369,172,22,0.7,0.15,343.728,32.714,279.04,265.189
5,12,17,142,122,20,0.6,0.15,150.908,24.711,118.472,110.311
5,12,18,31,36,18,0.5,0.15,33.763,19.064,24.591,19.756
5,12,19,0,0,17,0.5,0.15,0,17,0,0
5,12,20,0,0,15,0.5,0.15,0,15,0,0
5,12,21,0,0,14,0.5,0.15,0,14,0,0
5,12,22,0,0,13,0.5,0.15,0,13,0,0
5,12,23,0,0,12,0.5,0.15,0,12,0,0
5,13,0,0,0,11,0.5,0.15,0,11,0,0
5,13,1,0,0,11,0.5,0.15,0,11,0,0
5,13,2,0,0,10,0.5,0.15,0,10,0,0
5,13,3,0,0,9,0.4,0.15,0,9,0,0
5,13,4,0,0,9,0.4,0.15,0,9,0,0
5,13,5,254,41,10,0.5,0.15,37.875,11.085,28.873,23.887
5,13,6,562,82,11,0.7,0.15,223.824,17.617,171.155,161.127
5,13,7,711,108,13,0.8,0.15,454.573,26.853,381.772,364.28
5,13,8,806,123,14,0.8,0.15,685.095,35.025,563.88,539.936
5,13,9,866,131,16,0.8,0.15,881.416,43.078,700.003,671.235
5,13,10,917,126,17,0.8,0.15,1023.779,48.432,793.253,761.181
5,13,11,938,126,18,0.8,0.15,1098.955,51.76,838.514,804.838
5,13,12,945,124,19,0.8,0.15,1101.816,52.85,837.189,803.561
5,13,13,930,123,19,0.8,0.15,1026.758,50.526,789.342,757.409
5,13,14,905,116,19,0.8,0.15,884.886,46.195,695.12,666.526
5,13,15,858,105,18,0.7,0.15,688.363,39.748,557.402,533.688
5,13,16,775,90,17,0.6,0.15,454.219,31.607,373.374,356.18
5,13,17,628,69,15,0.5,0.15,216.503,21.668,158.283,148.71
5,13,18,313,34,13,0.4,0.15,32.097,13.914,24.072,19.255
5,13,19,0,0,11,0.4,0.15,0,11,0,0
5,13,20,0,0,9,0.4,0.15,0,9,0,0
5,13,21,0,0,9,0.4,0.15,0,9,0,0
5,13,22,0,0,8,0.3,0.15,0,8,0,0
5,13,23,0,0,8,0.3,0.15,0,8,0,0
5,14,0,0,0,7,0.3,0.15,0,7,0,0
5,14,1,0,0,6,0.3,0.15,0,6,0,0
5,14,2,0,0,5,0.3,0.15,0,5,0,0
5,14,3,0,0,5,0.3,0.15,0,5,0,0
5,14,4,0,0,5,0.3,0.15,0,5,0,0
5,14,5,358,37,7,0.3,0.15,37.288,8.08,28.197,23.235
5,14,6,648,69,10,0.4,0.15,233.196,17.478,176.533,166.314
5,14,7,786,88,13,0.4,0.15,471.189,29.088,392.984,375.095
5,14,8,858,103,15,0.5,0.15,699.948,38.373,569.466,545.324
5,14,9,897,116,16,0.5,0.15,888.349,45.678,698.844,670.117
5,14,10,930,118,17,0.6,0.15,1028.078,50.35,790.719,758.738
5,14,11,495,377,18,0.7,0.15,918.221,46.791,708.385,679.32
5,14,12,943,119,18,0.8,0.15,1094.57,51.628,835.755,802.177
5,14,13,528,329,18,0.7,0.15,863.871,45.091,673.013,645.202
5,14,14,526,271,18,0.7,0.15,732.453,40.983,582.147,557.556
5,14,15,499,214,17,0.6,0.15,559.62,35.065,456.832,436.682
5,14,16,133,203,16,0.5,0.15,263.656,24.665,218.805,207.088
5,14,17,541,82,15,0.4,0.15,209.625,21.697,155.693,146.212
5,14,18,162,39,12,0.3,0.15,34.02,13.062,25.786,20.909
5,14,19,0,0,11,0.3,0.15,0,11,0,0
5,14,20,0,0,10,0.3,0.15,0,10,0,0
5,14,21,0,0,9,0.3,0.15,0,9,0,0
5,14,22,0,0,9,0.3,0.15,0,9,0,0
5,14,23,0,0,8,0.3,0.15,0,8,0,0
5,15,0,0,0,7,0.3,0.15,0,7,0,0
5,15,1,0,0,7,0.3,0.15,0,7,0,0
5,15,2,0,0,6,0.3,0.15,0,6,0,0
5,15,3,0,0,6,0.3,0.15,0,6,0,0
5,15,4,0,0,6,0.3,0.15,0,6,0,0
5,15,5,328,39,7,0.4,0.15,39.293,8.12,29.697,24.681
5,15,6,631,72,10,0.5,0.15,232.603,17.251,176.877,166.646
5,15,7,786,90,13,0.5,0.15,473.852,28.707,395.838,377.848
5,15,8,865,103,16,0.6,0.15,704.311,38.88,571.906,547.678
5,15,9,908,114,17,0.6,0.15,895.804,46.083,703.633,674.737
5,15,10,931,122,18,0.7,0.15,1033.283,50.594,793.829,761.737
5,15,11,942,125,19,0.7,0.15,1102.001,53.78,834.013,800.497
5,15,12,941,124,19,0.7,0.15,1097.745,53.647,831.328,797.907
5,15,13,920,125,20,0.7,0.15,1019.47,52.156,778.507,746.957
5,15,14,894,115,20,0.7,0.15,875.858,47.632,683.987,655.787
5,15,15,847,103,20,0.6,0.15,680.456,42.083,545.852,522.547
5,15,16,763,89,19,0.5,0.15,449.095,33.857,366.015,349.082
5,15,17,617,68,17,0.3,0.15,214.36,24.017,155.645,146.167
5,15,18,309,34,13,0.3,0.15,31.836,13.933,24.118,19.3
5,15,19,0,0,12,0.3,0.15,0,12,0,0
5,15,20,0,0,11,0.3,0.15,0,11,0,0
5,15,21,0,0,10,0.3,0.15,0,10,0,0
5,15,22,0,0,8,0.3,0.15,0,8,0,0
5,15,23,0,0,8,0.3,0.15,0,8,0,0
5,16,0,0,0,8,0.3,0.15,0,8,0,0
5,16,1,0,0,7,0.3,0.15,0,7,0,0
5,16,2,0,0,7,0.3,0.15,0,7,0,0
5,16,3,0,0,7,0.3,0.15,0,7,0,0
5,16,4,0,0,7,0.3,0.15,0,7,0,0
5,16,5,334,38,9,0.4,0.15,38.859,10.098,28.826,23.841
5,16,6,0,70,11,0.5,0.15,68.356,13.244,56.893,50.914
5,16,7,727,103,13,0.6,0.15,458.631,27.767,384.079,366.506
5,16,8,333,275,15,0.5,0.15,511.282,31.921,419.501,400.673
5,16,9,231,375,16,0.5,0.15,582.895,35.221,468.253,447.698
5,16,10,491,346,17,0.5,0.15,849.346,45.164,660.658,633.285
5,16,11,892,148,18,0.5,0.15,1074.382,53.861,812.319,779.572
5,16,12,613,321,19,0.5,0.15,978.686,51.536,742.899,712.612
5,16,13,652,271,20,0.5,0.15,922.902,50.722,705.121,676.173
5,16,14,857,129,19,0.5,0.15,863.407,47.81,673.257,645.437
5,16,15,794,123,18,0.6,0.15,666.403,39.605,538.98,515.918
5,16,16,690,112,17,0.6,0.15,438.574,31.09,360.99,344.235
5,16,17,498,92,15,0.5,0.15,208.956,21.515,157.018,147.49
5,16,18,7,36,13,0.5,0.15,34.384,14.104,26.152,21.261
5,16,19,0,0,11,0.5,0.15,0,11,0,0
5,16,20,0,0,10,0.4,0.15,0,10,0,0
5,16,21,0,0,10,0.3,0.15,0,10,0,0
5,16,22,0,0,9,0.2,0.15,0,9,0,0
5,16,23,0,0,9,0.2,0.15,0,9,0,0
5,17,0,0,0,8,0.2,0.15,0,8,0,0
5,17,1,0,0,7,0.2,0.15,0,7,0,0
5,17,2,0,0,7,0.4,0.15,0,7,0,0
5,17,3,0,0,7,0.3,0.15,0,7,0,0
5,17,4,0,0,8,0.2,0.15,0,8,0,0
5,17,5,0,6,10,0.4,0.15,5.838,10.195,4.247,0.133
5,17,6,0,28,11,0.5,0.15,27.317,11.897,22.013,17.27
5,17,7,0,137,12,0.5,0.15,134.066,16.39,111.963,104.032
5,17,8,25,247,13,0.4,0.15,260.61,21.785,215.902,204.289
5,17,9,25,298,14,0.4,0.15,316.826,24.659,258.97,245.831
5,17,10,32,357,14,0.4,0.15,394.712,27.296,319.825,304.529
5,17,11,18,315,14,0.5,0.15,332.437,24.832,269.739,256.218
5,17,12,64,433,14,0.5,0.15,510.352,30.711,410.411,391.905
5,17,13,43,378,14,0.6,0.15,426.736,27.574,346.376,330.139
5,17,14,50,338,15,0.5,0.15,383.945,27.577,312.61,297.569
5,17,15,27,245,14,0.5,0.15,262.815,22.609,217.293,205.63
5,17,16,37,187,14,0.4,0.15,201.387,20.803,167.971,158.055
5,17,17,0,57,13,0.3,0.15,55.721,14.942,45.681,40.098
5,17,18,0,16,12,0.3,0.15,15.595,12.535,11.578,7.204
5,17,19,0,0,12,0.3,0.15,0,12,0,0
5,17,20,0,0,11,0.4,0.15,0,11,0,0
5,17,21,0,0,11,0.4,0.15,0,11,0,0
5,17,22,0,0,11,0.4,0.15,0,11,0,0
5,17,23,0,0,11,0.4,0.15,0,11,0,0
5,18,0,0,0,11,0.3,0.15,0,11,0,0
5,18,1,0,0,11,0.3,0.15,0,11,0,0
5,18,2,0,0,11,0.3,0.15,0,11,0,0
5,18,3,0,0,11,0.3,0.15,0,11,0,0
5,18,4,0,0,11,0.3,0.15,0,11,0,0
5,18,5,0,26,11,0.4,0.15,25.377,11.849,19.604,14.946
5,18,6,0,21,12,0.5,0.15,20.479,12.672,16.243,11.704
5,18,7,0,106,13,0.5,0.15,103.76,16.397,85.813,78.809
5,18,8,0,118,14,0.6,0.15,115.771,17.67,94.52,87.207
5,18,9,0,133,15,0.5,0.15,130.802,19.257,105.698,97.989
5,18,10,10,228,16,0.5,0.15,235.433,23.668,190.192,179.49
5,18,11,12,241,16,0.4,0.15,251.506,24.432,202.567,191.426
5,18,12,39,397,17,0.4,0.15,446.797,32.046,355.981,339.404
5,18,13,27,340,17,0.3,0.15,371.805,29.905,297.81,283.294
5,18,14,13,251,17,0.3,0.15,259.189,25.979,209.424,198.04
5,18,15,7,198,16,0.3,0.15,199.462,22.921,162.993,153.254
5,18,16,0,89,16,0.3,0.15,87.126,19.028,70.879,64.404
5,18,17,0,99,15,0.2,0.15,95.881,18.445,79.216,72.445
5,18,18,0,35,14,0.2,0.15,33.589,15.188,25.58,20.71
5,18,19,0,0,13,0.2,0.15,0,13,0,0
5,18,20,0,0,13,0.2,0.15,0,13,0,0
5,18,21,0,0,13,0.2,0.15,0,13,0,0
5,18,22,0,0,12,0.2,0.15,0,12,0,0
5,18,23,0,0,12,0.2,0.15,0,12,0,0
5,19,0,0,0,12,0.2,0.15,0,12,0,0
5,19,1,0,0,12,0.2,0.15,0,12,0,0
5,19,2,0,0,12,0.3,0.15,0,12,0,0
5,19,3,0,0,12,0.5,0.15,0,12,0,0
5,19,4,0,0,12,0.6,0.15,0,12,0,0
5,19,5,0,4,14,0.3,0.15,3.891,14.134,2.732,0
5,19,6,0,53,16,0.1,0.15,51.794,17.924,41.81,36.365
5,19,7,0,129,18,0.2,0.15,126.233,22.528,102.656,95.055
5,19,8,228,299,20,0.1,0.15,459.377,37.155,367.397,350.415
5,19,9,518,283,22,0.1,0.15,743.894,49.931,570.322,546.15
5,19,10,483,352,24,0.1,0.15,846.219,55.776,630.722,604.409
5,19,11,466,390,25,0.2,0.15,901.141,57.712,664.809,637.289
5,19,12,428,393,26,0.3,0.15,864.128,56.386,640.389,613.734
5,19,13,426,364,26,0.3,0.15,800.768,54.172,599.897,574.676
5,19,14,466,296,25,0.4,0.15,707.682,49.166,543.514,520.291
5,19,15,359,266,24,0.3,0.15,514.662,42.091,406.531,388.163
5,19,16,458,159,23,0.2,0.15,376.955,36.622,302.384,287.706
5,19,17,150,125,21,0.4,0.15,156.968,26.189,122.811,114.495
5,19,18,0,3,20,0.7,0.15,2.918,20.089,1.935,0
5,19,19,0,0,19,0.8,0.15,0,19,0,0
5,19,20,0,0,18,0.8,0.15,0,18,0,0
5,19,21,0,0,17,0.8,0.15,0,17,0,0
5,19,22,0,0,15,0.6,0.15,0,15,0,0
5,19,23,0,0,14,0.3,0.15,0,14,0,0
5,20,0,0,0,13,0.2,0.15,0,13,0,0
5,20,1,0,0,13,0.2,0.15,0,13,0,0
5,20,2,0,0,13,0.2,0.15,0,13,0,0
5,20,3,0,0,13,0.2,0.15,0,13,0,0
5,20,4,0,0,13,0.3,0.15,0,13,0,0
5,20,5,0,25,13,0.5,0.15,24.396,13.793,18.716,14.089
5,20,6,0,105,13,0.8,0.15,101.739,16.069,85.038,78.061
5,20,7,4,159,14,0.8,0.15,157.439,18.743,131.023,122.417
5,20,8,1,168,15,0.8,0.15,165.786,19.978,135.928,127.148
5,20,9,46,339,16,0.7,0.15,381.955,27.819,310.375,295.414
5,20,10,84,423,17,0.7,0.15,513.403,32.908,410.728,392.211
5,20,11,190,472,17,0.7,0.15,688.797,38.425,543.102,519.894
5,20,12,145,470,17,0.7,0.15,640.122,36.887,506.447,484.538
5,20,13,296,418,17,0.7,0.15,725.61,39.653,573.015,548.747
5,20,14,328,351,17,0.7,0.15,641.791,37.066,514.143,491.961
5,20,15,383,260,16,0.7,0.15,524.833,32.429,430.643,411.42
5,20,16,205,205,15,0.6,0.15,299.593,24.578,249.703,236.892
5,20,17,104,119,14,0.5,0.15,140.383,18.523,113.855,105.857
5,20,18,0,32,12,0.5,0.15,31.088,13.007,23.951,19.139
5,20,19,0,0,11,0.5,0.15,0,11,0,0
5,20,20,0,0,11,0.6,0.15,0,11,0,0
5,20,21,0,0,10,0.5,0.15,0,10,0,0
5,20,22,0,0,10,0.5,0.15,0,10,0,0
5,20,23,0,0,10,0.5,0.15,0,10,0,0
5,21,0,0,0,10,0.5,0.15,0,10,0,0
5,21,1,0,0,10,0.5,0.15,0,10,0,0
5,21,2,0,0,10,0.5,0.15,0,10,0,0
5,21,3,0,0,10,0.5,0.15,0,10,0,0
5,21,4,0,0,10,0.5,0.15,0,10,0,0
5,21,5,0,10,11,0.6,0.15,9.736,11.308,7.26,3.039
5,21,6,0,10,11,0.6,0.15,9.745,11.311,7.523,3.293
5,21,7,0,66,12,0.7,0.15,64.569,13.997,52.897,47.059
5,21,8,11,216,13,0.8,0.15,220.125,19.618,182.63,172.195
5,21,9,11,234,14,0.9,0.15,240.549,21.029,197.414,186.455
5,21,10,11,240,14,0.9,0.15,248.391,21.247,202.838,191.687
5,21,11,20,333,15,0.9,0.15,352.568,25.293,286.009,271.911
5,21,12,8,198,15,0.9,0.15,204.197,20.951,165.443,155.617
5,21,13,1,143,15,0.9,0.15,141.899,19.132,114.481,106.461
5,21,14,40,328,16,0.8,0.15,364.731,26.985,296.957,282.471
5,21,15,0,125,15,0.7,0.15,122.646,18.782,99.952,92.447
5,21,16,104,208,15,0.6,0.15,253.373,23.085,211.126,199.681
5,21,17,0,41,14,0.6,0.15,40.035,15.277,32.325,27.216
5,21,18,0,5,14,0.5,0.15,4.864,14.158,3.433,0
5,21,19,0,0,13,0.5,0.15,0,13,0,0
5,21,20,0,0,13,0.4,0.15,0,13,0,0
5,21,21,0,0,13,0.3,0.15,0,13,0,0
5,21,22,0,0,13,0.2,0.15,0,13,0,0
5,21,23,0,0,13,0.2,0.15,0,13,0,0
5,22,0,0,0,13,0.2,0.15,0,13,0,0
5,22,1,0,0,12,0.2,0.15,0,12,0,0
5,22,2,0,0,12,0.2,0.15,0,12,0,0
5,22,3,0,0,12,0.2,0.15,0,12,0,0
5,22,4,0,0,13,0.2,0.15,0,13,0,0
5,22,5,18,45,13,0.2,0.15,42.627,14.497,33.305,28.162
5,22,6,30,119,13,0.2,0.15,122.794,17.386,101.816,94.245
5,22,7,19,182,15,0.2,0.15,187.076,21.718,154.888,145.436
5,22,8,0,159,18,0.3,0.15,156.188,23.412,126.043,117.613
5,22,9,38,329,20,0.4,0.15,364.51,32.29,290.664,276.401
5,22,10,17,299,22,0.3,0.15,313.504,32.85,246.755,234.048
5,22,11,20,331,23,0.2,0.15,350.493,35.512,273.343,259.694
5,22,12,77,449,24,0.1,0.15,539.375,44.004,412.676,394.089
5,22,13,163,442,24,0.1,0.15,615.407,46.912,469.354,448.759
5,22,14,406,324,24,0.1,0.15,685.279,49.683,524.049,501.517
5,22,15,52,276,23,0.2,0.15,310.618,34.158,247.1,234.381
5,22,16,72,204,22,0.3,0.15,234.467,30.168,189.544,178.864
5,22,17,0,90,20,0.3,0.15,87.409,23.044,70.617,64.151
5,22,18,0,2,18,0.3,0.15,1.945,18.067,1.286,0
5,22,19,0,0,16,0.4,0.15,0,16,0,0
5,22,20,0,0,15,0.5,0.15,0,15,0,0
5,22,21,0,0,14,0.5,0.15,0,14,0,0
5,22,22,0,0,14,0.4,0.15,0,14,0,0
5,22,23,0,0,14,0.2,0.15,0,14,0,0
5,23,0,0,0,14,0.1,0.15,0,14,0,0
5,23,1,0,0,14,0.2,0.15,0,14,0,0
5,23,2,0,0,13,0.3,0.15,0,13,0,0
5,23,3,0,0,13,0.3,0.15,0,13,0,0
5,23,4,0,0,13,0.3,0.15,0,13,0,0
5,23,5,240,51,13,0.5,0.15,49.966,14.443,36.965,31.692
5,23,6,0,70,15,0.6,0.15,68.389,17.181,56.015,50.067
5,23,7,351,191,17,0.6,0.15,362.09,28.602,299.571,284.993
5,23,8,753,139,19,0.6,0.15,667.447,40.619,536.627,513.649
5,23,9,796,157,20,0.6,0.15,849.162,47.529,661.485,634.083
5,23,10,19,311,21,0.5,0.15,327.505,31.678,259.322,246.17
5,23,11,51,421,22,0.5,0.15,483.446,37.824,377.519,360.178
5,23,12,359,427,23,0.4,0.15,820.626,50.964,620.172,594.233
5,23,13,60,404,23,0.3,0.15,469.469,39.323,365.314,348.406
5,23,14,146,382,23,0.2,0.15,514.978,41.559,401.527,383.336
5,23,15,261,291,22,0.2,0.15,474.576,39.159,377.313,359.979
5,23,16,575,149,21,0.1,0.15,424.122,36.83,341.325,325.267
5,23,17,378,120,20,0.1,0.15,210.677,27.51,159.716,150.093
5,23,18,123,53,18,0.1,0.15,46.964,19.623,35.876,30.641
5,23,19,0,0,17,0.1,0.15,0,17,0,0
5,23,20,0,0,17,0.1,0.15,0,17,0,0
5,23,21,0,0,16,0.2,0.15,0,16,0,0
5,23,22,0,0,15,0.2,0.15,0,15,0,0
5,23,23,0,0,15,0.2,0.15,0,15,0,0
5,24,0,0,0,14,0.2,0.15,0,14,0,0
5,24,1,0,0,13,0.2,0.15,0,13,0,0
5,24,2,0,0,13,0.2,0.15,0,13,0,0
5,24,3,0,0,13,0.2,0.15,0,13,0,0
5,24,4,0,0,13,0.2,0.15,0,13,0,0
5,24,5,173,57,13,0.2,0.15,54.553,14.794,41.362,35.932
5,24,6,37,121,15,0.3,0.15,126.551,19.376,104.033,96.383
5,24,7,195,215,17,0.2,0.15,307.968,28.1,253.616,240.665
5,24,8,76,295,19,0.2,0.15,346.873,31.471,279.854,265.974
5,24,9,57,353,21,0.1,0.15,405.155,36.019,319.634,304.345
5,24,10,395,382,22,0,0.15,784.974,52.374,591.501,566.578
5,24,11,738,241,23,0.1,0.15,1024.66,61.628,748.063,717.592
5,24,12,415,399,23,0.1,0.15,854.9,55.06,636.54,610.022
5,24,13,26,341,23,0.1,0.15,371.388,36.732,289.571,275.346
5,24,14,482,292,23,0.2,0.15,717.026,49.053,550.986,527.498
5,24,15,37,264,23,0.3,0.15,288.35,33.029,229.632,217.532
5,24,16,537,163,22,0.3,0.15,420.539,36.72,338.469,322.512
5,24,17,377,120,20,0.2,0.15,210.911,27.28,160.162,150.523
5,24,18,135,53,18,0.2,0.15,47.508,19.583,36.222,30.975
5,24,19,0,0,16,0.2,0.16,0,16,0,0
5,24,20,0,0,16,0.3,0.16,0,16,0,0
5,24,21,0,0,15,0.3,0.16,0,15,0,0
5,24,22,0,0,14,0.3,0.16,0,14,0,0
5,24,23,0,0,13,0.3,0.16,0,13,0,0
5,25,0,0,0,13,0.3,0.16,0,13,0,0
5,25,1,0,0,12,0.3,0.16,0,12,0,0
5,25,2,0,0,11,0.2,0.16,0,11,0,0
5,25,3,0,0,10,0.2,0.16,0,10,0,0
5,25,4,0,0,10,0.3,0.16,0,10,0,0
5,25,5,202,55,12,0.5,0.16,54.407,13.604,41.042,35.624
5,25,6,0,63,14,0.6,0.16,61.807,15.966,50.662,44.903
5,25,7,0,119,16,0.6,0.16,116.817,19.704,95.719,88.364
5,25,8,7,198,18,0.6,0.16,200.128,24.334,162.445,152.725
5,25,9,75,365,20,0.6,0.16,433.866,33.789,346.117,329.889
5,25,10,42,382,21,0.6,0.16,430.639,34.654,340.079,324.065
5,25,11,37,397,22,0.7,0.16,444.997,35.718,349.341,332.999
5,25,12,54,416,23,0.7,0.16,482.189,37.88,376.475,359.172
5,25,13,77,413,23,0.8,0.16,496.291,37.923,389.055,371.305
5,25,14,246,374,22,0.7,0.16,597.969,40.604,470.754,450.11
5,25,15,99,298,21,0.7,0.16,365.434,32.314,294.706,280.3
5,25,16,50,199,20,0.7,0.16,219.948,26.796,179.676,169.345
5,25,17,0,71,19,0.6,0.16,69.547,21.211,56.071,50.12
5,25,18,0,34,17,0.4,0.16,33.188,18.107,25.334,20.472
5,25,19,0,0,16,0.4,0.16,0,16,0,0
5,25,20,0,0,15,0.3,0.16,0,15,0,0
5,25,21,0,0,14,0.3,0.16,0,14,0,0
5,25,22,0,0,13,0.2,0.16,0,13,0,0
5,25,23,0,0,13,0.3,0.16,0,13,0,0
5,26,0,0,0,13,0.4,0.16,0,13,0,0
5,26,1,0,0,13,0.3,0.16,0,13,0,0
5,26,2,0,0,13,0.3,0.16,0,13,0,0
5,26,3,0,0,13,0.4,0.16,0,13,0,0
5,26,4,0,0,13,0.4,0.16,0,13,0,0
5,26,5,0,18,13,0.4,0.16,17.602,13.589,13.412,8.973
5,26,6,0,87,14,0.4,0.16,84.948,16.862,70.273,63.819
5,26,7,0,106,15,0.5,0.16,104.084,18.396,85.339,78.351
5,26,8,0,79,16,0.5,0.16,77.661,18.525,62.156,55.99
5,26,9,5,176,18,0.6,0.16,178.197,23.624,143.201,134.163
5,26,10,15,284,19,0.7,0.16,297.229,28.128,237.783,225.394
5,26,11,12,241,20,0.7,0.16,252.087,27.733,200.394,189.33
5,26,12,26,363,21,0.6,0.16,398.137,33.605,314.011,298.921
5,26,13,10,221,20,0.5,0.16,228.944,27.433,182.057,171.642
5,26,14,54,348,20,0.5,0.16,397.834,32.997,317.406,302.195
5,26,15,17,232,19,0.5,0.16,240.516,26.842,194.78,183.914
5,26,16,0,122,18,0.5,0.16,119.718,21.907,97.384,89.97
5,26,17,15,113,17,0.4,0.16,113.309,20.805,92.814,85.561
5,26,18,0,37,16,0.4,0.16,35.893,17.197,27.644,22.701
5,26,19,0,0,16,0.3,0.16,0,16,0,0
5,26,20,0,0,15,0.3,0.16,0,15,0,0
5,26,21,0,0,15,0.3,0.16,0,15,0,0
5,26,22,0,0,15,0.3,0.16,0,15,0,0
5,26,23,0,0,15,0.2,0.16,0,15,0,0
5,27,0,0,0,14,0.2,0.16,0,14,0,0
5,27,1,0,0,14,0.3,0.16,0,14,0,0
5,27,2,0,0,14,0.4,0.16,0,14,0,0
5,27,3,0,0,14,0.3,0.16,0,14,0,0
5,27,4,0,0,13,0.3,0.16,0,13,0,0
5,27,5,0,31,13,0.4,0.16,30.37,14.016,23.676,18.874
5,27,6,0,82,14,0.3,0.16,80.163,16.784,66.18,59.871
5,27,7,0,119,14,0.3,0.16,116.809,18.047,96.323,88.947
5,27,8,12,220,16,0.2,0.16,225.355,24.045,183.916,173.436
5,27,9,52,350,18,0.1,0.16,398.614,32.733,318.219,302.98
5,27,10,237,439,19,0.1,0.16,685.588,44.51,529.756,507.021
5,27,11,171,477,20,0.1,0.16,674.463,45.051,517.66,495.353
5,27,12,222,460,21,0.3,0.16,708.638,45.729,543.773,520.541
5,27,13,126,441,22,0.5,0.16,579.568,41,451.179,431.229
5,27,14,413,323,21,0.6,0.16,691.906,43.22,542.713,519.519
5,27,15,290,289,20,0.5,0.16,493.783,36.265,397.489,379.441
5,27,16,0,9,19,0.4,0.16,8.812,19.296,6.449,2.257
5,27,17,175,124,18,0.3,0.16,164.664,23.581,130.013,121.442
5,27,18,162,54,17,0.2,0.16,50.289,18.65,38.203,32.885
5,27,19,0,0,16,0.2,0.16,0,16,0,0
5,27,20,0,0,15,0.2,0.16,0,15,0,0
5,27,21,0,0,15,0.3,0.16,0,15,0,0
5,27,22,0,0,14,0.3,0.16,0,14,0,0
5,27,23,0,0,14,0.3,0.16,0,14,0,0
5,28,0,0,0,13,0.3,0.16,0,13,0,0
5,28,1,0,0,13,0.3,0.16,0,13,0,0
5,28,2,0,0,13,0.3,0.16,0,13,0,0
5,28,3,0,0,12,0.2,0.16,0,12,0,0
5,28,4,0,0,12,0.2,0.16,0,12,0,0
5,28,5,173,54,14,0.3,0.16,53.165,15.676,39.912,34.534
5,28,6,149,130,16,0.4,0.16,165.428,21.464,132.879,124.207
5,28,7,480,164,18,0.5,0.16,402.018,31.222,330.567,314.89
5,28,8,518,219,19,0.5,0.16,586.904,38.422,472.591,451.881
5,28,9,345,355,20,0.6,0.16,664.384,41.298,523.66,501.141
5,28,10,493,355,21,0.7,0.16,859.066,47.864,660.72,633.345
5,28,11,475,395,21,0.8,0.16,914.706,48.829,699.107,670.372
5,28,12,882,147,22,0.8,0.16,1062.704,54.542,800.766,768.428
5,28,13,883,134,21,0.8,0.16,996.129,51.51,761.64,730.688
5,28,14,514,286,21,0.7,0.16,739.958,44.152,580.056,555.538
5,28,15,248,298,20,0.6,0.16,474.387,35.169,382.648,365.125
5,28,16,311,198,19,0.5,0.16,347.711,30.409,284.919,270.86
5,28,17,568,85,18,0.3,0.16,230.452,25.571,171.636,161.591
5,28,18,313,47,15,0.3,0.16,46.847,16.382,34.604,29.414
5,28,19,0,0,14,0.3,0.16,0,14,0,0
5,28,20,0,0,13,0.3,0.16,0,13,0,0
5,28,21,0,0,12,0.3,0.16,0,12,0,0
5,28,22,0,0,12,0.3,0.16,0,12,0,0
5,28,23,0,0,11,0.3,0.16,0,11,0,0
5,29,0,0,0,11,0.3,0.16,0,11,0,0
5,29,1,0,0,11,0.2,0.16,0,11,0,0
5,29,2,0,0,10,0.2,0.16,0,10,0,0
5,29,3,0,0,10,0.2,0.16,0,10,0,0
5,29,4,0,0,10,0.2,0.16,0,10,0,0
5,29,5,317,49,12,0.2,0.16,52.363,13.584,37.616,32.32
5,29,6,572,85,15,0.2,0.16,236.872,23.07,179.51,169.186
5,29,7,664,108,18,0.3,0.16,437.431,33.306,358.209,341.553
5,29,8,402,264,20,0.4,0.16,552.058,38.77,442.155,422.524
5,29,9,247,380,21,0.5,0.16,606.352,40.958,476.563,455.713
5,29,10,103,437,22,0.6,0.16,546.395,39.374,427.099,408.002
5,29,11,816,182,22,0.6,0.16,1039.871,55.613,779.236,747.661
5,29,12,130,474,21,0.6,0.16,628.614,41.026,488.848,467.562
5,29,13,228,440,21,0.6,0.16,676.574,42.614,526.45,503.832
5,29,14,551,274,21,0.6,0.16,759.146,45.437,592.683,567.718
5,29,15,680,171,21,0.5,0.16,646.242,42.46,514.804,492.599
5,29,16,226,211,20,0.4,0.16,318.002,30.738,259.37,246.216
5,29,17,5,111,19,0.3,0.16,108.949,22.778,88.722,81.615
5,29,18,279,49,16,0.3,0.16,48.287,17.444,35.605,30.38
5,29,19,0,0,14,0.5,0.16,0,14,0,0
5,29,20,0,0,14,0.3,0.16,0,14,0,0
5,29,21,0,0,13,0.2,0.16,0,13,0,0
5,29,22,0,0,13,0.3,0.16,0,13,0,0
5,29,23,0,0,13,0.3,0.16,0,13,0,0
5,30,0,0,0,13,0.3,0.16,0,13,0,0
5,30,1,0,0,12,0.3,0.16,0,12,0,0
5,30,2,0,0,11,0.3,0.16,0,11,0,0
5,30,3,0,0,11,0.3,0.16,0,11,0,0
5,30,4,0,0,11,0.3,0.16,0,11,0,0
5,30,5,320,51,11,0.5,0.16,54.397,12.506,39.384,34.025
5,30,6,595,86,12,0.6,0.16,244.489,19.372,187.965,177.341
5,30,7,499,158,13,0.7,0.16,405.167,25.595,340.355,324.332
5,30,8,255,300,14,0.8,0.16,483.112,28.623,399.472,381.354
5,30,9,895,119,15,0.9,0.16,891.367,41.59,711.461,682.288
5,30,10,933,118,16,0.9,0.16,1031.622,46.76,803.872,771.424
5,30,11,953,113,17,1,0.16,1101.413,49.036,848.842,814.801
5,30,12,95,463,17,1,0.16,573.09,33.363,457.562,437.385
5,30,13,931,117,18,0.9,0.16,1025.967,48.592,793.884,761.79
5,30,14,910,108,18,0.9,0.16,888.567,44.514,701.669,672.843
5,30,15,877,95,17,0.8,0.16,700.806,38.467,569.518,545.374
5,30,16,824,78,16,0.7,0.16,479.828,30.948,397.046,379.013
5,30,17,712,62,15,0.5,0.16,247.93,22.614,183.966,173.484
5,30,18,464,38,13,0.3,0.16,44.433,14.188,31.005,25.943
5,30,19,0,0,11,0.3,0.16,0,11,0,0
5,30,20,0,0,9,0.4,0.16,0,9,0,0
5,30,21,0,0,9,0.4,0.16,0,9,0,0
5,30,22,0,0,8,0.3,0.16,0,8,0,0
5,30,23,0,0,8,0.3,0.16,0,8,0,0
5,31,0,0,0,7,0.3,0.16,0,7,0,0
5,31,1,0,0,6,0.3,0.16,0,6,0,0
5,31,2,0,0,6,0.3,0.16,0,6,0,0
5,31,3,0,0,5,0.3,0.16,0,5,0,0
5,31,4,0,0,5,0.3,0.16,0,5,0,0
5,31,5,408,45,7,0.4,0.16,53.068,8.44,37.605,32.309
5,31,6,658,76,10,0.5,0.16,251.392,17.772,193.038,182.234
5,31,7,716,118,12,0.6,0.16,472.755,27.139,396.876,378.85
5,31,8,798,135,14,0.7,0.16,694.418,35.824,568.814,544.695
5,31,9,854,143,15,0.7,0.16,884.833,42.828,702.276,673.428
5,31,10,867,159,16,0.7,0.16,1015.899,47.926,787.044,755.192
5,31,11,893,153,17,0.7,0.16,1080.557,50.993,825.587,792.37
5,31,12,905,144,18,0.6,0.16,1083.04,53.038,821.007,787.952
5,31,13,863,158,19,0.6,0.16,1008.827,51.599,770.425,739.163
5,31,14,841,145,20,0.6,0.16,872.531,48.213,678.166,650.173
5,31,15,798,128,19,0.5,0.16,683.835,41.721,547.832,524.456
5,31,16,390,183,18,0.4,0.16,374.275,30.651,307.286,292.434
5,31,17,668,58,17,0.3,0.16,233.33,24.609,171.645,161.6
5,31,18,132,53,15,0.6,0.16,50.071,16.466,38.18,32.864
5,31,19,0,0,21,0.3,0.15,0,21,0,0
5,31,20,0,0,20,0.3,0.15,0,20,0,0
5,31,21,0,0,20,0.3,0.15,0,20,0,0
5,31,22,0,0,19,0.3,0.15,0,19,0,0
5,31,23,0,0,18,0.3,0.15,0,18,0,0
6,1,0,0,0,18,0.2,0.15,0,18,0,0
6,1,1,0,0,18,0.2,0.15,0,18,0,0
6,1,2,0,0,17,0.2,0.15,0,17,0,0
6,1,3,0,0,17,0.2,0.15,0,17,0,0
6,1,4,0,0,17,0.2,0.15,0,17,0,0
6,1,5,123,52,19,0.2,0.15,49.818,20.655,37.002,31.727
6,1,6,276,144,21,0.3,0.15,211.994,28.173,164.6,154.804
6,1,7,240,213,23,0.3,0.15,329.598,34.503,265.347,251.981
6,1,8,241,303,25,0.3,0.15,470.731,41.489,370.143,353.064
6,1,9,471,301,26,0.3,0.15,719.205,51.311,547.158,523.806
6,1,10,517,353,27,0.3,0.15,877.704,57.881,648.711,621.761
6,1,11,526,371,27,0.4,0.15,939.453,59.089,689.714,661.311
6,1,12,297,455,28,0.4,0.15,785.142,54.701,582.998,558.377
6,1,13,472,383,27,0.3,0.15,863.493,57.357,638.843,612.243
6,1,14,439,353,27,0.3,0.15,742.445,53.101,560.325,536.507
6,1,15,328,283,26,0.2,0.15,512.923,44.565,400.27,382.124
6,1,16,323,235,25,0.2,0.15,389.737,39.04,309.819,294.878
6,1,17,0,63,24,0.2,0.15,61.605,26.215,48.361,42.684
6,1,18,0,33,22,0.3,0.15,32.231,23.115,24.241,19.419
6,1,19,0,0,21,0.3,0.16,0,21,0,0
6,1,20,0,0,20,0.3,0.16,0,20,0,0
6,1,21,0,0,20,0.3,0.16,0,20,0,0
6,1,22,0,0,19,0.3,0.16,0,19,0,0
6,1,23,0,0,19,0.2,0.16,0,19,0,0
6,2,0,0,0,18,0.2,0.16,0,18,0,0
6,2,1,0,0,17,0.2,0.16,0,17,0,0
6,2,2,0,0,17,0.2,0.16,0,17,0,0
6,2,3,0,0,17,0.3,0.16,0,17,0,0
6,2,4,0,0,17,0.3,0.16,0,17,0,0
6,2,5,114,60,19,0.1,0.16,57.785,21.005,43.532,38.026
6,2,6,288,144,21,0.1,0.16,215.988,28.755,167.207,157.319
6,2,7,413,206,23,0.1,0.16,407.919,38.158,326.256,310.731
6,2,8,507,248,26,0.1,0.16,607.369,48.723,469.496,448.897
6,2,9,570,275,27,0.2,0.16,778.376,55.248,584.437,559.765
6,2,10,467,390,28,0.3,0.16,868.505,58.465,639.462,612.84
6,2,11,262,465,28,0.4,0.16,761.538,53.824,566.69,542.647
6,2,12,320,448,28,0.5,0.16,803.131,54.473,597.377,572.246
6,2,13,371,396,28,0.5,0.16,775.774,53.582,581.069,556.516
6,2,14,283,397,27,0.6,0.16,652.594,47.884,500.084,478.4
6,2,15,267,297,27,0.5,0.16,486.802,43.023,381.071,363.604
6,2,16,301,203,26,0.4,0.16,349.243,37.796,278.115,264.297
6,2,17,65,128,24,0.4,0.16,140.626,28.684,111.029,103.131
6,2,18,52,55,23,0.4,0.16,51.209,24.651,38.515,33.187
6,2,19,0,0,21,0.3,0.16,0,21,0,0
6,2,20,0,0,20,0.3,0.16,0,20,0,0
6,2,21,0,0,19,0.3,0.16,0,19,0,0
6,2,22,0,0,19,0.3,0.16,0,19,0,0
6,2,23,0,0,19,0.3,0.16,0,19,0,0
6,3,0,0,0,18,0.3,0.16,0,18,0,0
6,3,1,0,0,18,0.2,0.16,0,18,0,0
6,3,2,0,0,18,0.2,0.16,0,18,0,0
6,3,3,0,0,18,0.2,0.16,0,18,0,0
6,3,4,0,0,18,0.2,0.16,0,18,0,0
6,3,5,0,42,18,0.2,0.16,40.69,19.447,31.508,26.428
6,3,6,0,31,20,0.3,0.16,30.352,21.055,23.6,18.8
6,3,7,6,165,21,0.4,0.16,164.605,26.534,132.955,124.28
6,3,8,15,230,22,0.5,0.16,237.159,29.729,189.628,178.945
6,3,9,29,316,23,0.6,0.16,343.58,33.888,271.523,257.938
6,3,10,21,324,23,0.6,0.16,343.203,33.841,269.77,256.247
6,3,11,26,366,22,0.7,0.16,400.662,34.335,315.055,299.928
6,3,12,12,239,21,0.7,0.16,249.975,28.667,197.885,186.909
6,3,13,9,205,20,0.8,0.16,211.917,26.326,168.709,158.767
6,3,14,9,214,19,0.8,0.16,219.371,25.557,176.276,166.067
6,3,15,0,71,18,0.8,0.16,69.781,20.087,55.232,49.311
6,3,16,0,140,17,0.8,0.16,137.287,21.121,112.505,104.555
6,3,17,0,36,16,0.8,0.16,35.258,17.061,28.086,23.128
6,3,18,0,7,16,0.8,0.16,6.835,16.204,4.942,0.804
6,3,19,0,0,16,0.8,0.16,0,16,0,0
6,3,20,0,0,16,0.7,0.16,0,16,0,0
6,3,21,0,0,16,0.7,0.16,0,16,0,0
6,3,22,0,0,16,0.7,0.16,0,16,0,0
6,3,23,0,0,16,0.6,0.16,0,16,0,0
6,4,0,0,0,17,0.5,0.16,0,17,0,0
6,4,1,0,0,17,0.4,0.16,0,17,0,0
6,4,2,0,0,16,0.2,0.16,0,16,0,0
6,4,3,0,0,16,0.2,0.16,0,16,0,0
6,4,4,0,0,16,0.3,0.16,0,16,0,0
6,4,5,0,35,16,0.4,0.16,34.301,17.148,26.634,21.726
6,4,6,13,118,17,0.5,0.16,117.818,20.843,96.719,89.329
6,4,7,107,221,17,0.5,0.16,269.479,25.818,222.493,210.646
6,4,8,0,146,18,0.5,0.16,143.751,22.675,115.893,107.823
6,4,9,25,305,20,0.5,0.16,328.976,30.721,262.788,249.513
6,4,10,0,104,22,0.5,0.16,102.64,25.323,79.677,72.891
6,4,11,127,452,24,0.5,0.16,601.775,43.723,462.618,442.262
6,4,12,2,139,25,0.6,0.16,139.642,29.394,107.733,99.952
6,4,13,4,153,25,0.7,0.16,155.188,29.755,120.392,112.162
6,4,14,246,370,24,0.6,0.16,594.071,42.987,463.027,442.656
6,4,15,689,157,23,0.5,0.16,641.389,44.281,507.235,485.298
6,4,16,558,153,23,0.4,0.16,427.681,37.484,343.804,327.658
6,4,17,393,122,22,0.3,0.16,223.253,29.448,169.394,159.428
6,4,18,107,59,20,0.3,0.16,56.69,21.85,42.65,37.175
6,4,19,0,0,19,0.3,0.16,0,19,0,0
6,4,20,0,0,19,0.3,0.16,0,19,0,0
6,4,21,0,0,18,0.3,0.16,0,18,0,0
6,4,22,0,0,18,0.3,0.16,0,18,0,0
6,4,23,0,0,18,0.3,0.16,0,18,0,0
6,5,0,0,0,18,0.3,0.16,0,18,0,0
6,5,1,0,0,18,0.3,0.16,0,18,0,0
6,5,2,0,0,17,0.3,0.16,0,17,0,0
6,5,3,0,0,17,0.3,0.16,0,17,0,0
6,5,4,0,0,17,0.3,0.16,0,17,0,0
6,5,5,192,51,18,0.3,0.16,50.153,19.539,36.505,31.248
6,5,6,483,101,20,0.4,0.16,227.53,27.315,171.547,161.505
6,5,7,648,120,22,0.6,0.16,440.891,36.1,356.954,340.342
6,5,8,744,132,23,0.7,0.16,653.557,43.509,519.149,496.79
6,5,9,805,138,24,0.7,0.16,837.076,50.295,644.865,618.052
6,5,10,819,157,24,0.8,0.16,965.885,53.534,731.585,701.698
6,5,11,4,151,25,0.8,0.16,153.653,29.579,118.942,110.764
6,5,12,77,455,25,0.9,0.16,545.635,40.971,422.311,403.383
6,5,13,83,430,25,0.9,0.16,519.034,40.194,403.564,385.301
6,5,14,20,289,24,0.8,0.16,303.717,33.09,239.718,227.26
6,5,15,158,314,24,0.7,0.16,425.716,37.202,338.608,322.646
6,5,16,245,214,23,0.7,0.16,333.585,33.33,269.823,256.299
6,5,17,442,113,22,0.6,0.16,228.245,28.948,172.416,162.343
6,5,18,237,58,20,0.4,0.16,58.079,21.721,41.89,36.442
6,5,19,0,0,18,0.3,0.16,0,18,0,0
6,5,20,0,0,16,0.3,0.16,0,16,0,0
6,5,21,0,0,15,0.3,0.16,0,15,0,0
6,5,22,0,0,14,0.3,0.16,0,14,0,0
6,5,23,0,0,14,0.3,0.16,0,14,0,0
6,6,0,0,0,13,0.3,0.16,0,13,0,0
6,6,1,0,0,13,0.3,0.16,0,13,0,0
6,6,2,0,0,12,0.3,0.16,0,12,0,0
6,6,3,0,0,12,0.3,0.16,0,12,0,0
6,6,4,0,0,12,0.3,0.16,0,12,0,0
6,6,5,111,53,13,0.4,0.16,50.643,14.58,38.855,33.515
6,6,6,449,115,13,0.5,0.16,231.733,20.258,181.072,170.693
6,6,7,659,127,15,0.6,0.16,453.041,29.486,376.322,359.024
6,6,8,792,126,17,0.6,0.16,679.95,38.95,550.282,526.82
6,6,9,866,124,18,0.6,0.16,870.404,46.126,682.319,654.178
6,6,10,911,119,19,0.7,0.16,1009.36,50.74,774.157,742.762
6,6,11,923,122,20,0.7,0.16,1078.583,53.943,814.945,782.104
6,6,12,428,401,20,0.7,0.16,870.531,47.19,668.709,641.05
6,6,13,30,359,20,0.7,0.16,394.186,32.138,313.253,298.19
6,6,14,864,126,20,0.7,0.16,871.568,47.389,679.809,651.758
6,6,15,825,113,19,0.6,0.16,690.15,41.291,553.94,530.349
6,6,16,744,101,19,0.5,0.16,469.139,34.456,383.13,365.591
6,6,17,616,80,18,0.4,0.16,244.82,25.806,183.098,172.647
6,6,18,382,47,15,0.3,0.16,55.099,16.557,37.949,32.641
6,6,19,0,0,13,0.3,0.16,0,13,0,0
6,6,20,0,0,12,0.2,0.16,0,12,0,0
6,6,21,0,0,12,0.2,0.16,0,12,0,0
6,6,22,0,0,11,0.3,0.16,0,11,0,0
6,6,23,0,0,11,0.6,0.16,0,11,0,0
6,7,0,0,0,11,0.7,0.16,0,11,0,0
6,7,1,0,0,11,0.7,0.16,0,11,0,0
6,7,2,0,0,12,0.7,0.16,0,12,0,0
6,7,3,0,0,12,0.4,0.16,0,12,0,0
6,7,4,0,0,12,0.3,0.16,0,12,0,0
6,7,5,91,54,13,0.2,0.16,52.295,14.768,40.494,35.095
6,7,6,286,120,15,0.2,0.16,192.754,21.671,151.77,142.428
6,7,7,127,222,18,0.3,0.16,281.776,27.787,231.261,219.103
6,7,8,368,275,20,0.3,0.16,533.864,38.694,426.953,407.861
6,7,9,459,306,22,0.3,0.16,714.579,47.066,552.626,529.081
6,7,10,455,362,23,0.3,0.16,827.257,52.018,625.063,598.951
6,7,11,476,395,24,0.3,0.16,913.366,56.068,677.96,649.974
6,7,12,741,224,25,0.3,0.16,1009.865,60.624,740.171,709.98
6,7,13,720,220,25,0.4,0.16,939.61,57.121,699.889,671.125
6,7,14,689,205,25,0.4,0.16,810.358,52.686,616.588,590.776
6,7,15,634,185,25,0.4,0.16,633.481,46.621,495.545,474.022
6,7,16,511,170,24,0.3,0.16,423.124,38.763,338.296,322.345
6,7,17,368,127,23,0.3,0.16,222.736,30.447,169.282,159.32
6,7,18,31,56,20,0.3,0.16,53.295,21.801,40.951,35.536
6,7,19,0,0,19,0.3,0.16,0,19,0,0
6,7,20,0,0,18,0.3,0.16,0,18,0,0
6,7,21,0,0,17,0.3,0.16,0,17,0,0
6,7,22,0,0,17,0.3,0.16,0,17,0,0
6,7,23,0,0,17,0.3,0.16,0,17,0,0
6,8,0,0,0,16,0.2,0.16,0,16,0,0
6,8,1,0,0,16,0.2,0.16,0,16,0,0
6,8,2,0,0,16,0.2,0.16,0,16,0,0
6,8,3,0,0,16,0.2,0.16,0,16,0,0
6,8,4,0,0,17,0.2,0.16,0,17,0,0
6,8,5,0,46,19,0.2,0.16,44.267,20.573,34.283,29.104
6,8,6,39,126,21,0.2,0.16,132.085,25.692,106.026,98.305
6,8,7,116,222,23,0.2,0.16,276.328,32.901,222.138,210.303
6,8,8,533,233,25,0.2,0.16,608.48,47.048,473.792,453.041
6,8,9,604,252,27,0.2,0.16,784.059,55.448,588.688,563.865
6,8,10,659,256,28,0.2,0.16,916.575,61.295,670.179,642.469
6,8,11,689,255,29,0.2,0.16,988.249,64.944,710.602,681.459
6,8,12,697,249,30,0.2,0.16,990.69,66.037,709.176,680.084
6,8,13,689,236,31,0.3,0.16,926.306,63.628,671.137,643.392
6,8,14,644,228,31,0.3,0.16,795.777,59.004,589.359,564.512
6,8,15,560,218,30,0.3,0.16,614.041,51.576,469.809,449.198
6,8,16,396,212,29,0.3,0.16,406.204,43.158,318.39,303.144
6,8,17,244,154,27,0.2,0.16,214.368,34.476,163.583,153.823
6,8,18,77,64,25,0.2,0.16,60.423,27.057,44.971,39.414
6,8,19,0,0,23,0.2,0.16,0,23,0,0
6,8,20,0,0,22,0.2,0.16,0,22,0,0
6,8,21,0,0,22,0.2,0.16,0,22,0,0
6,8,22,0,0,22,0.3,0.16,0,22,0,0
6,8,23,0,0,22,0.4,0.16,0,22,0,0
6,9,0,0,0,22,0.4,0.16,0,22,0,0
6,9,1,0,0,21,0.3,0.16,0,21,0,0
6,9,2,0,0,21,0.3,0.16,0,21,0,0
6,9,3,0,0,21,0.4,0.16,0,21,0,0
6,9,4,0,0,21,0.4,0.16,0,21,0,0
6,9,5,166,62,21,0.6,0.16,59.93,22.741,44.336,38.801
6,9,6,433,112,21,0.7,0.16,224.421,27.63,170.263,160.266
6,9,7,114,222,22,0.8,0.16,275.252,30.28,223.511,211.627
6,9,8,699,159,23,0.8,0.16,649.214,42.811,516.439,494.176
6,9,9,769,167,24,0.7,0.16,834.988,50.204,642.86,616.117
6,9,10,850,147,25,0.7,0.16,978.09,55.735,734.635,704.64
6,9,11,869,149,26,0.6,0.16,1050.111,59.96,773.682,742.304
6,9,12,872,147,26,0.6,0.16,1051.844,60.017,774.795,743.378
6,9,13,859,142,27,0.6,0.16,983.69,58.787,729.758,699.937
6,9,14,821,140,27,0.5,0.16,854.317,55.394,644.798,617.987
6,9,15,759,134,26,0.5,0.16,668.15,48.184,521.107,498.679
6,9,16,315,205,25,0.4,0.16,359.987,37.162,287.782,273.621
6,9,17,44,129,24,0.3,0.16,136.54,28.7,108.316,100.515
6,9,18,80,59,21,0.2,0.16,56.784,22.929,42.746,37.268
6,9,19,0,0,19,0.2,0.17,0,19,0,0
6,9,20,0,0,18,0.2,0.17,0,18,0,0
6,9,21,0,0,18,0.2,0.17,0,18,0,0
6,9,22,0,0,17,0.2,0.17,0,17,0,0
6,9,23,0,0,17,0.2,0.17,0,17,0,0
6,10,0,0,0,17,0.2,0.17,0,17,0,0
6,10,1,0,0,17,0.2,0.17,0,17,0,0
6,10,2,0,0,16,0.2,0.17,0,16,0,0
6,10,3,0,0,16,0.2,0.17,0,16,0,0
6,10,4,0,0,16,0.2,0.17,0,16,0,0
6,10,5,69,54,17,0.2,0.17,51.708,18.754,39.701,34.33
6,10,6,0,107,17,0.2,0.17,104.298,20.723,85.627,78.629
6,10,7,2,158,18,0.2,0.17,156.263,23.57,127.421,118.943
6,10,8,3,175,19,0.1,0.17,174.966,25.424,140.602,131.656
6,10,9,12,244,20,0.1,0.17,252.557,29.264,201.006,189.92
6,10,10,13,261,21,0.1,0.17,272.618,30.991,214.974,203.393
6,10,11,18,320,21,0.1,0.17,338.735,33.415,265.861,252.477
6,10,12,63,434,22,0,0.17,510.4,41.435,393.451,375.546
6,10,13,50,399,22,0,0.17,456.039,39.35,354.071,337.562
6,10,14,284,375,22,0.1,0.17,633.48,45.536,489.661,468.347
6,10,15,308,359,22,0,0.17,579.685,44.254,453.06,433.043
6,10,16,0,77,21,0,0.17,75.863,23.884,59.981,53.892
6,10,17,0,46,20,0.1,0.17,45.227,21.67,35.698,30.469
6,10,18,11,54,19,0.1,0.17,52.086,20.895,40.489,35.091
6,10,19,0,0,18,0.2,0.17,0,0,0,0
6,10,20,0,0,17,0.2,0.17,0,17,0,0
6,10,21,0,0,17,0.2,0.17,0,17,0,0
6,10,22,0,0,16,0.2,0.17,0,16,0,0
6,10,23,0,0,16,0.2,0.17,0,16,0,0
6,11,0,0,0,15,0.2,0.17,0,15,0,0
6,11,1,0,0,15,0.2,0.17,0,15,0,0
6,11,2,0,0,15,0.2,0.17,0,15,0,0
6,11,3,0,0,15,0.2,0.17,0,15,0,0
6,11,4,0,0,15,0.2,0.17,0,15,0,0
6,11,5,0,25,16,0.2,0.17,24.548,16.872,18.825,14.194
6,11,6,0,83,18,0.3,0.17,81.393,20.818,66.13,59.823
6,11,7,0,140,20,0.4,0.17,137.693,24.613,111.269,103.363
6,11,8,276,297,22,0.5,0.17,493.372,38.199,393.675,375.762
6,11,9,78,372,24,0.5,0.17,443.131,38.446,347.236,330.969
6,11,10,823,153,25,0.5,0.17,964.467,57.041,720.191,690.708
6,11,11,418,402,25,0.5,0.17,862.217,53.432,645.862,619.013
6,11,12,87,461,26,0.4,0.17,563.303,44.915,429.659,410.471
6,11,13,79,428,26,0.4,0.17,514.286,43.26,394.839,376.884
6,11,14,0,136,25,0.3,0.17,134.582,29.621,104.306,96.646
6,11,15,0,117,25,0.3,0.17,115.501,28.974,89.94,82.789
6,11,16,0,105,25,0.2,0.17,103.429,28.685,81.209,74.368
6,11,17,104,136,24,0.2,0.17,160.459,29.635,126.007,117.579
6,11,18,36,57,22,0.3,0.17,55.026,23.849,41.908,36.459
6,11,19,0,0,20,0.5,0.17,0,0,0,0
6,11,20,0,0,19,0.3,0.17,0,19,0,0
6,11,21,0,0,19,0.1,0.17,0,19,0,0
6,11,22,0,0,18,0.1,0.17,0,18,0,0
6,11,23,0,0,18,0.2,0.17,0,18,0,0
6,12,0,0,0,18,0.2,0.17,0,18,0,0
6,12,1,0,0,18,0.2,0.17,0,18,0,0
6,12,2,0,0,17,0.2,0.17,0,17,0,0
6,12,3,0,0,17,0.2,0.17,0,17,0,0
6,12,4,0,0,17,0.2,0.17,0,17,0,0
6,12,5,328,48,18,0.3,0.17,52.387,19.502,36.738,31.473
6,12,6,254,125,20,0.3,0.17,188.92,26.327,146.754,137.59
6,12,7,245,214,23,0.3,0.17,333.312,34.56,268.174,254.708
6,12,8,31,262,24,0.4,0.17,283.279,33.497,224.696,212.771
6,12,9,155,390,25,0.4,0.17,532.121,42.926,412.654,394.069
6,12,10,220,444,26,0.4,0.17,672.823,48.724,510.673,488.614
6,12,11,853,139,27,0.4,0.17,1025.293,62.076,748.802,718.306
6,12,12,842,147,27,0.4,0.17,1023.256,62.001,747.349,716.904
6,12,13,0,45,27,0.4,0.17,44.472,28.478,32.806,27.68
6,12,14,0,68,26,0.3,0.17,67.143,28.304,50.781,45.018
6,12,15,0,127,24,0.3,0.17,125.394,28.315,98.237,90.792
6,12,16,0,58,23,0.3,0.17,57.101,24.971,44.377,38.841
6,12,17,441,102,22,0.2,0.17,222.075,29.588,167.303,157.411
6,12,18,68,63,21,0.2,0.17,60.296,23.049,45.724,40.14
6,12,19,0,0,20,0.2,0.17,0,0,0,0
6,12,20,0,0,19,0.3,0.17,0,19,0,0
6,12,21,0,0,19,0.4,0.17,0,19,0,0
6,12,22,0,0,19,0.5,0.17,0,19,0,0
6,12,23,0,0,19,0.5,0.17,0,19,0,0
6,13,0,0,0,18,0.5,0.17,0,18,0,0
6,13,1,0,0,17,0.5,0.17,0,17,0,0
6,13,2,0,0,17,0.3,0.17,0,17,0,0
6,13,3,0,0,16,0.2,0.17,0,16,0,0
6,13,4,0,0,17,0.1,0.17,0,17,0,0
6,13,5,112,58,18,0.1,0.17,56.329,19.945,42.766,37.287
6,13,6,256,124,19,0.2,0.17,188.333,25.505,146.641,137.481
6,13,7,104,220,20,0.3,0.17,267.105,29.251,217.486,205.816
6,13,8,301,292,21,0.2,0.17,505.004,39.174,401.916,383.711
6,13,9,7,202,22,0.2,0.17,206.266,29.319,162.905,153.169
6,13,10,90,433,23,0.1,0.17,529.255,42.535,407.995,389.575
6,13,11,236,472,23,0.1,0.17,735.49,50.275,554.452,530.842
6,13,12,60,439,22,0.2,0.17,512.428,40.279,396.758,378.735
6,13,13,11,240,21,0.4,0.17,249.602,29.322,197.459,186.499
6,13,14,0,74,20,0.5,0.17,73.08,22.362,56.892,50.912
6,13,15,59,293,19,0.6,0.17,334.241,29.588,270.792,257.233
6,13,16,0,116,17,0.7,0.17,114.221,20.51,93.081,85.819
6,13,17,0,94,16,0.7,0.17,92.003,18.835,75.704,69.058
6,13,18,73,70,16,0.6,0.17,66.277,17.996,51.557,45.766
6,13,19,0,0,15,0.4,0.17,0,0,0,0
6,13,20,0,0,15,0.4,0.17,0,15,0,0
6,13,21,0,0,14,0.3,0.17,0,14,0,0
6,13,22,0,0,14,0.3,0.17,0,14,0,0
6,13,23,0,0,13,0.3,0.17,0,13,0,0
6,14,0,0,0,12,0.4,0.17,0,12,0,0
6,14,1,0,0,11,0.3,0.17,0,11,0,0
6,14,2,0,0,11,0.3,0.17,0,11,0,0
6,14,3,0,0,10,0.3,0.17,0,10,0,0
6,14,4,0,0,10,0.3,0.17,0,10,0,0
6,14,5,0,32,12,0.4,0.17,31.45,13.05,24.789,19.947
6,14,6,0,59,13,0.5,0.17,58.055,14.894,47.659,42.007
6,14,7,0,123,14,0.5,0.17,121.052,17.937,99.948,92.443
6,14,8,9,207,15,0.5,0.17,210.746,21.844,172.948,162.856
6,14,9,12,243,16,0.5,0.17,251.493,24.153,204.119,192.923
6,14,10,10,227,17,0.5,0.17,235.49,24.623,189.373,178.699
6,14,11,17,309,18,0.4,0.17,326.547,28.89,260.501,247.307
6,14,12,13,267,18,0.4,0.17,279.986,27.331,223.562,211.677
6,14,13,8,192,18,0.4,0.17,198.538,24.616,158.674,149.088
6,14,14,10,231,18,0.4,0.17,237.912,25.94,191.322,180.579
6,14,15,17,239,18,0.4,0.17,248.219,26.307,201.326,190.228
6,14,16,0,107,17,0.3,0.17,105.395,20.639,85.567,78.572
6,14,17,17,124,16,0.3,0.17,125.261,20.322,103.165,95.545
6,14,18,0,48,15,0.4,0.17,46.488,16.551,36.874,31.604
6,14,19,0,0,14,0.6,0.17,0,0,0,0
6,14,20,0,0,14,0.6,0.17,0,14,0,0
6,14,21,0,0,13,0.6,0.17,0,13,0,0
6,14,22,0,0,13,0.7,0.17,0,13,0,0
6,14,23,0,0,12,0.6,0.17,0,12,0,0
6,15,0,0,0,12,0.3,0.17,0,12,0,0
6,15,1,0,0,12,0.2,0.17,0,12,0,0
6,15,2,0,0,12,0.2,0.17,0,12,0,0
6,15,3,0,0,12,0.2,0.17,0,12,0,0
6,15,4,0,0,12,0.2,0.17,0,12,0,0
6,15,5,22,53,13,0.3,0.17,50.364,14.702,39.94,34.561
6,15,6,24,122,15,0.3,0.17,124.572,19.283,102.761,95.156
6,15,7,558,159,18,0.3,0.17,432.562,33.03,353.468,336.979
6,15,8,71,296,19,0.2,0.17,344.528,31.311,277.827,264.019
6,15,9,283,372,20,0.2,0.17,626.987,42.552,490.366,469.026
6,15,10,93,434,21,0.1,0.17,533.036,40.677,414.033,395.399
6,15,11,88,461,22,0.1,0.17,564.176,42.805,433.97,414.629
6,15,12,22,347,22,0.1,0.17,370.315,35.575,289.008,274.803
6,15,13,12,243,22,0.1,0.17,253.589,31.291,199.185,188.163
6,15,14,2,153,22,0.1,0.17,153.209,27.609,120.356,112.128
6,15,15,14,229,22,0.1,0.17,236.216,30.683,187.986,177.361
6,15,16,117,227,21,0.1,0.17,283.921,31.479,229.706,217.603
6,15,17,0,41,20,0.2,0.17,40.3,21.44,31.67,26.584
6,15,18,0,16,18,0.2,0.17,15.692,18.558,11.755,7.375
6,15,19,0,0,17,0.2,0.17,0,0,0,0
6,15,20,0,0,16,0.2,0.17,0,16,0,0
6,15,21,0,0,16,0.2,0.17,0,16,0,0
6,15,22,0,0,15,0.2,0.17,0,15,0,0
6,15,23,0,0,15,0.2,0.17,0,15,0,0
6,16,0,0,0,15,0.2,0.17,0,15,0,0
6,16,1,0,0,15,0.2,0.17,0,15,0,0
6,16,2,0,0,15,0.2,0.17,0,15,0,0
6,16,3,0,0,15,0.2,0.17,0,15,0,0
6,16,4,0,0,15,0.2,0.17,0,15,0,0
6,16,5,116,54,16,0.2,0.17,51.358,17.693,39.146,33.796
6,16,6,130,142,18,0.3,0.17,171.129,23.804,137.067,128.246
6,16,7,355,194,20,0.3,0.17,366.333,32.709,297.925,283.405
6,16,8,741,140,22,0.3,0.17,656.757,45.098,518.317,495.987
6,16,9,802,146,23,0.3,0.17,840.368,52.583,641.33,614.641
6,16,10,385,389,24,0.3,0.17,780.646,51.302,590.221,565.344
6,16,11,858,148,25,0.3,0.17,1039.811,61.633,760.687,729.769
6,16,12,852,153,25,0.3,0.17,1040.577,61.657,761.015,730.086
6,16,13,782,187,25,0.3,0.17,963.917,58.968,713.273,684.035
6,16,14,743,182,25,0.3,0.17,837.61,54.459,633.313,606.908
6,16,15,682,170,25,0.3,0.17,657.226,48.087,511.603,489.512
6,16,16,601,131,24,0.3,0.17,436.649,39.216,349.559,333.209
6,16,17,122,139,23,0.3,0.17,168.987,28.745,133.131,124.45
6,16,18,0,20,20,0.3,0.17,19.624,20.677,14.716,10.231
6,16,19,0,0,18,0.3,0.17,0,0,0,0
6,16,20,0,0,18,0.3,0.17,0,18,0,0
6,16,21,0,0,17,0.3,0.17,0,17,0,0
6,16,22,0,0,17,0.3,0.17,0,17,0,0
6,16,23,0,0,16,0.3,0.17,0,16,0,0
6,17,0,0,0,16,0.3,0.17,0,16,0,0
6,17,1,0,0,15,0.3,0.17,0,15,0,0
6,17,2,0,0,15,0.3,0.17,0,15,0,0
6,17,3,0,0,15,0.2,0.17,0,15,0,0
6,17,4,0,0,15,0.2,0.17,0,15,0,0
6,17,5,279,53,17,0.3,0.17,54.041,18.599,39.368,34.009
6,17,6,515,94,19,0.3,0.17,229.156,26.495,172.012,161.953
6,17,7,664,116,22,0.4,0.17,441.811,36.903,356.081,339.5
6,17,8,741,135,25,0.5,0.17,651.061,46.569,510.856,488.791
6,17,9,782,153,26,0.5,0.17,830.258,53.52,630.979,604.658
6,17,10,752,200,27,0.5,0.17,946.462,58.407,701.71,672.882
6,17,11,760,211,28,0.5,0.17,1016.653,61.692,742.044,711.787
6,17,12,759,212,28,0.5,0.17,1018.657,61.758,743.223,712.924
6,17,13,679,251,29,0.5,0.17,934.256,59.961,686.935,658.631
6,17,14,639,241,29,0.5,0.17,809.238,55.756,607.104,581.628
6,17,15,568,225,28,0.5,0.17,631.794,48.858,488.71,467.43
6,17,16,450,201,27,0.4,0.17,429.105,41.476,339.571,323.575
6,17,17,314,148,25,0.3,0.17,231.941,32.787,177.542,167.287
6,17,18,129,71,23,0.3,0.17,70.692,25.282,52.295,46.478
6,17,19,0,0,21,0.3,0.15,0,0,0,0
6,17,20,0,0,21,0.3,0.15,0,21,0,0
6,17,21,0,0,20,0.3,0.15,0,20,0,0
6,17,22,0,0,20,0.3,0.15,0,20,0,0
6,17,23,0,0,20,0.3,0.15,0,20,0,0
6,18,0,0,0,19,0.3,0.15,0,19,0,0
6,18,1,0,0,19,0.3,0.15,0,19,0,0
6,18,2,0,0,18,0.3,0.15,0,18,0,0
6,18,3,0,0,18,0.2,0.15,0,18,0,0
6,18,4,0,0,18,0.2,0.15,0,18,0,0
6,18,5,156,63,20,0.3,0.15,58.964,21.893,44.273,38.741
6,18,6,371,128,22,0.3,0.15,220.055,29.352,167.176,157.288
6,18,7,501,176,25,0.3,0.15,418.08,39.594,332.493,316.748
6,18,8,602,203,26,0.2,0.15,622.144,48.615,482.39,461.333
6,18,9,663,221,27,0.2,0.15,797.358,56.017,598.179,573.02
6,18,10,716,221,28,0.1,0.15,929.503,63.014,675.616,647.712
6,18,11,727,230,29,0.1,0.15,998.277,66.564,713.451,684.207
6,18,12,724,231,30,0.1,0.15,998.309,67.564,710.335,681.202
6,18,13,695,234,30,0.1,0.15,928.558,64.967,668.906,641.24
6,18,14,650,227,30,0.1,0.15,801.158,60.109,590.536,565.648
6,18,15,598,204,29,0.2,0.15,630.9,51.933,482.401,461.344
6,18,16,430,207,28,0.3,0.15,422.895,42.782,332.743,316.989
6,18,17,300,150,26,0.4,0.15,228.37,33.5,174.518,164.371
6,18,18,124,70,23,0.4,0.15,69.035,25.189,51.035,45.263
6,18,19,0,0,21,0.4,0.15,0,0,0,0
6,18,20,0,0,20,0.4,0.15,0,20,0,0
6,18,21,0,0,19,0.3,0.15,0,19,0,0
6,18,22,0,0,18,0.2,0.15,0,18,0,0
6,18,23,0,0,18,0.2,0.15,0,18,0,0
6,19,0,0,0,18,0.2,0.15,0,18,0,0
6,19,1,0,0,17,0.2,0.15,0,17,0,0
6,19,2,0,0,17,0.2,0.15,0,17,0,0
6,19,3,0,0,17,0.2,0.15,0,17,0,0
6,19,4,0,0,17,0.2,0.15,0,17,0,0
6,19,5,79,60,19,0.3,0.15,55.6,20.842,42.602,37.128
6,19,6,206,159,21,0.3,0.15,204.662,27.951,160.58,150.927
6,19,7,288,250,24,0.4,0.15,385.53,37.031,308.443,293.55
6,19,8,375,313,26,0.4,0.15,571.927,45.462,445.853,426.091
6,19,9,449,348,27,0.5,0.15,742.791,51.575,564.07,540.12
6,19,10,455,398,28,0.5,0.15,857.789,56.416,636.584,610.064
6,19,11,489,402,29,0.5,0.15,930.545,59.813,680.291,652.222
6,19,12,505,392,30,0.5,0.15,938.49,61.084,682.704,654.55
6,19,13,422,428,29,0.5,0.15,856.17,57.328,632.265,605.897
6,19,14,398,389,29,0.5,0.15,743.21,53.557,558.807,535.043
6,19,15,359,332,28,0.5,0.15,587.175,47.391,453.836,433.791
6,19,16,317,209,27,0.5,0.15,366.708,39.064,291.295,277.01
6,19,17,169,139,26,0.4,0.15,181.365,32.004,140.307,131.372
6,19,18,26,62,24,0.3,0.15,58.86,26.002,44.804,39.253
6,19,19,0,0,22,0.3,0.15,0,0,0,0
6,19,20,0,0,22,0.3,0.15,0,22,0,0
6,19,21,0,0,21,0.3,0.15,0,21,0,0
6,19,22,0,0,21,0.2,0.15,0,21,0,0
6,19,23,0,0,21,0.1,0.15,0,21,0,0
6,20,0,0,0,20,0.2,0.15,0,20,0,0
6,20,1,0,0,20,0.4,0.15,0,20,0,0
6,20,2,0,0,20,0.4,0.15,0,20,0,0
6,20,3,0,0,20,0.4,0.15,0,20,0,0
6,20,4,0,0,20,0.3,0.15,0,20,0,0
6,20,5,0,3,20,0.3,0.15,2.918,20.101,1.983,0
6,20,6,0,35,21,0.5,0.15,34.165,22.122,26.583,21.677
6,20,7,0,82,20,0.6,0.15,80.28,22.552,64.021,57.789
6,20,8,15,229,20,0.7,0.15,235.114,27.261,189.773,179.085
6,20,9,219,385,21,0.7,0.15,577.065,38.955,456.235,436.105
6,20,10,469,360,22,0.7,0.15,832.942,48.091,639.465,612.842
6,20,11,436,400,23,0.7,0.15,874.273,50.344,663.367,635.898
6,20,12,377,421,24,0.7,0.15,831.048,49.952,630.451,604.148
6,20,13,478,364,25,0.7,0.15,850.581,51.646,643.816,617.039
6,20,14,446,316,25,0.7,0.15,715.518,47.381,552.2,528.67
6,20,15,831,108,24,0.7,0.15,695.66,45.899,548.235,524.846
6,20,16,759,96,23,0.6,0.15,480.64,38.438,387.715,370.013
6,20,17,650,76,22,0.4,0.15,258.644,30.306,191.82,181.06
6,20,18,437,47,19,0.3,0.15,64.03,20.768,40.516,35.117
6,20,19,0,0,18,0.3,0.15,0,0,0,0
6,20,20,0,0,17,0.3,0.15,0,17,0,0
6,20,21,0,0,16,0.3,0.15,0,16,0,0
6,20,22,0,0,15,0.3,0.15,0,15,0,0
6,20,23,0,0,14,0.3,0.15,0,14,0,0
6,21,0,0,0,13,0.3,0.15,0,13,0,0
6,21,1,0,0,13,0.3,0.15,0,13,0,0
6,21,2,0,0,12,0.3,0.15,0,12,0,0
6,21,3,0,0,12,0.2,0.15,0,12,0,0
6,21,4,0,0,12,0.2,0.15,0,12,0,0
6,21,5,408,44,14,0.3,0.15,48.295,15.359,34.49,29.304
6,21,6,655,71,17,0.3,0.15,238.731,24.793,176.288,166.078
6,21,7,773,89,20,0.4,0.15,462.737,35.703,375.088,357.834
6,21,8,830,104,21,0.5,0.15,674.728,43.453,537.179,514.181
6,21,9,855,120,22,0.5,0.15,848.652,50.274,654.496,627.341
6,21,10,858,137,23,0.5,0.15,968.727,55.315,729.053,699.256
6,21,11,863,144,24,0.5,0.15,1035.75,58.508,767.721,736.554
6,21,12,858,146,25,0.6,0.15,1035.492,58.524,767.342,736.189
6,21,13,816,161,26,0.7,0.15,967.203,56.475,723.616,694.012
6,21,14,762,167,26,0.7,0.15,834.579,52.241,636.999,610.464
6,21,15,181,318,25,0.6,0.15,446.167,39.268,352.403,335.953
6,21,16,368,199,24,0.6,0.15,382.958,36.253,308.259,293.373
6,21,17,263,131,23,0.5,0.15,201.034,29.412,155.554,146.078
6,21,18,228,66,22,0.4,0.15,70.687,24.144,50.063,44.325
6,21,19,0,0,20,0.4,0.15,0,0,0,0
6,21,20,0,0,19,0.4,0.15,0,19,0,0
6,21,21,0,0,18,0.4,0.15,0,18,0,0
6,21,22,0,0,18,0.4,0.15,0,18,0,0
6,21,23,0,0,17,0.4,0.15,0,17,0,0
6,22,0,0,0,17,0.3,0.15,0,17,0,0
6,22,1,0,0,16,0.3,0.15,0,16,0,0
6,22,2,0,0,15,0.3,0.15,0,15,0,0
6,22,3,0,0,14,0.3,0.15,0,14,0,0
6,22,4,0,0,14,0.3,0.15,0,14,0,0
6,22,5,350,49,16,0.4,0.15,51.269,17.457,37.373,32.085
6,22,6,593,82,18,0.6,0.15,233.034,24.99,173.333,163.227
6,22,7,709,109,19,0.7,0.15,450.872,33.032,368.799,351.768
6,22,8,790,124,20,0.7,0.15,667.853,40.987,536.3,513.333
6,22,9,851,129,21,0.7,0.15,853.989,47.884,664.75,637.232
6,22,10,899,124,22,0.8,0.15,994.484,52.525,757.275,726.478
6,22,11,399,409,23,0.9,0.15,839.592,47.863,642.704,615.967
6,22,12,921,120,23,0.9,0.15,1073.812,55.067,807.595,775.015
6,22,13,893,127,23,0.8,0.15,1001.14,53.727,758.337,727.503
6,22,14,871,119,23,0.8,0.15,875.247,49.824,675.988,648.072
6,22,15,179,319,23,0.8,0.15,445.916,36.497,355.989,339.412
6,22,16,786,87,22,0.7,0.15,486.096,37.193,394.362,376.424
6,22,17,667,72,21,0.5,0.15,260.616,29.123,194.032,183.193
6,22,18,448,47,18,0.3,0.15,65.397,19.799,41.248,35.823
6,22,19,0,0,16,0.3,0.15,0,0,0,0
6,22,20,0,0,14,0.3,0.15,0,14,0,0
6,22,21,0,0,13,0.3,0.15,0,13,0,0
6,22,22,0,0,12,0.3,0.15,0,12,0,0
6,22,23,0,0,12,0.3,0.15,0,12,0,0
6,23,0,0,0,11,0.3,0.15,0,11,0,0
6,23,1,0,0,11,0.3,0.15,0,11,0,0
6,23,2,0,0,10,0.3,0.15,0,10,0,0
6,23,3,0,0,10,0.3,0.15,0,10,0,0
6,23,4,0,0,10,0.3,0.15,0,10,0,0
6,23,5,382,46,12,0.3,0.15,48.76,13.4,35.869,30.634
6,23,6,629,76,14,0.4,0.15,235.772,21.474,176.722,166.496
6,23,7,750,96,17,0.4,0.15,457.673,32.525,375.232,357.972
6,23,8,827,109,18,0.5,0.15,676.749,40.517,544.915,521.643
6,23,9,873,118,19,0.5,0.15,860.827,47.683,670.907,643.17
6,23,10,918,112,20,0.5,0.15,1000.045,53.381,759.184,728.32
6,23,11,933,112,21,0.6,0.15,1074.486,55.81,805.957,773.436
6,23,12,935,110,22,0.6,0.15,1077.977,56.925,804.866,772.383
6,23,13,922,109,23,0.5,0.15,1010.998,56.749,756.91,726.126
6,23,14,899,104,23,0.5,0.15,884.235,52.474,676.126,648.204
6,23,15,859,96,23,0.5,0.15,703.145,46.428,553.321,529.751
6,23,16,795,85,22,0.4,0.15,489.127,38.664,394.718,376.768
6,23,17,682,69,20,0.3,0.15,263.573,28.737,196.452,185.528
6,23,18,467,45,17,0.5,0.15,64.903,18.656,40.438,35.041
6,23,19,0,0,15,0.8,0.15,0,0,0,0
6,23,20,0,0,14,0.6,0.15,0,14,0,0
6,23,21,0,0,13,0.3,0.15,0,13,0,0
6,23,22,0,0,13,0.3,0.15,0,13,0,0
6,23,23,0,0,12,0.3,0.15,0,12,0,0
6,24,0,0,0,11,0.3,0.15,0,11,0,0
6,24,1,0,0,10,0.3,0.15,0,10,0,0
6,24,2,0,0,10,0.3,0.15,0,10,0,0
6,24,3,0,0,10,0.4,0.15,0,10,0,0
6,24,4,0,0,11,0.3,0.15,0,11,0,0
6,24,5,407,41,13,0.2,0.15,44.099,14.268,31.945,26.849
6,24,6,639,68,16,0.1,0.15,229.82,23.983,169.473,159.504
6,24,7,758,85,19,0.1,0.15,449.559,35.758,363.864,347.007
6,24,8,823,99,22,0.1,0.15,662.019,46.926,519.902,497.516
6,24,9,861,111,23,0.1,0.15,843.114,54.792,638.711,612.116
6,24,10,863,132,24,0.1,0.15,967.63,60.528,712.977,683.75
6,24,11,874,136,25,0.2,0.15,1038.667,62.916,756.153,725.396
6,24,12,870,138,26,0.2,0.15,1040.053,63.965,753.693,723.023
6,24,13,857,136,26,0.2,0.15,975.999,61.668,715.381,686.068
6,24,14,827,131,27,0.2,0.15,854.325,58.174,637.425,610.875
6,24,15,782,121,27,0.2,0.15,677.163,51.694,520.84,498.421
6,24,16,709,106,26,0.3,0.15,467.024,42.39,370.722,353.623
6,24,17,585,86,25,0.3,0.15,251.701,33.379,185.904,175.353
6,24,18,363,53,22,0.3,0.15,66.228,23.915,43.009,37.522
6,24,19,0,0,19,0.3,0.15,0,0,0,0
6,24,20,0,0,18,0.3,0.15,0,18,0,0
6,24,21,0,0,17,0.3,0.15,0,17,0,0
6,24,22,0,0,17,0.3,0.15,0,17,0,0
6,24,23,0,0,16,0.3,0.15,0,16,0,0
6,25,0,0,0,16,0.3,0.15,0,16,0,0
6,25,1,0,0,16,0.3,0.15,0,16,0,0
6,25,2,0,0,16,0.3,0.15,0,16,0,0
6,25,3,0,0,17,0.3,0.15,0,17,0,0
6,25,4,0,0,17,0.3,0.15,0,17,0,0
6,25,5,0,3,18,0.3,0.15,2.918,18.101,2.001,0
6,25,6,0,39,19,0.3,0.15,38.079,20.327,30.012,24.985
6,25,7,0,91,20,0.3,0.15,89.089,23.095,71.216,64.729
6,25,8,0,92,22,0.3,0.15,90.185,25.122,70.679,64.211
6,25,9,59,355,24,0.3,0.15,406.515,38.131,318.032,302.799
6,25,10,9,217,25,0.3,0.15,223.042,32.708,173.444,163.335
6,25,11,0,108,26,0.3,0.15,106.409,29.666,81.037,74.202
6,25,12,32,386,27,0.3,0.15,426.058,41.774,325.945,310.432
6,25,13,51,402,28,0.4,0.15,457.489,43.418,349.478,333.131
6,25,14,121,392,28,0.4,0.15,504.527,45.061,386.786,369.117
6,25,15,107,315,27,0.4,0.15,388.39,40.134,303.766,289.039
6,25,16,143,231,27,0.4,0.15,300.298,37.151,238.17,225.767
6,25,17,221,170,26,0.3,0.15,225.422,33.696,174.449,164.304
6,25,18,91,72,24,0.2,0.15,69.801,26.38,51.976,46.171
6,25,19,0,0,22,0.2,0.14,0,0,0,0
6,25,20,0,0,21,0.3,0.14,0,21,0,0
6,25,21,0,0,21,0.2,0.14,0,21,0,0
6,25,22,0,0,20,0.2,0.14,0,20,0,0
6,25,23,0,0,20,0.2,0.14,0,20,0,0
6,26,0,0,0,19,0.2,0.14,0,19,0,0
6,26,1,0,0,19,0.2,0.14,0,19,0,0
6,26,2,0,0,19,0.5,0.14,0,19,0,0
6,26,3,0,0,19,0.7,0.14,0,19,0,0
6,26,4,0,0,20,0.5,0.14,0,20,0,0
6,26,5,106,51,22,0.2,0.14,46.189,23.557,34.655,29.464
6,26,6,164,128,24,0.1,0.14,163.64,29.946,126.185,117.751
6,26,7,288,203,26,0.1,0.14,337.143,38.556,266.974,253.55
6,26,8,539,230,29,0,0.14,600.265,52.3,457.739,437.556
6,26,9,611,251,30,0,0.14,779.116,60.297,573.551,549.264
6,26,10,608,295,31,0.1,0.14,897.192,64.799,645.64,618.799
6,26,11,629,302,32,0.2,0.14,968.821,67.311,688.703,660.336
6,26,12,631,302,32,0.2,0.14,973.905,67.498,691.696,663.222
6,26,13,563,330,32,0.3,0.14,897.628,63.695,647.983,621.059
6,26,14,516,317,32,0.3,0.14,776.379,59.364,571.927,547.698
6,26,15,450,287,31,0.3,0.14,609.743,52.469,463.083,442.711
6,26,16,342,245,30,0.3,0.14,414.979,44.537,323.765,308.329
6,26,17,228,170,28,0.3,0.14,226.738,35.766,173.896,163.77
6,26,18,93,72,26,0.2,0.14,69.627,28.384,51.322,45.54
6,26,19,0,0,24,0.2,0.14,0,0,0,0
6,26,20,0,0,23,0.3,0.14,0,23,0,0
6,26,21,0,0,23,0.3,0.14,0,23,0,0
6,26,22,0,0,22,0.3,0.14,0,22,0,0
6,26,23,0,0,22,0.2,0.14,0,22,0,0
6,27,0,0,0,22,0.2,0.14,0,22,0,0
6,27,1,0,0,21,0.2,0.14,0,21,0,0
6,27,2,0,0,21,0.2,0.14,0,21,0,0
6,27,3,0,0,21,0.2,0.14,0,21,0,0
6,27,4,0,0,21,0.2,0.14,0,21,0,0
6,27,5,93,59,23,0.2,0.14,53.626,24.837,40.499,35.1
6,27,6,211,125,25,0.3,0.14,172.484,30.842,131.47,122.848
6,27,7,366,219,28,0.2,0.14,389.021,42.034,305.209,290.431
6,27,8,313,284,29,0.2,0.14,498.231,47.054,384.577,366.986
6,27,9,336,354,30,0.2,0.14,646.299,53.434,485.102,463.949
6,27,10,464,357,31,0.3,0.14,822.266,59.994,601.546,576.267
6,27,11,261,465,31,0.4,0.14,754.863,56.69,555.045,531.414
6,27,12,524,370,31,0.5,0.14,933.606,62.019,676.903,648.954
6,27,13,429,372,31,0.5,0.14,811.467,57.91,597.965,572.813
6,27,14,500,317,31,0.5,0.14,762.964,56.324,568.9,544.778
6,27,15,455,276,30,0.4,0.14,602.769,50.593,461.321,441.011
6,27,16,366,200,29,0.4,0.14,383.507,42.043,301.855,287.196
6,27,17,197,138,28,0.3,0.14,189.089,34.462,144.605,135.517
6,27,18,43,67,26,0.2,0.14,64.025,28.242,48.071,42.404
6,27,19,0,0,24,0.2,0.14,0,0,0,0
6,27,20,0,0,23,0.3,0.14,0,23,0,0
6,27,21,0,0,23,0.3,0.14,0,23,0,0
6,27,22,0,0,23,0.3,0.14,0,23,0,0
6,27,23,0,0,23,0.3,0.14,0,23,0,0
6,28,0,0,0,22,0.2,0.14,0,22,0,0
6,28,1,0,0,22,0.2,0.14,0,22,0,0
6,28,2,0,0,22,0.2,0.14,0,22,0,0
6,28,3,0,0,22,0.2,0.14,0,22,0,0
6,28,4,0,0,22,0.2,0.14,0,22,0,0
6,28,5,137,59,22,0.3,0.14,52.785,23.717,39.878,34.502
6,28,6,340,127,24,0.3,0.14,206.266,30.931,155.17,145.709
6,28,7,418,197,25,0.4,0.14,393.828,38.356,313.712,298.633
6,28,8,539,222,27,0.5,0.14,591.532,46.641,461.5,441.184
6,28,9,424,317,28,0.5,0.14,687.198,50.788,523.101,500.602
6,28,10,291,425,29,0.5,0.14,720.96,52.858,539.958,516.861
6,28,11,316,454,29,0.5,0.14,799.589,55.448,592.224,567.275
6,28,12,247,471,30,0.5,0.14,747.976,54.722,554.053,530.458
6,28,13,557,323,29,0.5,0.14,886.07,58.44,653.791,626.661
6,28,14,132,395,28,0.5,0.14,515.986,44.989,396.053,378.056
6,28,15,209,317,27,0.5,0.14,464.546,42.338,363.158,346.326
6,28,16,71,223,26,0.4,0.14,253.845,34.597,201.893,190.776
6,28,17,333,123,25,0.3,0.14,214.488,32.264,163.155,153.411
6,28,18,175,65,24,0.2,0.14,67.547,26.228,48.029,42.363
6,28,19,0,0,23,0.2,0.14,0,0,0,0
6,28,20,0,0,22,0.2,0.14,0,22,0,0
6,28,21,0,0,22,0.2,0.14,0,22,0,0
6,28,22,0,0,22,0.2,0.14,0,22,0,0
6,28,23,0,0,21,0.2,0.14,0,21,0,0
6,29,0,0,0,21,0.2,0.14,0,21,0,0
6,29,1,0,0,20,0.2,0.14,0,20,0,0
6,29,2,0,0,20,0.2,0.14,0,20,0,0
6,29,3,0,0,19,0.2,0.14,0,19,0,0
6,29,4,0,0,19,0.2,0.14,0,19,0,0
6,29,5,0,7,19,0.3,0.14,6.79,19.236,4.82,0.685
6,29,6,0,9,20,0.4,0.14,8.742,20.297,6.43,2.239
6,29,7,0,112,21,0.4,0.14,109.181,24.691,87.463,80.4
6,29,8,0,76,23,0.3,0.14,74.218,25.577,57.587,51.583
6,29,9,44,337,24,0.3,0.14,374.512,37.044,293.41,279.049
6,29,10,18,302,25,0.2,0.14,315.714,36.305,245.114,232.465
6,29,11,13,264,25,0.2,0.14,274.315,34.809,212.619,201.121
6,29,12,15,291,25,0.2,0.14,303.527,35.856,235.062,222.77
6,29,13,22,332,25,0.2,0.14,350.144,37.538,271.305,257.728
6,29,14,82,380,24,0.2,0.14,452.395,40.283,351.981,335.545
6,29,15,99,314,24,0.2,0.14,381.068,37.74,300.615,286
6,29,16,241,223,24,0.1,0.14,343.71,36.812,274.747,261.048
6,29,17,50,137,23,0.1,0.14,145.835,28.387,116.119,108.041
6,29,18,6,59,22,0.3,0.14,56.184,23.944,43.511,38.006
6,29,19,0,0,21,0.5,0.14,0,0,0,0
6,29,20,0,0,19,0.5,0.14,0,19,0,0
6,29,21,0,0,18,0.3,0.14,0,18,0,0
6,29,22,0,0,18,0.3,0.14,0,18,0,0
6,29,23,0,0,17,0.4,0.14,0,17,0,0
6,30,0,0,0,17,0.5,0.14,0,17,0,0
6,30,1,0,0,17,0.4,0.14,0,17,0,0
6,30,2,0,0,17,0.2,0.14,0,17,0,0
6,30,3,0,0,16,0.2,0.14,0,16,0,0
6,30,4,0,0,16,0.2,0.14,0,16,0,0
6,30,5,152,49,17,0.3,0.14,44.617,18.437,34.256,29.078
6,30,6,61,125,19,0.3,0.14,134.545,23.645,108.147,100.352
6,30,7,440,169,21,0.4,0.14,376.201,33.762,304.688,289.928
6,30,8,713,151,22,0.5,0.14,637.308,43.241,506.491,484.58
6,30,9,789,154,23,0.4,0.14,826.19,51.383,633.64,607.224
6,30,10,513,345,24,0.3,0.14,856.598,54.226,642.587,615.854
6,30,11,528,374,25,0.2,0.14,939.055,59.18,689.098,660.717
6,30,12,459,400,26,0.1,0.14,897.905,59.726,656.21,628.994
6,30,13,203,450,27,0.1,0.14,660.611,51.653,494.996,473.492
6,30,14,470,308,26,0.1,0.14,729.074,53.377,549.709,526.267
6,30,15,222,315,26,0.1,0.14,471.98,43.639,367.359,350.379
6,30,16,225,226,25,0.2,0.14,336.419,37.153,268.304,254.834
6,30,17,306,127,24,0.2,0.14,210.428,31.377,161.163,151.488
6,30,18,196,63,21,0.5,0.14,67.275,23.009,47.875,42.215
6,30,19,0,0,19,0.5,0.14,0,0,0,0
6,30,20,0,0,17,0.3,0.14,0,17,0,0
6,30,21,0,0,17,0.2,0.14,0,17,0,0
6,30,22,0,0,16,0.2,0.14,0,16,0,0
6,30,23,0,0,16,0.3,0.14,0,16,0,0
7,1,0,0,0,15,0.3,0.14,0,15,0,0
7,1,1,0,0,14,0.3,0.14,0,14,0,0
7,1,2,0,0,13,0.3,0.14,0,13,0,0
7,1,3,0,0,13,0.3,0.14,0,13,0,0
7,1,4,0,0,13,0.3,0.14,0,13,0,0
7,1,5,385,42,15,0.4,0.14,40.727,16.142,31.029,25.966
7,1,6,652,69,17,0.5,0.14,228.118,24.015,166.868,156.991
7,1,7,794,81,18,0.6,0.14,456.138,32.639,373.264,356.074
7,1,8,863,93,20,0.6,0.14,676.157,41.945,542.085,518.913
7,1,9,903,102,21,0.6,0.14,863.902,49.047,670.313,642.598
7,1,10,914,114,22,0.6,0.14,994.118,54.31,752.029,721.418
7,1,11,183,476,22,0.5,0.14,679.445,44.405,522.942,500.449
7,1,12,922,118,23,0.5,0.14,1070.885,58.797,793.44,761.361
7,1,13,460,365,23,0.5,0.14,835.373,50.717,634.41,607.966
7,1,14,501,298,23,0.4,0.14,745.933,48.508,574.076,549.771
7,1,15,830,108,22,0.4,0.14,698.773,46.027,550.403,526.936
7,1,16,762,95,22,0.4,0.14,485.052,38.576,391.77,373.924
7,1,17,58,138,21,0.3,0.14,149.139,26.166,119.73,111.524
7,1,18,423,50,18,0.4,0.14,68.425,19.882,43.521,38.015
7,1,19,0,0,16,0.5,0.14,0,0,0,0
7,1,20,0,0,15,0.3,0.14,0,15,0,0
7,1,21,0,0,15,0.2,0.14,0,15,0,0
7,1,22,0,0,14,0.3,0.14,0,14,0,0
7,1,23,0,0,13,0.3,0.14,0,13,0,0
7,2,0,0,0,12,0.3,0.14,0,12,0,0
7,2,1,0,0,11,0.3,0.14,0,11,0,0
7,2,2,0,0,11,0.3,0.14,0,11,0,0
7,2,3,0,0,10,0.3,0.14,0,10,0,0
7,2,4,0,0,10,0.3,0.14,0,10,0,0
7,2,5,405,40,12,0.4,0.14,38.555,13.067,29.918,24.894
7,2,6,655,67,15,0.5,0.14,226.566,21.947,166.656,156.787
7,2,7,356,187,17,0.6,0.14,351.671,28.254,290.182,275.936
7,2,8,858,94,19,0.6,0.14,673.247,40.85,542.007,518.838
7,2,9,904,100,20,0.6,0.14,862.231,47.995,671.852,644.082
7,2,10,921,108,21,0.5,0.14,994.369,54.262,752.508,721.88
7,2,11,307,450,22,0.5,0.14,786.096,48.014,599.718,574.504
7,2,12,251,468,23,0.4,0.14,749.506,48.518,569.363,545.225
7,2,13,19,309,23,0.4,0.14,324.221,33.912,254.192,241.221
7,2,14,870,118,23,0.3,0.14,875.453,54.037,664.892,637.369
7,2,15,823,111,23,0.3,0.14,697.399,47.717,545.586,522.29
7,2,16,776,90,22,0.3,0.14,487.341,39.173,392.87,374.986
7,2,17,659,74,21,0.3,0.14,262.808,29.769,196.2,185.284
7,2,18,445,47,19,0.5,0.14,66.918,20.755,41.512,36.078
7,2,19,0,0,18,0.6,0.14,0,0,0,0
7,2,20,0,0,18,0.6,0.14,0,18,0,0
7,2,21,0,0,17,0.6,0.14,0,17,0,0
7,2,22,0,0,16,0.6,0.14,0,16,0,0
7,2,23,0,0,15,0.8,0.14,0,15,0,0
7,3,0,0,0,14,0.9,0.14,0,14,0,0
7,3,1,0,0,12,0.8,0.14,0,12,0,0
7,3,2,0,0,12,0.7,0.14,0,12,0,0
7,3,3,0,0,11,0.6,0.14,0,11,0,0
7,3,4,0,0,12,0.4,0.14,0,12,0,0
7,3,5,226,45,14,0.2,0.14,39.501,15.259,30.814,25.759
7,3,6,622,71,17,0.1,0.14,221.667,24.704,161.789,152.093
7,3,7,748,91,20,0.1,0.14,443.542,36.566,357.104,340.487
7,3,8,816,107,22,0,0.14,659.165,47.73,516.101,493.85
7,3,9,856,120,23,0,0.14,842.426,55.89,635.455,608.975
7,3,10,871,133,24,0,0.14,973.259,62.001,713.003,683.775
7,3,11,882,138,25,0.1,0.14,1045.546,64.533,756.187,725.429
7,3,12,871,145,26,0.2,0.14,1046.406,64.301,757.253,726.457
7,3,13,848,148,26,0.3,0.14,980.914,60.767,721.571,692.039
7,3,14,318,369,26,0.3,0.14,655.698,49.033,500.438,478.742
7,3,15,541,217,25,0.4,0.14,606.119,45.751,474.235,453.467
7,3,16,633,137,24,0.4,0.14,462.115,39.768,370.502,353.41
7,3,17,491,110,22,0.3,0.14,248.094,30.366,188.217,177.584
7,3,18,173,66,19,0.2,0.14,68.587,21.267,49.844,44.115
7,3,19,0,0,18,0.2,0.14,0,0,0,0
7,3,20,0,0,18,0.3,0.14,0,18,0,0
7,3,21,0,0,17,0.3,0.14,0,17,0,0
7,3,22,0,0,17,0.3,0.14,0,17,0,0
7,3,23,0,0,17,0.3,0.14,0,17,0,0
7,4,0,0,0,17,0.4,0.14,0,17,0,0
7,4,1,0,0,17,0.4,0.14,0,17,0,0
7,4,2,0,0,16,0.4,0.14,0,16,0,0
7,4,3,0,0,16,0.4,0.14,0,16,0,0
7,4,4,0,0,16,0.5,0.14,0,16,0,0
7,4,5,0,35,16,0.5,0.14,33.938,17.107,26.132,21.243
7,4,6,0,92,17,0.6,0.14,88.967,19.844,72.866,66.32
7,4,7,29,188,18,0.7,0.14,197.107,24.117,161.974,152.271
7,4,8,58,281,19,0.7,0.14,317.021,28.849,257.553,244.463
7,4,9,114,378,20,0.6,0.14,479.786,35.346,382.044,364.543
7,4,10,33,363,21,0.5,0.14,398.388,34.052,314.539,299.43
7,4,11,27,368,22,0.5,0.14,401.089,35.134,314.465,299.359
7,4,12,12,246,22,0.6,0.14,255.453,30.101,201.196,190.103
7,4,13,14,277,23,0.7,0.14,287.357,31.87,226.157,214.18
7,4,14,35,331,24,0.7,0.14,362.419,35.232,285.257,271.186
7,4,15,6,195,24,0.7,0.14,195.204,30.04,154.534,145.095
7,4,16,0,39,23,0.6,0.14,37.996,24.211,29.066,24.072
7,4,17,0,28,22,0.5,0.14,27.233,22.897,20.881,16.177
7,4,18,0,3,21,0.5,0.14,2.909,21.095,1.981,0
7,4,19,0,0,21,0.5,0.14,0,0,0,0
7,4,20,0,0,20,0.6,0.14,0,20,0,0
7,4,21,0,0,20,0.6,0.14,0,20,0,0
7,4,22,0,0,20,0.5,0.14,0,20,0,0
7,4,23,0,0,20,0.5,0.14,0,20,0,0
7,5,0,0,0,20,0.4,0.14,0,20,0,0
7,5,1,0,0,20,0.4,0.14,0,20,0,0
7,5,2,0,0,19,0.4,0.14,0,19,0,0
7,5,3,0,0,19,0.4,0.14,0,19,0,0
7,5,4,0,0,19,0.4,0.14,0,19,0,0
7,5,5,0,28,20,0.4,0.14,27.244,20.915,20.405,15.718
7,5,6,80,124,20,0.5,0.14,137.824,24.468,109.854,101.997
7,5,7,7,162,21,0.5,0.14,160.799,26.281,130.035,121.464
7,5,8,0,71,21,0.5,0.14,69.321,23.268,54.177,48.294
7,5,9,20,282,22,0.5,0.14,294.469,31.638,233.676,221.433
7,5,10,96,430,22,0.5,0.14,527.478,39.333,412.044,393.48
7,5,11,87,458,23,0.5,0.14,555.556,41.249,429.934,410.736
7,5,12,105,469,24,0.5,0.14,586.222,43.269,450.793,430.857
7,5,13,107,443,25,0.6,0.14,553.882,42.692,427.341,408.235
7,5,14,196,395,25,0.5,0.14,571.769,43.87,442.787,423.134
7,5,15,0,106,24,0.4,0.14,103.622,27.489,80.775,73.949
7,5,16,0,137,23,0.3,0.14,133.571,27.653,106.362,98.629
7,5,17,0,31,22,0.3,0.14,30.156,23.054,23.216,18.43
7,5,18,0,22,21,0.2,0.14,21.381,21.768,16.039,11.507
7,5,19,0,0,21,0.2,0.14,0,0,0,0
7,5,20,0,0,21,0.3,0.14,0,21,0,0
7,5,21,0,0,21,0.3,0.14,0,21,0,0
7,5,22,0,0,21,0.3,0.14,0,21,0,0
7,5,23,0,0,20,0.2,0.14,0,20,0,0
7,6,0,0,0,20,0.2,0.14,0,20,0,0
7,6,1,0,0,19,0.2,0.14,0,19,0,0
7,6,2,0,0,19,0.2,0.14,0,19,0,0
7,6,3,0,0,18,0.2,0.14,0,18,0,0
7,6,4,0,0,18,0.2,0.14,0,18,0,0
7,6,5,208,50,19,0.3,0.14,43.312,20.361,33.231,28.09
7,6,6,482,93,21,0.3,0.14,205.852,27.787,151.238,141.915
7,6,7,626,122,23,0.4,0.14,415.329,37.104,332.851,317.093
7,6,8,160,302,25,0.4,0.14,409.027,38.897,323.234,307.817
7,6,9,782,147,26,0.5,0.14,811.096,53.062,618.027,592.164
7,6,10,778,178,27,0.5,0.14,936.277,58.231,695.544,666.935
7,6,11,797,181,27,0.5,0.14,1010.739,60.742,741.632,711.39
7,6,12,804,178,28,0.5,0.14,1019.991,62.053,744.28,713.944
7,6,13,778,182,28,0.5,0.14,955.249,59.862,704.424,675.5
7,6,14,756,169,27,0.5,0.14,834.407,54.844,630.203,603.909
7,6,15,718,149,27,0.5,0.14,663.976,49.157,515.175,492.957
7,6,16,594,146,26,0.4,0.14,452.113,41.422,359.848,343.134
7,6,17,462,113,25,0.3,0.14,243.028,33.206,182.763,172.323
7,6,18,260,62,22,0.5,0.14,69.049,24,47.371,41.729
7,6,19,0,0,20,0.7,0.14,0,0,0,0
7,6,20,0,0,19,0.6,0.14,0,19,0,0
7,6,21,0,0,19,0.4,0.14,0,19,0,0
7,6,22,0,0,18,0.2,0.14,0,18,0,0
7,6,23,0,0,17,0.2,0.14,0,17,0,0
7,7,0,0,0,17,0.2,0.14,0,17,0,0
7,7,1,0,0,16,0.2,0.14,0,16,0,0
7,7,2,0,0,15,0.2,0.14,0,15,0,0
7,7,3,0,0,15,0.2,0.14,0,15,0,0
7,7,4,0,0,16,0.2,0.14,0,16,0,0
7,7,5,288,44,18,0.2,0.14,39.174,19.227,30.053,25.024
7,7,6,272,113,20,0.3,0.14,173.571,25.83,132.539,123.879
7,7,7,383,178,23,0.3,0.14,355.92,35.438,285.684,271.597
7,7,8,410,255,25,0.4,0.14,535.092,43.279,421.29,402.398
7,7,9,824,131,26,0.5,0.14,829.066,53.679,630.73,604.417
7,7,10,865,131,27,0.6,0.14,964.848,58.313,717.804,688.406
7,7,11,876,135,28,0.6,0.14,1036.503,61.66,758.814,727.963
7,7,12,875,137,28,0.6,0.14,1043.15,61.875,762.796,731.804
7,7,13,862,134,28,0.6,0.14,981.485,59.851,725.054,695.399
7,7,14,836,127,28,0.5,0.14,856.34,56.613,643.297,616.539
7,7,15,790,118,28,0.5,0.14,683.232,50.801,527.632,504.973
7,7,16,702,108,27,0.4,0.14,468.698,43.017,371.687,354.553
7,7,17,575,87,25,0.3,0.14,251.856,33.45,186.736,176.155
7,7,18,349,53,23,0.5,0.14,66.281,24.834,42.675,37.2
7,7,19,0,0,21,0.8,0.14,0,0,0,0
7,7,20,0,0,20,0.7,0.14,0,20,0,0
7,7,21,0,0,19,0.5,0.14,0,19,0,0
7,7,22,0,0,19,0.3,0.14,0,19,0,0
7,7,23,0,0,18,0.3,0.14,0,18,0,0
7,8,0,0,0,18,0.3,0.14,0,18,0,0
7,8,1,0,0,17,0.3,0.14,0,17,0,0
7,8,2,0,0,17,0.2,0.14,0,17,0,0
7,8,3,0,0,17,0.2,0.14,0,17,0,0
7,8,4,0,0,17,0.2,0.14,0,17,0,0
7,8,5,255,45,19,0.2,0.14,39.663,20.258,30.265,25.229
7,8,6,505,88,22,0.2,0.14,206.786,29.009,150.312,141.022
7,8,7,606,129,25,0.3,0.14,411.985,39.418,327.002,311.452
7,8,8,696,151,27,0.4,0.14,622.251,48.362,484.608,463.473
7,8,9,751,166,28,0.5,0.14,804.173,54.817,608.023,582.515
7,8,10,738,206,29,0.5,0.14,930.49,60.021,685.562,657.306
7,8,11,760,207,30,0.5,0.14,999.667,63.355,725.051,695.396
7,8,12,771,201,31,0.5,0.14,1010.085,64.708,728.442,698.666
7,8,13,706,232,31,0.5,0.14,941.549,62.371,685.996,657.724
7,8,14,685,212,31,0.5,0.14,820.36,58.346,609.734,584.165
7,8,15,339,290,31,0.4,0.14,534.43,49.229,409.32,390.853
7,8,16,422,186,30,0.4,0.14,402.761,43.714,315.894,300.737
7,8,17,305,126,28,0.3,0.14,209.769,35.14,158.31,148.737
7,8,18,240,64,25,0.4,0.14,69.597,27.096,47.698,42.045
7,8,19,0,0,23,0.5,0.14,0,0,0,0
7,8,20,0,0,22,0.4,0.14,0,22,0,0
7,8,21,0,0,21,0.3,0.14,0,21,0,0
7,8,22,0,0,21,0.3,0.14,0,21,0,0
7,8,23,0,0,20,0.3,0.14,0,20,0,0
7,9,0,0,0,20,0.2,0.14,0,20,0,0
7,9,1,0,0,19,0.2,0.14,0,19,0,0
7,9,2,0,0,19,0.4,0.14,0,19,0,0
7,9,3,0,0,19,0.7,0.14,0,19,0,0
7,9,4,0,0,19,0.6,0.14,0,19,0,0
7,9,5,183,49,21,0.3,0.14,43.82,22.404,33.203,28.063
7,9,6,422,104,24,0.1,0.14,200.279,31.072,146.563,137.406
7,9,7,303,193,26,0.1,0.14,330.995,38.327,262.001,248.753
7,9,8,609,191,29,0.2,0.14,604.645,51.043,464.716,444.286
7,9,9,677,210,31,0.3,0.14,789.536,58.921,585.908,561.183
7,9,10,679,247,32,0.4,0.14,916.484,63.438,664.782,637.262
7,9,11,399,404,32,0.5,0.14,832.797,59.611,608.151,582.638
7,9,12,443,398,33,0.5,0.14,881.265,62.253,637.17,610.629
7,9,13,532,345,33,0.5,0.14,887.112,62.467,643.373,616.612
7,9,14,605,265,33,0.5,0.14,804.963,59.792,593.497,568.504
7,9,15,555,235,33,0.4,0.14,635.59,54.759,479.913,458.944
7,9,16,485,192,32,0.4,0.14,440.641,47.013,342.112,326.026
7,9,17,365,139,30,0.4,0.14,239.261,37.894,178.97,168.665
7,9,18,184,69,27,0.6,0.14,71.606,29.098,50.298,44.552
7,9,19,0,0,25,0.8,0.14,0,0,0,0
7,9,20,0,0,23,0.6,0.14,0,23,0,0
7,9,21,0,0,23,0.3,0.14,0,23,0,0
7,9,22,0,0,23,0.3,0.14,0,23,0,0
7,9,23,0,0,22,0.3,0.14,0,22,0,0
7,10,0,0,0,22,0.2,0.14,0,22,0,0
7,10,1,0,0,22,0.2,0.14,0,22,0,0
7,10,2,0,0,22,0.2,0.14,0,22,0,0
7,10,3,0,0,22,0.2,0.14,0,22,0,0
7,10,4,0,0,22,0.2,0.14,0,22,0,0
7,10,5,99,50,24,0.2,0.14,45.045,25.538,33.637,28.481
7,10,6,292,130,26,0.1,0.14,193.013,32.916,144.074,135.006
7,10,7,423,191,28,0.1,0.14,385.821,42.373,301.951,287.289
7,10,8,517,232,31,0.2,0.14,582.315,52.198,444.205,424.501
7,10,9,572,264,32,0.3,0.14,754.962,58.651,559.35,535.567
7,10,10,507,354,33,0.3,0.14,860.541,63.337,621.802,595.805
7,10,11,423,396,33,0.3,0.14,855.484,63.143,616.007,590.216
7,10,12,501,387,33,0.4,0.14,929.788,64.811,666.035,638.471
7,10,13,377,452,32,0.4,0.14,840.43,60.661,611.491,585.86
7,10,14,2,152,31,0.5,0.14,150.833,35.923,114.428,106.41
7,10,15,11,217,30,0.5,0.14,220.499,37.223,170.436,160.433
7,10,16,54,215,29,0.4,0.14,238.188,37.066,187.127,176.533
7,10,17,209,136,28,0.3,0.14,191.686,34.557,146.471,137.317
7,10,18,72,65,26,0.3,0.14,62.927,28.1,46.382,40.775
7,10,19,0,0,24,0.3,0.14,0,0,0,0
7,10,20,0,0,24,0.2,0.14,0,24,0,0
7,10,21,0,0,23,0.2,0.14,0,23,0,0
7,10,22,0,0,23,0.2,0.14,0,23,0,0
7,10,23,0,0,22,0.2,0.14,0,22,0,0
7,11,0,0,0,22,0.2,0.14,0,22,0,0
7,11,1,0,0,22,0.2,0.14,0,22,0,0
7,11,2,0,0,22,0.2,0.14,0,22,0,0
7,11,3,0,0,22,0.2,0.14,0,22,0,0
7,11,4,0,0,22,0.2,0.14,0,22,0,0
7,11,5,74,48,23,0.3,0.14,43.167,24.437,32.272,27.165
7,11,6,115,121,25,0.4,0.14,142.701,29.731,110.264,102.393
7,11,7,431,181,26,0.4,0.14,379.064,38.868,300.648,286.032
7,11,8,105,295,27,0.4,0.14,361.983,39.281,284.195,270.162
7,11,9,30,309,28,0.4,0.14,334.778,39.305,259.036,245.894
7,11,10,108,432,29,0.4,0.14,541.378,47.333,410.276,391.775
7,11,11,280,443,30,0.5,0.14,752.521,54.896,557.988,534.253
7,11,12,71,447,30,0.5,0.14,529.129,47.371,398.927,380.828
7,11,13,259,438,29,0.5,0.14,711.171,52.517,532.63,509.793
7,11,14,0,95,28,0.5,0.14,92.973,31.032,70.502,64.041
7,11,15,0,133,27,0.4,0.14,130.118,31.383,100.778,93.244
7,11,16,0,105,26,0.3,0.14,102.46,29.569,80.081,73.28
7,11,17,115,140,25,0.3,0.14,168.013,30.789,131.637,123.009
7,11,18,0,2,24,0.2,0.14,1.939,24.07,1.268,0
7,11,19,0,0,23,0.2,0.15,0,0,0,0
7,11,20,0,0,22,0.2,0.15,0,22,0,0
7,11,21,0,0,22,0.3,0.15,0,22,0,0
7,11,22,0,0,22,0.3,0.15,0,22,0,0
7,11,23,0,0,21,0.4,0.15,0,21,0,0
7,12,0,0,0,20,0.4,0.15,0,20,0,0
7,12,1,0,0,19,0.4,0.15,0,19,0,0
7,12,2,0,0,18,0.4,0.15,0,18,0,0
7,12,3,0,0,17,0.3,0.15,0,17,0,0
7,12,4,0,0,17,0.3,0.15,0,17,0,0
7,12,5,342,38,17,0.4,0.15,35.8,18.008,27.317,22.385
7,12,6,634,65,19,0.5,0.15,212.896,25.47,152.488,143.121
7,12,7,785,78,20,0.5,0.15,441.523,34.556,357.562,340.929
7,12,8,867,86,22,0.5,0.15,666.656,44.231,530.173,507.423
7,12,9,914,92,24,0.5,0.15,859.484,52.698,657.804,630.532
7,12,10,931,101,25,0.5,0.15,998.15,58.299,743.523,713.214
7,12,11,942,104,26,0.5,0.15,1074.262,61.86,786.61,754.773
7,12,12,943,104,26,0.5,0.15,1082.069,62.121,791.263,759.262
7,12,13,922,108,27,0.5,0.15,1015.702,60.904,747.81,717.349
7,12,14,897,103,27,0.5,0.15,887.355,56.617,667.428,639.815
7,12,15,855,96,26,0.5,0.15,707.221,49.574,549.808,526.362
7,12,16,779,87,25,0.4,0.15,488.338,41.685,390.188,372.398
7,12,17,642,74,24,0.3,0.15,258.722,32.642,191.141,180.405
7,12,18,380,50,21,0.5,0.15,66.236,22.788,42.379,36.914
7,12,19,0,0,19,0.6,0.15,0,0,0,0
7,12,20,0,0,18,0.5,0.15,0,18,0,0
7,12,21,0,0,18,0.3,0.15,0,18,0,0
7,12,22,0,0,18,0.2,0.15,0,18,0,0
7,12,23,0,0,18,0.3,0.15,0,18,0,0
7,13,0,0,0,18,0.3,0.15,0,18,0,0
7,13,1,0,0,18,0.3,0.15,0,18,0,0
7,13,2,0,0,18,0.2,0.15,0,18,0,0
7,13,3,0,0,17,0.2,0.15,0,17,0,0
7,13,4,0,0,17,0.2,0.15,0,17,0,0
7,13,5,90,46,19,0.2,0.15,41.941,20.424,31.757,26.668
7,13,6,448,98,21,0.3,0.15,199.488,27.557,146.734,137.571
7,13,7,489,150,24,0.3,0.15,375.486,37.114,299.718,285.134
7,13,8,437,240,25,0.3,0.15,538.147,43.923,423.195,404.236
7,13,9,540,268,26,0.3,0.15,733.285,51.843,558.234,534.49
7,13,10,413,366,27,0.4,0.15,785.224,53.766,588.8,563.973
7,13,11,396,404,28,0.5,0.15,832.269,55.537,618.085,592.221
7,13,12,373,419,27,0.5,0.15,827.685,54.373,617.027,591.2
7,13,13,117,443,27,0.6,0.15,573.301,45.3,438.343,418.847
7,13,14,35,330,26,0.5,0.15,363.172,37.88,282.981,268.99
7,13,15,51,289,26,0.5,0.15,324.572,36.636,255.498,242.482
7,13,16,14,182,25,0.4,0.15,185.024,31.242,147.237,138.056
7,13,17,114,139,24,0.3,0.15,167.286,29.75,131.612,122.985
7,13,18,0,12,22,0.3,0.15,11.687,22.405,8.466,4.202
7,13,19,0,0,20,0.5,0.15,0,0,0,0
7,13,20,0,0,19,0.4,0.15,0,19,0,0
7,13,21,0,0,19,0.2,0.15,0,19,0,0
7,13,22,0,0,19,0.2,0.15,0,19,0,0
7,13,23,0,0,18,0.2,0.15,0,18,0,0
7,14,0,0,0,17,0.2,0.15,0,17,0,0
7,14,1,0,0,16,0.2,0.15,0,16,0,0
7,14,2,0,0,15,0.2,0.15,0,15,0,0
7,14,3,0,0,15,0.3,0.15,0,15,0,0
7,14,4,0,0,16,0.3,0.15,0,16,0,0
7,14,5,253,41,18,0.1,0.15,36.755,19.186,27.802,22.853
7,14,6,510,84,21,0.1,0.15,201.303,27.995,145.625,136.501
7,14,7,688,100,24,0.2,0.15,417.472,39.067,331.601,315.887
7,14,8,760,120,25,0.3,0.15,631.456,47.328,494.876,473.377
7,14,9,800,138,26,0.4,0.15,815.561,54.008,619.57,593.653
7,14,10,808,160,27,0.5,0.15,946.932,58.57,703.136,674.258
7,14,11,790,188,27,0.5,0.15,1013.624,60.775,743.695,713.379
7,14,12,765,208,27,0.6,0.15,1014.411,59.834,746.581,716.163
7,14,13,729,218,27,0.6,0.15,952.384,57.815,707.568,678.532
7,14,14,300,372,27,0.6,0.15,646.897,47.763,496.041,474.5
7,14,15,563,208,27,0.5,0.15,616.387,47.459,479.565,458.609
7,14,16,486,185,26,0.5,0.15,435.485,40.39,347.233,330.966
7,14,17,397,110,25,0.4,0.15,222.03,32.271,167.739,157.832
7,14,18,159,66,23,0.3,0.15,67.58,25.164,48.571,42.886
7,14,19,0,0,21,0.3,0.15,0,21,0,0
7,14,20,0,0,21,0.3,0.15,0,21,0,0
7,14,21,0,0,20,0.4,0.15,0,20,0,0
7,14,22,0,0,20,0.4,0.15,0,20,0,0
7,14,23,0,0,20,0.3,0.15,0,20,0,0
7,15,0,0,0,19,0.3,0.15,0,19,0,0
7,15,1,0,0,19,0.3,0.15,0,19,0,0
7,15,2,0,0,19,0.3,0.15,0,19,0,0
7,15,3,0,0,18,0.3,0.15,0,18,0,0
7,15,4,0,0,19,0.3,0.15,0,19,0,0
7,15,5,169,45,21,0.4,0.15,40.645,22.252,30.374,25.334
7,15,6,214,112,23,0.5,0.15,157.262,27.974,119.52,111.321
7,15,7,507,159,25,0.5,0.15,391.681,37.884,312.023,297.003
7,15,8,360,262,28,0.5,0.15,505.132,44.707,394.788,376.836
7,15,9,681,202,29,0.5,0.15,784.697,55.115,591.793,566.86
7,15,10,672,244,30,0.5,0.15,908.058,60.211,667.73,640.106
7,15,11,370,417,31,0.6,0.15,819.687,57.343,603.809,578.45
7,15,12,459,396,31,0.6,0.15,898.528,59.954,656.321,629.101
7,15,13,327,422,31,0.6,0.15,763.509,55.517,566.525,542.487
7,15,14,339,360,30,0.6,0.15,668.482,51.475,505.833,483.946
7,15,15,537,216,29,0.5,0.15,605.804,49.117,467.835,447.294
7,15,16,317,207,28,0.4,0.15,368.906,40.53,291.894,277.588
7,15,17,143,166,27,0.3,0.15,200.543,33.89,156.062,146.568
7,15,18,61,64,25,0.3,0.15,61.392,27.046,45.595,40.016
7,15,19,0,0,23,0.5,0.15,0,23,0,0
7,15,20,0,0,23,0.6,0.15,0,23,0,0
7,15,21,0,0,23,0.7,0.15,0,23,0,0
7,15,22,0,0,22,0.7,0.15,0,22,0,0
7,15,23,0,0,21,0.7,0.15,0,21,0,0
7,16,0,0,0,20,0.6,0.15,0,20,0,0
7,16,1,0,0,20,0.4,0.15,0,20,0,0
7,16,2,0,0,20,0.2,0.15,0,20,0,0
7,16,3,0,0,19,0.2,0.15,0,19,0,0
7,16,4,0,0,19,0.2,0.15,0,19,0,0
7,16,5,0,23,20,0.3,0.15,22.444,20.771,16.362,11.818
7,16,6,0,29,22,0.4,0.15,28.294,22.957,21.752,17.018
7,16,7,0,98,24,0.3,0.15,95.892,27.333,75.712,69.066
7,16,8,0,66,26,0.2,0.15,64.631,28.31,49.334,43.623
7,16,9,27,299,27,0.1,0.15,323.282,38.963,250.25,237.419
7,16,10,583,298,28,0.1,0.15,877.319,60.97,641.75,615.047
7,16,11,575,329,29,0.1,0.15,944.147,64.493,678.832,650.814
7,16,12,425,396,28,0.1,0.15,863.878,60.402,629.298,603.036
7,16,13,477,382,28,0.1,0.15,874.382,60.793,637.808,611.245
7,16,14,430,320,27,0.1,0.15,711.904,53.688,535.656,512.712
7,16,15,352,283,27,0.1,0.15,538.777,47.169,416.496,397.775
7,16,16,4,164,26,0.1,0.15,162.451,32.018,128.186,119.681
7,16,17,0,54,25,0.1,0.15,52.774,26.96,40.99,35.574
7,16,18,0,6,24,0.1,0.15,5.839,24.216,4.039,0
7,16,19,0,0,22,0.2,0.15,0,22,0,0
7,16,20,0,0,21,0.3,0.15,0,21,0,0
7,16,21,0,0,20,0.2,0.15,0,20,0,0
7,16,22,0,0,20,0.2,0.15,0,20,0,0
7,16,23,0,0,19,0.2,0.15,0,19,0,0
7,17,0,0,0,19,0.3,0.15,0,19,0,0
7,17,1,0,0,19,0.4,0.15,0,19,0,0
7,17,2,0,0,18,0.3,0.15,0,18,0,0
7,17,3,0,0,18,0.2,0.15,0,18,0,0
7,17,4,0,0,18,0.2,0.15,0,18,0,0
7,17,5,99,42,19,0.3,0.15,37.361,20.207,27.903,22.951
7,17,6,354,110,22,0.3,0.15,186.944,28.201,139.043,130.153
7,17,7,608,122,25,0.3,0.15,401.8,39.041,318.729,303.471
7,17,8,723,134,28,0.4,0.15,619.697,49.273,481.528,460.502
7,17,9,792,139,29,0.3,0.15,809.252,57.651,605.73,580.303
7,17,10,835,140,30,0.2,0.15,945.795,64.564,685.547,657.292
7,17,11,848,144,31,0.1,0.15,1019.202,69.497,721.78,692.241
7,17,12,445,392,32,0.1,0.15,880.596,65.039,629.453,603.186
7,17,13,491,319,32,0.1,0.15,824.003,62.931,596.026,570.943
7,17,14,768,157,32,0.2,0.15,836.101,62.551,612.117,586.464
7,17,15,709,148,31,0.3,0.15,660.056,54.345,501.644,479.906
7,17,16,615,133,30,0.3,0.15,451.126,45.859,353.1,336.624
7,17,17,242,129,28,0.3,0.15,194.873,34.637,148.075,138.864
7,17,18,142,60,25,0.3,0.15,61.14,26.962,43.499,37.995
7,17,19,0,0,23,0.3,0.15,0,23,0,0
7,17,20,0,0,22,0.3,0.15,0,22,0,0
7,17,21,0,0,22,0.3,0.15,0,22,0,0
7,17,22,0,0,21,0.3,0.15,0,21,0,0
7,17,23,0,0,21,0.3,0.15,0,21,0,0
7,18,0,0,0,21,0.2,0.15,0,21,0,0
7,18,1,0,0,21,0.2,0.15,0,21,0,0
7,18,2,0,0,21,0.2,0.15,0,21,0,0
7,18,3,0,0,21,0.2,0.15,0,21,0,0
7,18,4,0,0,21,0.2,0.15,0,21,0,0
7,18,5,0,34,21,0.2,0.15,32.614,22.151,23.897,19.087
7,18,6,262,106,22,0.2,0.15,161.563,27.574,121.406,113.141
7,18,7,0,53,23,0.2,0.15,51.816,24.859,40.256,34.866
7,18,8,167,293,25,0.2,0.15,405.45,39.626,319.863,304.565
7,18,9,101,366,27,0.2,0.15,453.152,43.298,349.461,333.114
7,18,10,190,434,28,0.2,0.15,630.613,50.747,474.374,453.602
7,18,11,245,461,29,0.2,0.15,738.402,55.703,545.131,521.851
7,18,12,169,453,29,0.3,0.15,646.64,51.599,483.24,462.154
7,18,13,14,269,30,0.3,0.15,280.519,39.703,213.908,202.365
7,18,14,0,131,29,0.3,0.15,128.827,33.45,98.108,90.668
7,18,15,56,290,29,0.3,0.15,329.407,40.469,255.631,242.61
7,18,16,148,226,28,0.3,0.15,299.807,38.467,236.841,224.485
7,18,17,311,143,27,0.2,0.15,227.659,34.988,172.941,162.85
7,18,18,134,65,25,0.3,0.15,64.721,27.09,46.538,40.925
7,18,19,0,0,23,0.5,0.15,0,23,0,0
7,18,20,0,0,22,0.5,0.15,0,22,0,0
7,18,21,0,0,21,0.3,0.15,0,21,0,0
7,18,22,0,0,21,0.2,0.15,0,21,0,0
7,18,23,0,0,20,0.2,0.15,0,20,0,0
7,19,0,0,0,20,0.2,0.15,0,20,0,0
7,19,1,0,0,20,0.2,0.15,0,20,0,0
7,19,2,0,0,19,0.2,0.15,0,19,0,0
7,19,3,0,0,19,0.2,0.15,0,19,0,0
7,19,4,0,0,20,0.2,0.15,0,20,0,0
7,19,5,120,37,21,0.2,0.15,33.548,22.104,24.563,19.729
7,19,6,416,86,23,0.2,0.15,177.233,29.003,127.967,119.469
7,19,7,480,148,26,0.4,0.15,367.043,38.435,291.075,276.798
7,19,8,346,263,28,0.5,0.15,496.486,44.42,388.355,370.63
7,19,9,380,329,29,0.6,0.15,657.102,50.134,501.271,479.545
7,19,10,414,363,30,0.7,0.15,783.295,54.522,585.765,561.045
7,19,11,140,468,30,0.8,0.15,631.229,49.096,475.938,455.11
7,19,12,41,405,31,0.8,0.15,456.712,44.742,346.325,330.09
7,19,13,0,93,31,0.9,0.15,91.448,33.66,68.2,61.82
7,19,14,74,371,30,0.8,0.15,439.455,43.257,337.744,321.813
7,19,15,87,305,29,0.7,0.15,366.436,40.373,285.839,271.747
7,19,16,0,70,27,0.5,0.15,68.5,29.241,52.708,46.877
7,19,17,90,135,25,0.5,0.15,156.609,30.077,123.203,114.874
7,19,18,61,60,23,0.4,0.15,57.663,24.862,42.986,37.499
7,19,19,0,0,22,0.4,0.15,0,22,0,0
7,19,20,0,0,22,0.3,0.15,0,22,0,0
7,19,21,0,0,22,0.3,0.15,0,22,0,0
7,19,22,0,0,22,0.3,0.15,0,22,0,0
7,19,23,0,0,22,0.5,0.15,0,22,0,0
7,20,0,0,0,22,0.7,0.15,0,22,0,0
7,20,1,0,0,22,0.6,0.15,0,22,0,0
7,20,2,0,0,22,0.5,0.15,0,22,0,0
7,20,3,0,0,21,0.4,0.15,0,21,0,0
7,20,4,0,0,21,0.4,0.15,0,21,0,0
7,20,5,0,33,21,0.5,0.15,31.646,22.017,22.992,18.214
7,20,6,578,62,21,0.6,0.15,190.726,26.631,134.323,125.6
7,20,7,481,147,22,0.7,0.15,366.133,33.383,296.1,281.645
7,20,8,536,197,23,0.7,0.15,558.575,40.526,446.922,427.122
7,20,9,896,104,24,0.7,0.15,854.645,50.97,658.761,631.455
7,20,10,537,326,25,0.7,0.15,862.683,52.06,653.848,626.716
7,20,11,514,372,26,0.7,0.15,927.054,55.08,692.104,663.617
7,20,12,517,375,26,0.7,0.15,938.95,55.422,699.883,671.12
7,20,13,380,389,27,0.7,0.15,781.988,51.453,591.092,566.184
7,20,14,438,310,26,0.7,0.15,709.656,48.222,546.119,522.804
7,20,15,823,107,26,0.7,0.15,697.019,47.983,545.213,521.931
7,20,16,460,171,25,0.6,0.15,408.124,38.112,327.859,312.278
7,20,17,616,76,24,0.5,0.15,250.801,31.905,185.489,174.953
7,20,18,375,46,22,0.3,0.15,59.697,23.706,37.82,32.516
7,20,19,0,0,20,0.3,0.15,0,20,0,0
7,20,20,0,0,19,0.3,0.15,0,19,0,0
7,20,21,0,0,18,0.3,0.15,0,18,0,0
7,20,22,0,0,17,0.4,0.15,0,17,0,0
7,20,23,0,0,16,0.3,0.15,0,16,0,0
7,21,0,0,0,16,0.3,0.15,0,16,0,0
7,21,1,0,0,16,0.3,0.15,0,16,0,0
7,21,2,0,0,16,0.3,0.15,0,16,0,0
7,21,3,0,0,15,0.3,0.15,0,15,0,0
7,21,4,0,0,15,0.3,0.15,0,15,0,0
7,21,5,266,32,16,0.4,0.15,29.93,16.845,22.16,17.411
7,21,6,620,62,18,0.5,0.15,199.378,24.046,141.379,132.406
7,21,7,766,78,21,0.6,0.15,426.508,34.667,344.36,328.194
7,21,8,839,91,24,0.6,0.15,648.817,45.03,514.472,492.278
7,21,9,884,100,25,0.6,0.15,840.269,52.268,644.323,617.529
7,21,10,918,101,26,0.6,0.15,983.994,57.936,734.402,704.416
7,21,11,482,380,27,0.5,0.15,903.836,56.956,669.203,641.527
7,21,12,930,104,28,0.5,0.15,1070.438,63.725,777.836,746.31
7,21,13,25,338,29,0.5,0.15,368.297,41.034,282.108,268.148
7,21,14,356,351,28,0.5,0.15,675.176,50.328,513.797,491.628
7,21,15,363,277,28,0.5,0.15,540.819,45.902,420.55,401.684
7,21,16,622,121,27,0.4,0.15,441.696,42.076,350.942,334.543
7,21,17,655,67,25,0.3,0.15,252.327,33.428,184.425,173.927
7,21,18,275,48,23,0.2,0.15,55.315,24.702,36.474,31.218
7,21,19,0,0,21,0.2,0.15,0,21,0,0
7,21,20,0,0,21,0.2,0.15,0,21,0,0
7,21,21,0,0,21,0.3,0.15,0,21,0,0
7,21,22,0,0,20,0.3,0.15,0,20,0,0
7,21,23,0,0,19,0.3,0.15,0,19,0,0
7,22,0,0,0,18,0.4,0.15,0,18,0,0
7,22,1,0,0,18,0.4,0.15,0,18,0,0
7,22,2,0,0,17,0.3,0.15,0,17,0,0
7,22,3,0,0,16,0.3,0.15,0,16,0,0
7,22,4,0,0,16,0.3,0.15,0,16,0,0
7,22,5,38,34,18,0.4,0.15,31.372,19.006,22.877,18.103
7,22,6,647,52,20,0.6,0.15,196.076,25.75,136.478,127.678
7,22,7,307,181,23,0.7,0.15,318.716,32.901,257.275,244.195
7,22,8,818,101,24,0.6,0.15,646.2,44.942,512.354,490.236
7,22,9,866,111,26,0.6,0.15,835.983,53.143,638.578,611.987
7,22,10,891,120,27,0.5,0.15,978.153,59.655,724.556,694.918
7,22,11,470,380,28,0.5,0.15,891.817,57.554,658.542,631.243
7,22,12,161,470,28,0.5,0.15,657.608,49.627,495.442,473.923
7,22,13,884,127,28,0.5,0.15,999.09,61.372,734.077,704.102
7,22,14,466,301,27,0.5,0.15,724.981,51.035,552.254,528.722
7,22,15,148,311,26,0.5,0.15,419.899,39.825,330.392,314.721
7,22,16,335,198,25,0.4,0.15,368.792,37.538,295.51,281.076
7,22,17,514,86,23,0.3,0.15,231.202,30.761,172.741,162.656
7,22,18,188,54,21,0.3,0.15,57.266,22.802,40.301,34.91
7,22,19,0,0,20,0.2,0.15,0,20,0,0
7,22,20,0,0,19,0.2,0.15,0,19,0,0
7,22,21,0,0,19,0.3,0.15,0,19,0,0
7,22,22,0,0,18,0.3,0.15,0,18,0,0
7,22,23,0,0,18,0.2,0.15,0,18,0,0
7,23,0,0,0,18,0.2,0.15,0,18,0,0
7,23,1,0,0,18,0.2,0.15,0,18,0,0
7,23,2,0,0,17,0.2,0.15,0,17,0,0
7,23,3,0,0,17,0.3,0.15,0,17,0,0
7,23,4,0,0,17,0.3,0.15,0,17,0,0
7,23,5,0,10,17,0.4,0.15,9.738,17.322,6.731,2.529
7,23,6,0,76,19,0.6,0.15,73.925,21.357,59.71,53.631
7,23,7,0,45,20,0.8,0.15,43.976,21.325,34.463,29.278
7,23,8,44,259,20,0.8,0.15,287.205,28.662,233.089,220.866
7,23,9,0,138,20,0.8,0.15,135.704,24.064,107.867,100.081
7,23,10,11,235,20,0.8,0.15,243.177,27.287,194.074,183.234
7,23,11,16,301,20,0.8,0.15,315.995,29.468,251.545,238.669
7,23,12,0,136,20,0.8,0.15,134.205,24.008,105.681,97.973
7,23,13,11,230,21,0.8,0.15,238.526,28.146,189.415,178.74
7,23,14,26,306,21,0.8,0.15,331.783,30.978,264.914,251.564
7,23,15,17,236,21,0.8,0.15,244.554,28.356,196.844,185.906
7,23,16,748,86,21,0.7,0.15,469.212,35.722,383.357,365.809
7,23,17,628,69,20,0.6,0.15,245.673,27.514,183.767,173.291
7,23,18,396,41,18,0.4,0.15,54.427,19.474,34.275,29.097
7,23,19,0,0,16,0.3,0.15,0,16,0,0
7,23,20,0,0,16,0.2,0.15,0,16,0,0
7,23,21,0,0,15,0.2,0.15,0,15,0,0
7,23,22,0,0,14,0.2,0.15,0,14,0,0
7,23,23,0,0,14,0.2,0.15,0,14,0,0
7,24,0,0,0,14,0.3,0.15,0,14,0,0
7,24,1,0,0,14,0.4,0.15,0,14,0,0
7,24,2,0,0,14,0.6,0.15,0,14,0,0
7,24,3,0,0,14,0.7,0.15,0,14,0,0
7,24,4,0,0,14,0.5,0.15,0,14,0,0
7,24,5,175,36,16,0.2,0.15,32.106,17.008,23.371,18.58
7,24,6,286,98,19,0.2,0.15,157.421,24.408,118.222,110.069
7,24,7,359,170,22,0.2,0.15,330.624,33.913,266.054,252.663
7,24,8,723,131,24,0.3,0.15,614.162,45.743,484.329,463.204
7,24,9,499,273,25,0.4,0.15,703.418,49.065,541.284,518.141
7,24,10,756,189,27,0.4,0.15,926.577,58.826,687.008,658.701
7,24,11,768,198,28,0.5,0.15,1003.115,61.412,734.182,704.203
7,24,12,770,199,29,0.5,0.15,1012.681,62.731,736.923,706.847
7,24,13,735,209,29,0.5,0.15,949.96,60.672,698.024,669.327
7,24,14,691,204,29,0.5,0.15,822.061,56.363,616.664,590.85
7,24,15,610,198,28,0.5,0.15,640.623,49.322,495.835,474.302
7,24,16,289,205,27,0.4,0.15,352.412,38.973,280.205,266.313
7,24,17,375,125,25,0.3,0.15,227.831,32.718,172.582,162.504
7,24,18,160,58,23,0.3,0.15,58.69,24.873,41.768,36.325
7,24,19,0,0,21,0.3,0.15,0,21,0,0
7,24,20,0,0,20,0.3,0.15,0,20,0,0
7,24,21,0,0,19,0.3,0.15,0,19,0,0
7,24,22,0,0,19,0.2,0.15,0,19,0,0
7,24,23,0,0,18,0.2,0.15,0,18,0,0
7,25,0,0,0,17,0.2,0.15,0,17,0,0
7,25,1,0,0,17,0.2,0.15,0,17,0,0
7,25,2,0,0,17,0.2,0.15,0,17,0,0
7,25,3,0,0,17,0.2,0.15,0,17,0,0
7,25,4,0,0,17,0.2,0.15,0,17,0,0
7,25,5,135,36,19,0.3,0.15,32.861,20.029,23.42,18.627
7,25,6,407,93,22,0.4,0.15,179.014,27.71,130.096,121.523
7,25,7,549,136,24,0.4,0.15,383.49,37.007,305.99,291.184
7,25,8,648,161,26,0.4,0.15,595.982,46.439,467.766,447.228
7,25,9,714,176,27,0.4,0.15,784.037,53.9,595.23,570.176
7,25,10,698,220,28,0.4,0.15,907.844,59.161,671.374,643.621
7,25,11,347,424,29,0.4,0.15,806.04,56.442,595.861,570.784
7,25,12,432,387,30,0.5,0.15,864.572,58.658,634.853,608.394
7,25,13,474,351,30,0.5,0.15,842.35,57.925,622.156,596.147
7,25,14,279,369,30,0.5,0.15,627.508,50.734,475.328,454.522
7,25,15,373,270,29,0.5,0.15,540.832,46.909,419.181,400.364
7,25,16,560,138,28,0.5,0.15,426.547,42.124,338.217,322.269
7,25,17,0,83,27,0.4,0.15,80.928,29.735,63.342,57.134
7,25,18,163,56,25,0.3,0.15,56.826,26.81,39.938,34.559
7,25,19,0,0,23,0.3,0.15,0,23,0,0
7,25,20,0,0,22,0.3,0.15,0,22,0,0
7,25,21,0,0,21,0.3,0.15,0,21,0,0
7,25,22,0,0,20,0.2,0.15,0,20,0,0
7,25,23,0,0,20,0.2,0.15,0,20,0,0
7,26,0,0,0,20,0.2,0.15,0,20,0,0
7,26,1,0,0,20,0.2,0.15,0,20,0,0
7,26,2,0,0,20,0.3,0.15,0,20,0,0
7,26,3,0,0,20,0.4,0.15,0,20,0,0
7,26,4,0,0,20,0.4,0.15,0,20,0,0
7,26,5,0,22,21,0.2,0.15,21.476,21.748,14.722,10.237
7,26,6,12,98,23,0.2,0.15,97.209,26.482,77.278,70.576
7,26,7,0,135,26,0.2,0.15,131.978,30.737,104.27,96.612
7,26,8,55,264,27,0.2,0.15,299.51,37.769,235.062,222.769
7,26,9,248,357,28,0.3,0.15,577.626,48.243,441.685,422.071
7,26,10,320,400,29,0.3,0.15,726.923,54.529,542.069,518.898
7,26,11,422,385,30,0.4,0.15,848.403,58.961,622.213,596.202
7,26,12,738,210,30,0.4,0.15,996.152,64.192,720.136,690.655
7,26,13,7,190,31,0.4,0.15,194.662,37.525,147.728,138.53
7,26,14,269,371,30,0.5,0.15,621.097,50.519,470.703,450.061
7,26,15,56,284,29,0.5,0.15,324.018,39.63,252.383,239.477
7,26,16,505,154,28,0.5,0.15,412.045,41.652,326.757,311.216
7,26,17,404,113,27,0.4,0.15,223.581,34.33,166.961,157.081
7,26,18,198,53,25,0.3,0.15,55.453,26.741,38.281,32.961
7,26,19,0,0,23,0.3,0.15,0,23,0,0
7,26,20,0,0,23,0.3,0.15,0,23,0,0
7,26,21,0,0,22,0.2,0.15,0,22,0,0
7,26,22,0,0,21,0.2,0.15,0,21,0,0
7,26,23,0,0,20,0.2,0.15,0,20,0,0
7,27,0,0,0,20,0.2,0.15,0,20,0,0
7,27,1,0,0,20,0.2,0.15,0,20,0,0
7,27,2,0,0,20,0.2,0.15,0,20,0,0
7,27,3,0,0,20,0.2,0.15,0,20,0,0
7,27,4,0,0,20,0.2,0.15,0,20,0,0
7,27,5,0,17,21,0.2,0.15,16.579,21.576,11.106,6.749
7,27,6,0,28,23,0.3,0.15,27.315,23.952,20.86,16.157
7,27,7,200,191,24,0.4,0.15,278.109,33.417,223.172,211.301
7,27,8,632,164,26,0.4,0.15,588.16,46.169,462.001,441.667
7,27,9,704,178,28,0.4,0.15,777.713,54.684,588.528,563.71
7,27,10,641,254,29,0.5,0.15,888.974,58.6,658.17,630.884
7,27,11,294,442,29,0.5,0.15,771.027,54.477,573.556,549.269
7,27,12,665,262,30,0.6,0.15,975.865,61.566,712.153,682.955
7,27,13,658,249,30,0.6,0.15,918.038,59.677,676.414,648.482
7,27,14,616,238,29,0.6,0.15,791.503,54.592,597.096,571.975
7,27,15,423,254,28,0.5,0.15,564.183,46.704,438.651,419.144
7,27,16,227,212,27,0.4,0.15,325.218,38.048,258.638,245.51
7,27,17,371,119,26,0.3,0.15,219.567,33.442,165.147,155.332
7,27,18,150,54,24,0.3,0.15,53.917,25.723,38.177,32.861
7,27,19,0,0,22,0.3,0.14,0,22,0,0
7,27,20,0,0,22,0.3,0.14,0,22,0,0
7,27,21,0,0,21,0.2,0.14,0,21,0,0
7,27,22,0,0,21,0.2,0.14,0,21,0,0
7,27,23,0,0,21,0.2,0.14,0,21,0,0
7,28,0,0,0,20,0.1,0.14,0,20,0,0
7,28,1,0,0,20,0.1,0.14,0,20,0,0
7,28,2,0,0,20,0.3,0.14,0,20,0,0
7,28,3,0,0,19,0.4,0.14,0,19,0,0
7,28,4,0,0,19,0.4,0.14,0,19,0,0
7,28,5,0,11,21,0.2,0.14,10.68,21.37,6.913,2.704
7,28,6,101,105,24,0.2,0.14,122.382,28.32,94.125,86.826
7,28,7,311,209,26,0.2,0.14,345.683,38.493,273.695,260.033
7,28,8,401,272,27,0.2,0.14,539.036,46.615,419.564,400.734
7,28,9,485,303,28,0.2,0.14,721.491,54.273,543.669,520.441
7,28,10,534,323,29,0.3,0.14,856.233,59.232,630.636,604.326
7,28,11,566,328,30,0.3,0.14,934.638,63.028,676.578,648.64
7,28,12,582,319,31,0.3,0.14,946.792,64.467,681.325,653.219
7,28,13,501,356,31,0.3,0.14,872.274,61.776,634.618,608.168
7,28,14,456,337,31,0.3,0.14,751.03,57.5,557.375,533.661
7,28,15,394,298,30,0.2,0.14,582.366,51.177,444.478,424.765
7,28,16,280,247,29,0.2,0.14,387.614,43.047,303.914,289.182
7,28,17,175,156,28,0.3,0.14,197.945,34.82,152.207,142.85
7,28,18,54,47,26,0.3,0.14,44.924,27.501,32.513,27.398
7,28,19,0,0,24,0.3,0.14,0,24,0,0
7,28,20,0,0,23,0.2,0.14,0,23,0,0
7,28,21,0,0,22,0.2,0.14,0,22,0,0
7,28,22,0,0,22,0.2,0.14,0,22,0,0
7,28,23,0,0,22,0.3,0.14,0,22,0,0
7,29,0,0,0,21,0.4,0.14,0,21,0,0
7,29,1,0,0,21,0.3,0.14,0,21,0,0
7,29,2,0,0,20,0.2,0.14,0,20,0,0
7,29,3,0,0,20,0.2,0.14,0,20,0,0
7,29,4,0,0,20,0.2,0.14,0,20,0,0
7,29,5,0,2,20,0.3,0.14,1.938,20.065,1.137,0
7,29,6,37,100,22,0.3,0.14,103.902,25.596,82.16,75.285
7,29,7,0,64,23,0.3,0.14,62.391,25.177,48.885,43.189
7,29,8,0,89,24,0.4,0.14,86.923,26.931,67.729,61.366
7,29,9,0,146,25,0.4,0.14,143.204,29.817,111.516,103.601
7,29,10,6,183,26,0.3,0.14,185.906,32.443,143.968,134.903
7,29,11,15,287,26,0.3,0.14,300.076,36.409,232.176,219.985
7,29,12,13,260,26,0.4,0.14,270.993,35.115,209.939,198.536
7,29,13,260,426,26,0.4,0.14,704.287,49.996,533.435,510.57
7,29,14,462,299,26,0.3,0.14,717.815,51.344,546.383,523.058
7,29,15,216,301,25,0.3,0.14,456.621,41.037,359.487,342.785
7,29,16,368,213,24,0.2,0.14,397.528,38.431,318.209,302.97
7,29,17,57,123,23,0.2,0.14,134.329,27.81,106.546,98.807
7,29,18,0,39,22,0.4,0.14,37.423,23.254,28.063,23.106
7,29,19,0,0,21,0.4,0.14,0,21,0,0
7,29,20,0,0,21,0.2,0.14,0,21,0,0
7,29,21,0,0,21,0.2,0.14,0,21,0,0
7,29,22,0,0,20,0.2,0.14,0,20,0,0
7,29,23,0,0,20,0.2,0.14,0,20,0,0
7,30,0,0,0,20,0.2,0.14,0,20,0,0
7,30,1,0,0,20,0.1,0.14,0,20,0,0
7,30,2,0,0,19,0.1,0.14,0,19,0,0
7,30,3,0,0,19,0.2,0.14,0,19,0,0
7,30,4,0,0,19,0.2,0.14,0,19,0,0
7,30,5,48,28,19,0.2,0.14,26.107,19.861,17.149,12.578
7,30,6,120,103,21,0.3,0.14,124.306,25.241,96.141,88.771
7,30,7,87,189,23,0.3,0.14,223.603,30.82,180.124,169.778
7,30,8,276,268,26,0.2,0.14,454.085,42.49,357.004,340.39
7,30,9,487,273,27,0.2,0.14,692.411,52.245,526.15,503.543
7,30,10,440,344,28,0.2,0.14,789.007,56.71,585.758,561.039
7,30,11,366,410,29,0.2,0.14,809.543,58.412,594.204,569.185
7,30,12,453,381,29,0.2,0.14,879.176,61.006,639.939,613.3
7,30,13,128,434,29,0.2,0.14,576.616,49.822,433.687,414.357
7,30,14,8,206,28,0.2,0.14,209.731,35.513,161.844,152.146
7,30,15,33,260,28,0.2,0.14,282.986,38.189,220.57,208.791
7,30,16,282,201,27,0.1,0.14,342.856,39.842,271.474,257.891
7,30,17,222,119,26,0.1,0.14,176.301,32.433,134.185,125.467
7,30,18,61,49,24,0.1,0.14,46.352,25.646,33.756,28.597
7,30,19,0,0,22,0.2,0.14,0,22,0,0
7,30,20,0,0,22,0.2,0.14,0,22,0,0
7,30,21,0,0,21,0.2,0.14,0,21,0,0
7,30,22,0,0,21,0.2,0.14,0,21,0,0
7,30,23,0,0,20,0.2,0.14,0,20,0,0
7,31,0,0,0,20,0.2,0.14,0,20,0,0
7,31,1,0,0,20,0.2,0.14,0,20,0,0
7,31,2,0,0,19,0.2,0.14,0,19,0,0
7,31,3,0,0,19,0.2,0.14,0,19,0,0
7,31,4,0,0,19,0.2,0.14,0,19,0,0
7,31,5,166,28,19,0.3,0.14,25.234,19.736,16.192,11.655
7,31,6,505,69,22,0.4,0.14,174.02,27.492,121.714,113.437
7,31,7,614,111,25,0.4,0.14,385.344,38.123,305.851,291.05
7,31,8,735,121,27,0.5,0.14,607.544,47.338,476.617,455.765
7,31,9,804,128,28,0.4,0.14,803.099,55.68,606.98,581.508
7,31,10,853,127,29,0.4,0.14,947.276,61.626,696.185,667.553
7,31,11,872,128,30,0.4,0.14,1026.3,65.365,740.831,710.617
7,31,12,875,128,31,0.4,0.14,1036.379,66.712,743.649,713.335
7,31,13,866,123,32,0.4,0.14,975.327,65.615,704.437,675.513
7,31,14,839,117,31,0.4,0.14,848.458,60.248,629,602.748
7,31,15,792,108,30,0.4,0.14,670.591,53.124,514.061,491.883
7,31,16,706,96,29,0.4,0.14,451.43,44.49,355.642,339.077
7,31,17,570,74,27,0.3,0.14,227.958,34.653,164.84,155.035
7,31,18,309,39,25,0.5,0.14,43.901,26.216,28.337,23.369
7,31,19,0,0,22,0.2,0.15,0,22,0,0
7,31,20,0,0,21,0.3,0.15,0,21,0,0
7,31,21,0,0,21,0.3,0.15,0,21,0,0
7,31,22,0,0,20,0.2,0.15,0,20,0,0
7,31,23,0,0,20,0.2,0.15,0,20,0,0
8,1,0,0,0,20,0.2,0.15,0,20,0,0
8,1,1,0,0,20,0.2,0.15,0,20,0,0
8,1,2,0,0,20,0.2,0.15,0,20,0,0
8,1,3,0,0,20,0.2,0.15,0,20,0,0
8,1,4,0,0,20,0.2,0.15,0,20,0,0
8,1,5,0,9,21,0.2,0.15,8.764,21.294,5.133,0.987
8,1,6,0,69,21,0.3,0.15,67.188,23.34,53.56,47.698
8,1,7,0,103,22,0.2,0.15,100.789,25.618,80.499,73.684
8,1,8,93,274,23,0.2,0.15,334.755,35.061,267.17,253.74
8,1,9,10,222,24,0.2,0.15,227.659,32.139,179.019,168.713
8,1,10,24,320,24,0.3,0.15,341.627,35.839,267.028,253.603
8,1,11,61,420,25,0.2,0.15,494.443,42.744,379.567,362.154
8,1,12,174,462,25,0.2,0.15,664.616,48.975,502.732,480.955
8,1,13,126,431,25,0.1,0.15,573.424,46.338,437.373,417.911
8,1,14,162,379,26,0.1,0.15,531.702,45.818,408.279,389.849
8,1,15,160,301,26,0.1,0.15,418.642,41.618,327.622,312.049
8,1,16,0,128,25,0.2,0.15,125.385,29.498,99.125,91.649
8,1,17,0,27,24,0.2,0.15,26.34,24.947,19.999,15.327
8,1,18,0,22,22,0.2,0.15,21.461,22.762,15.6,11.084
8,1,19,0,0,21,0.2,0.15,0,21,0,0
8,1,20,0,0,21,0.2,0.15,0,21,0,0
8,1,21,0,0,20,0.2,0.15,0,20,0,0
8,1,22,0,0,20,0.2,0.15,0,20,0,0
8,1,23,0,0,20,0.3,0.15,0,20,0,0
8,2,0,0,0,19,0.5,0.15,0,19,0,0
8,2,1,0,0,19,0.6,0.15,0,19,0,0
8,2,2,0,0,19,0.6,0.15,0,19,0,0
8,2,3,0,0,19,0.6,0.15,0,19,0,0
8,2,4,0,0,19,0.5,0.15,0,19,0,0
8,2,5,86,27,20,0.3,0.15,24.744,20.739,14.752,10.266
8,2,6,358,94,23,0.2,0.15,165.914,28.659,120.044,111.826
8,2,7,540,134,26,0.2,0.15,374.226,39.523,295.232,280.807
8,2,8,661,154,29,0.2,0.15,595.616,50.744,460.069,439.803
8,2,9,743,161,30,0.2,0.15,790.869,58.915,589.054,564.218
8,2,10,808,154,31,0.3,0.15,940.145,64.32,682.566,654.417
8,2,11,297,435,32,0.3,0.15,768.308,58.963,561.38,537.525
8,2,12,814,167,32,0.4,0.15,1023.72,67.207,732.157,702.251
8,2,13,753,194,33,0.4,0.15,952.026,65.701,685.732,657.47
8,2,14,410,318,32,0.4,0.15,693.597,55.704,517.947,495.631
8,2,15,654,171,31,0.4,0.15,641.318,53.018,490.13,468.8
8,2,16,575,140,30,0.3,0.15,431.567,45.194,337.977,322.037
8,2,17,409,106,29,0.2,0.15,213.955,36.463,156.867,147.345
8,2,18,168,45,26,0.2,0.15,44.541,27.453,30.785,25.73
8,2,19,0,0,24,0.3,0.15,0,24,0,0
8,2,20,0,0,24,0.3,0.15,0,24,0,0
8,2,21,0,0,23,0.3,0.15,0,23,0,0
8,2,22,0,0,23,0.2,0.15,0,23,0,0
8,2,23,0,0,22,0.2,0.15,0,22,0,0
8,3,0,0,0,21,0.2,0.15,0,21,0,0
8,3,1,0,0,21,0.4,0.15,0,21,0,0
8,3,2,0,0,21,0.6,0.15,0,21,0,0
8,3,3,0,0,21,0.4,0.15,0,21,0,0
8,3,4,0,0,21,0.2,0.15,0,21,0,0
8,3,5,77,26,23,0.1,0.15,23.785,23.745,13.31,8.875
8,3,6,209,94,25,0,0.15,134.396,29.965,99.042,91.569
8,3,7,240,179,28,0.1,0.15,285.44,38.626,224.504,212.585
8,3,8,309,256,30,0.1,0.15,464.642,47.405,358.914,342.233
8,3,9,376,319,31,0.2,0.15,644.393,54.393,483.683,462.58
8,3,10,301,398,32,0.2,0.15,708.886,57.679,521.734,499.283
8,3,11,428,377,33,0.3,0.15,847.684,62.861,612.124,586.47
8,3,12,217,456,32,0.4,0.15,702.527,55.865,518.002,495.683
8,3,13,383,377,32,0.4,0.15,774.5,58.419,569.7,545.55
8,3,14,45,331,31,0.4,0.15,374.954,43.657,286.434,272.321
8,3,15,0,151,30,0.4,0.15,148.463,34.991,114.179,106.169
8,3,16,226,203,29,0.3,0.15,317.411,40.118,250.239,237.408
8,3,17,348,100,28,0.2,0.15,191.425,34.683,141.235,132.267
8,3,18,39,42,26,0.2,0.15,40.176,27.393,28.867,23.88
8,3,19,0,0,25,0.2,0.15,0,25,0,0
8,3,20,0,0,24,0.3,0.15,0,24,0,0
8,3,21,0,0,24,0.3,0.15,0,24,0,0
8,3,22,0,0,23,0.2,0.15,0,23,0,0
8,3,23,0,0,22,0.2,0.15,0,22,0,0
8,4,0,0,0,21,0.2,0.15,0,21,0,0
8,4,1,0,0,21,0.2,0.15,0,21,0,0
8,4,2,0,0,20,0.2,0.15,0,20,0,0
8,4,3,0,0,20,0.2,0.15,0,20,0,0
8,4,4,0,0,20,0.2,0.15,0,20,0,0
8,4,5,95,25,22,0.2,0.15,23.115,22.678,12.233,7.836
8,4,6,391,85,25,0.3,0.15,163.353,30.371,115.654,107.592
8,4,7,28,165,28,0.3,0.15,175.075,34.099,138.089,129.232
8,4,8,31,237,30,0.4,0.15,257.445,38.695,200.25,189.191
8,4,9,741,155,31,0.5,0.15,782.705,57.13,587.428,562.649
8,4,10,779,162,32,0.5,0.15,921.077,62.741,672.982,645.172
8,4,11,328,428,33,0.6,0.15,792.574,58.489,581.042,556.489
8,4,12,10,226,33,0.6,0.15,234.579,40.422,176.969,166.735
8,4,13,453,345,33,0.6,0.15,816.416,59.325,599.687,574.475
8,4,14,242,366,32,0.6,0.15,593.938,51.06,448.888,429.018
8,4,15,175,296,32,0.6,0.15,423.971,45.594,326.988,311.438
8,4,16,120,207,31,0.5,0.15,266.597,39.776,208.847,197.483
8,4,17,130,117,29,0.4,0.15,148.435,33.947,113.068,105.098
8,4,18,0,24,27,0.3,0.15,23.425,27.804,16.517,11.968
8,4,19,0,0,26,0.3,0.15,0,26,0,0
8,4,20,0,0,25,0.3,0.15,0,25,0,0
8,4,21,0,0,24,0.3,0.15,0,24,0,0
8,4,22,0,0,24,0.3,0.15,0,24,0,0
8,4,23,0,0,24,0.3,0.15,0,24,0,0
8,5,0,0,0,23,0.3,0.15,0,23,0,0
8,5,1,0,0,23,0.3,0.15,0,23,0,0
8,5,2,0,0,23,0.3,0.15,0,23,0,0
8,5,3,0,0,23,0.3,0.15,0,23,0,0
8,5,4,0,0,23,0.3,0.15,0,23,0,0
8,5,5,83,24,24,0.4,0.15,22.127,24.59,10.699,6.356
8,5,6,395,80,26,0.5,0.15,158.983,30.913,111.552,103.636
8,5,7,195,181,28,0.6,0.15,265.51,36.489,210.202,198.791
8,5,8,421,226,29,0.7,0.15,510.675,45.029,400.435,382.283
8,5,9,7,205,30,0.7,0.15,208.273,36.422,160.464,150.815
8,5,10,86,402,31,0.8,0.15,494.078,45.914,376.161,358.869
8,5,11,332,421,32,0.9,0.15,789.477,55.411,586.282,561.544
8,5,12,405,388,33,0.9,0.15,840.656,57.953,619.171,593.268
8,5,13,733,189,32,0.9,0.15,926.761,59.695,684.635,656.412
8,5,14,680,189,31,0.8,0.15,794.539,55.357,599.154,573.96
8,5,15,592,185,30,0.6,0.15,610.69,49.782,472.198,451.502
8,5,16,320,186,28,0.4,0.15,345.8,39.774,274.129,260.452
8,5,17,0,96,26,0.3,0.15,93.323,29.252,73.674,67.1
8,5,18,0,8,24,0.3,0.15,7.787,24.267,5.258,1.108
8,5,19,0,0,24,0.3,0.15,0,24,0,0
8,5,20,0,0,23,0.3,0.15,0,23,0,0
8,5,21,0,0,23,0.3,0.15,0,23,0,0
8,5,22,0,0,23,0.3,0.15,0,23,0,0
8,5,23,0,0,23,0.2,0.15,0,23,0,0
8,6,0,0,0,23,0.2,0.15,0,23,0,0
8,6,1,0,0,23,0.2,0.15,0,23,0,0
8,6,2,0,0,22,0.2,0.15,0,22,0,0
8,6,3,0,0,22,0.2,0.15,0,22,0,0
8,6,4,0,0,22,0.2,0.15,0,22,0,0
8,6,5,4,21,22,0.2,0.15,20.327,22.613,9.754,5.445
8,6,6,199,92,23,0.3,0.15,129.928,27.361,96.653,89.265
8,6,7,130,185,24,0.4,0.15,241.157,32.169,193.756,182.927
8,6,8,688,131,25,0.4,0.15,587.903,45.221,464.845,444.411
8,6,9,771,138,27,0.4,0.15,787.036,54.093,598.641,573.465
8,6,10,811,148,28,0.4,0.15,936.511,60.211,692.077,663.591
8,6,11,87,435,28,0.4,0.15,537.957,46.172,408.846,390.395
8,6,12,43,384,29,0.4,0.15,439.588,43.815,334.768,318.942
8,6,13,188,428,29,0.5,0.15,631.136,49.809,476.912,456.05
8,6,14,526,259,29,0.4,0.15,732.533,54.076,553.038,529.478
8,6,15,776,115,28,0.4,0.15,663.607,50.861,513.606,491.443
8,6,16,252,195,27,0.3,0.15,321.219,38.267,255.35,242.338
8,6,17,366,98,26,0.3,0.15,192.309,32.497,142.358,133.35
8,6,18,272,35,24,0.5,0.15,35.566,24.997,24.064,19.248
8,6,19,0,0,24,0.7,0.15,0,24,0,0
8,6,20,0,0,23,0.7,0.15,0,23,0,0
8,6,21,0,0,22,0.7,0.15,0,22,0,0
8,6,22,0,0,21,0.7,0.15,0,21,0,0
8,6,23,0,0,19,0.5,0.15,0,19,0,0
8,7,0,0,0,19,0.2,0.15,0,19,0,0
8,7,1,0,0,18,0.2,0.15,0,18,0,0
8,7,2,0,0,18,0.2,0.15,0,18,0,0
8,7,3,0,0,18,0.2,0.15,0,18,0,0
8,7,4,0,0,18,0.2,0.15,0,18,0,0
8,7,5,0,16,19,0.3,0.15,15.615,19.458,7.51,3.28
8,7,6,295,83,21,0.3,0.15,140.868,25.668,102.604,95.005
8,7,7,304,165,23,0.3,0.15,298.767,33.455,240.087,227.616
8,7,8,398,231,26,0.3,0.15,500.905,43.658,394.651,376.703
8,7,9,283,338,27,0.2,0.15,588.687,48.327,451.263,431.309
8,7,10,291,397,28,0.2,0.15,699.014,53.335,523.72,501.199
8,7,11,224,447,29,0.2,0.15,699.548,54.266,519.663,497.286
8,7,12,255,444,30,0.2,0.15,739.199,56.739,544.311,521.06
8,7,13,226,422,30,0.3,0.15,661.734,53.189,494.29,472.812
8,7,14,133,369,29,0.3,0.15,497.326,46.38,380.362,362.921
8,7,15,208,290,29,0.3,0.15,440.573,44.449,342.294,326.202
8,7,16,257,219,28,0.3,0.15,347.357,40.182,274.651,260.956
8,7,17,192,133,26,0.3,0.15,178.546,32.122,136.736,127.928
8,7,18,36,33,24,0.3,0.15,30.905,25.026,21.82,17.083
8,7,19,0,0,23,0.3,0.15,0,23,0,0
8,7,20,0,0,22,0.3,0.15,0,22,0,0
8,7,21,0,0,22,0.2,0.15,0,22,0,0
8,7,22,0,0,21,0.2,0.15,0,21,0,0
8,7,23,0,0,21,0.2,0.15,0,21,0,0
8,8,0,0,0,21,0.4,0.15,0,21,0,0
8,8,1,0,0,21,0.5,0.15,0,21,0,0
8,8,2,0,0,21,0.3,0.15,0,21,0,0
8,8,3,0,0,21,0.2,0.15,0,21,0,0
8,8,4,0,0,21,0.5,0.15,0,21,0,0
8,8,5,0,14,22,0.4,0.15,13.657,22.389,6.431,2.24
8,8,6,118,93,23,0.2,0.15,113.881,26.995,86.575,79.544
8,8,7,85,178,25,0.2,0.15,212.638,32.659,169.866,159.883
8,8,8,256,261,27,0.2,0.15,435.672,42.797,342.019,325.936
8,8,9,404,301,28,0.1,0.15,655.581,52.604,496.517,474.96
8,8,10,388,360,29,0.1,0.15,751.954,57.211,556.591,532.905
8,8,11,331,423,30,0.1,0.15,792.071,59.641,578.192,553.74
8,8,12,391,392,30,0.1,0.15,823.347,60.849,599.086,573.894
8,8,13,303,403,31,0.1,0.15,724.531,58.13,532.269,509.445
8,8,14,84,355,31,0.2,0.15,433.981,46.616,329.827,314.177
8,8,15,136,291,30,0.3,0.15,392.016,43.718,303.781,289.053
8,8,16,294,186,29,0.3,0.15,331.85,40.652,261.702,248.465
8,8,17,413,85,27,0.2,0.15,189.852,33.599,137.898,129.048
8,8,18,113,36,25,0.2,0.15,33.068,26.092,22.951,18.174
8,8,19,0,0,23,0.2,0.15,0,23,0,0
8,8,20,0,0,22,0.2,0.15,0,22,0,0
8,8,21,0,0,21,0.2,0.15,0,21,0,0
8,8,22,0,0,21,0.2,0.15,0,21,0,0
8,8,23,0,0,20,0.2,0.15,0,20,0,0
8,9,0,0,0,20,0.2,0.15,0,20,0,0
8,9,1,0,0,20,0.2,0.15,0,20,0,0
8,9,2,0,0,20,0.2,0.15,0,20,0,0
8,9,3,0,0,19,0.4,0.15,0,19,0,0
8,9,4,0,0,19,0.4,0.15,0,19,0,0
8,9,5,62,18,21,0.3,0.15,16.772,21.459,8.028,3.78
8,9,6,346,86,24,0.2,0.15,153.445,29.229,109.432,101.591
8,9,7,520,131,27,0.3,0.15,360.279,39.634,283.666,269.651
8,9,8,628,160,29,0.4,0.15,578.955,48.89,450.52,430.593
8,9,9,693,181,30,0.4,0.15,771.057,56.484,579.873,555.362
8,9,10,702,211,31,0.4,0.15,903.093,62.035,660.931,633.548
8,9,11,718,220,32,0.4,0.15,981.192,65.694,705.575,676.61
8,9,12,714,224,32,0.5,0.15,986.82,64.899,711.774,682.59
8,9,13,319,398,32,0.5,0.15,735.503,56.326,544.816,521.547
8,9,14,430,301,31,0.5,0.15,692.832,54.003,521.817,499.363
8,9,15,235,283,30,0.4,0.15,451.726,45.381,350.323,333.946
8,9,16,390,191,29,0.4,0.15,382.561,42.048,301.547,286.899
8,9,17,138,125,28,0.3,0.15,156.706,33.386,119.666,111.462
8,9,18,15,31,26,0.3,0.15,29.469,26.988,20.281,15.599
8,9,19,0,0,24,0.3,0.15,0,24,0,0
8,9,20,0,0,23,0.3,0.15,0,23,0,0
8,9,21,0,0,22,0.3,0.15,0,22,0,0
8,9,22,0,0,22,0.3,0.15,0,22,0,0
8,9,23,0,0,22,0.3,0.15,0,22,0,0
8,10,0,0,0,22,0.3,0.15,0,22,0,0
8,10,1,0,0,22,0.3,0.15,0,22,0,0
8,10,2,0,0,22,0.3,0.15,0,22,0,0
8,10,3,0,0,22,0.3,0.15,0,22,0,0
8,10,4,0,0,22,0.3,0.15,0,22,0,0
8,10,5,0,9,22,0.3,0.15,8.768,22.257,4.04,0
8,10,6,0,74,23,0.3,0.15,71.867,25.502,56.837,50.86
8,10,7,0,32,23,0.4,0.15,31.246,24.055,23.885,19.075
8,10,8,0,39,24,0.4,0.15,38.141,25.283,28.897,23.91
8,10,9,0,81,24,0.5,0.15,79.425,26.586,61.241,55.107
8,10,10,340,381,24,0.5,0.15,729.868,48.154,559.622,535.829
8,10,11,177,449,25,0.6,0.15,654.393,45.952,501.533,479.798
8,10,12,25,343,25,0.7,0.15,378.366,36.69,294.982,280.567
8,10,13,122,420,25,0.7,0.15,559.986,42.406,434.025,414.682
8,10,14,630,214,25,0.6,0.15,775.215,50.109,596.734,571.626
8,10,15,276,281,25,0.5,0.15,482.367,40.974,381.804,364.312
8,10,16,431,157,25,0.4,0.15,370.421,37.656,296.994,282.507
8,10,17,327,93,24,0.3,0.15,174.626,29.905,129.885,121.319
8,10,18,76,34,23,0.2,0.15,30.192,24.002,20.83,16.129
8,10,19,0,0,22,0.2,0.15,0,22,0,0
8,10,20,0,0,22,0.2,0.15,0,22,0,0
8,10,21,0,0,22,0.3,0.15,0,22,0,0
8,10,22,0,0,22,0.3,0.15,0,22,0,0
8,10,23,0,0,22,0.3,0.15,0,22,0,0
8,11,0,0,0,22,0.3,0.15,0,22,0,0
8,11,1,0,0,21,0.3,0.15,0,21,0,0
8,11,2,0,0,21,0.3,0.15,0,21,0,0
8,11,3,0,0,21,0.2,0.15,0,21,0,0
8,11,4,0,0,21,0.2,0.15,0,21,0,0
8,11,5,0,10,22,0.3,0.15,9.746,22.286,4.514,0.391
8,11,6,17,84,23,0.4,0.15,84.655,25.847,66.626,60.301
8,11,7,221,172,24,0.4,0.15,269.876,33.155,216.623,204.983
8,11,8,276,255,25,0.4,0.15,442.779,40.102,351.863,335.432
8,11,9,195,349,26,0.4,0.15,522.135,43.751,405.766,387.424
8,11,10,181,412,27,0.4,0.15,604.278,47.509,461.084,440.782
8,11,11,721,205,27,0.5,0.15,968.108,59.292,715.398,686.085
8,11,12,57,410,26,0.6,0.15,482.304,41.358,372.267,355.112
8,11,13,63,390,26,0.5,0.15,462.631,41.166,357.934,341.288
8,11,14,293,345,25,0.4,0.15,615.355,45.977,476.227,455.389
8,11,15,324,263,25,0.4,0.15,496.384,41.954,392.303,374.438
8,11,16,0,130,24,0.4,0.15,127.477,28.303,101.565,94.003
8,11,17,0,86,23,0.3,0.15,83.713,25.917,66.683,60.357
8,11,18,0,4,21,0.2,0.15,3.89,21.135,2.41,0
8,11,19,0,0,20,0.2,0.16,0,20,0,0
8,11,20,0,0,20,0.2,0.16,0,20,0,0
8,11,21,0,0,20,0.2,0.16,0,20,0,0
8,11,22,0,0,20,0.2,0.16,0,20,0,0
8,11,23,0,0,20,0.2,0.16,0,20,0,0
8,12,0,0,0,19,0.2,0.16,0,19,0,0
8,12,1,0,0,19,0.2,0.16,0,19,0,0
8,12,2,0,0,19,0.2,0.16,0,19,0,0
8,12,3,0,0,18,0.3,0.16,0,18,0,0
8,12,4,0,0,18,0.3,0.16,0,18,0,0
8,12,5,70,17,18,0.3,0.16,16.125,18.434,7.82,3.58
8,12,6,390,78,20,0.4,0.16,153.862,24.887,109.728,101.876
8,12,7,574,117,22,0.3,0.16,371.725,35.01,298.161,283.632
8,12,8,698,135,24,0.2,0.16,599.004,45.875,472.947,452.225
8,12,9,775,143,26,0.2,0.16,796.968,55.123,604.109,578.739
8,12,10,854,126,27,0.3,0.16,949.927,60.629,701.838,673.006
8,12,11,866,130,27,0.4,0.16,1025.181,62.221,750.58,720.02
8,12,12,440,367,28,0.4,0.16,856.954,57.233,634.164,607.73
8,12,13,368,376,28,0.5,0.16,760.989,53.16,572.256,548.015
8,12,14,415,301,28,0.5,0.16,680.905,50.561,519.984,497.595
8,12,15,464,220,27,0.5,0.16,553.776,45.387,434.373,415.018
8,12,16,677,97,26,0.4,0.16,428.12,40.636,341.103,325.053
8,12,17,524,71,24,0.3,0.16,201.471,30.714,144.809,135.714
8,12,18,218,28,22,0.2,0.16,25.261,22.767,16.674,12.119
8,12,19,0,0,20,0.2,0.16,0,20,0,0
8,12,20,0,0,19,0.2,0.16,0,19,0,0
8,12,21,0,0,19,0.2,0.16,0,19,0,0
8,12,22,0,0,18,0.2,0.16,0,18,0,0
8,12,23,0,0,18,0.2,0.16,0,18,0,0
8,13,0,0,0,17,0.2,0.16,0,17,0,0
8,13,1,0,0,17,0.2,0.16,0,17,0,0
8,13,2,0,0,17,0.2,0.16,0,17,0,0
8,13,3,0,0,16,0.2,0.16,0,16,0,0
8,13,4,0,0,16,0.2,0.16,0,16,0,0
8,13,5,0,20,18,0.2,0.16,19.015,18.571,9.273,4.98
8,13,6,183,85,20,0.3,0.16,119.215,23.999,89.297,82.169
8,13,7,653,92,23,0.3,0.16,379.171,36.301,302.471,287.79
8,13,8,757,108,25,0.4,0.16,607.813,45.892,480.715,459.718
8,13,9,513,251,26,0.4,0.16,694.995,49.771,534.688,511.778
8,13,10,811,150,27,0.4,0.16,940.013,59.287,697.803,669.113
8,13,11,834,150,28,0.4,0.16,1021.058,63.069,744.463,714.12
8,13,12,838,148,29,0.4,0.16,1028.518,64.326,745.832,715.44
8,13,13,817,148,29,0.4,0.16,959.482,61.957,704.011,675.101
8,13,14,785,140,29,0.3,0.16,825.693,58.267,617.454,591.611
8,13,15,733,125,28,0.3,0.16,640.115,50.689,495.789,474.258
8,13,16,638,107,28,0.2,0.16,418.826,43.22,329.904,314.251
8,13,17,468,79,26,0.3,0.16,194.784,32.508,139.962,131.039
8,13,18,159,28,24,0.3,0.16,24.747,24.738,15.638,11.12
8,13,19,0,0,23,0.3,0.16,0,23,0,0
8,13,20,0,0,22,0.7,0.16,0,22,0,0
8,13,21,0,0,21,0.8,0.16,0,21,0,0
8,13,22,0,0,20,0.6,0.16,0,20,0,0
8,13,23,0,0,19,0.3,0.16,0,19,0,0
8,14,0,0,0,19,0.2,0.16,0,19,0,0
8,14,1,0,0,19,0.2,0.16,0,19,0,0
8,14,2,0,0,19,0.2,0.16,0,19,0,0
8,14,3,0,0,19,0.2,0.16,0,19,0,0
8,14,4,0,0,19,0.3,0.16,0,19,0,0
8,14,5,0,1,20,0.2,0.16,0.975,20.029,0,0
8,14,6,0,76,21,0.2,0.16,73.991,23.649,58.981,52.927
8,14,7,0,17,22,0.3,0.16,16.64,22.578,12.437,8.032
8,14,8,0,71,23,0.3,0.16,69.737,25.411,54.301,48.413
8,14,9,0,150,24,0.3,0.16,148.254,29.115,116.173,108.093
8,14,10,0,132,25,0.3,0.16,130.474,29.492,100.921,93.381
8,14,11,120,439,26,0.4,0.16,588.43,45.893,449.522,429.63
8,14,12,151,446,26,0.5,0.16,628.644,46.655,479.806,458.841
8,14,13,281,401,26,0.5,0.16,703.665,49.225,535.956,513.002
8,14,14,54,327,25,0.5,0.16,380.815,37.466,299.001,284.443
8,14,15,101,277,25,0.4,0.16,349.634,36.831,277.554,263.756
8,14,16,472,142,24,0.3,0.16,372.53,37.102,299.278,284.71
8,14,17,151,101,23,0.2,0.16,135.836,27.786,104.15,96.496
8,14,18,0,23,22,0.2,0.16,22.368,22.745,13.549,9.105
8,14,19,0,0,21,0.2,0.16,0,21,0,0
8,14,20,0,0,21,0.2,0.16,0,21,0,0
8,14,21,0,0,20,0.2,0.16,0,20,0,0
8,14,22,0,0,20,0.2,0.16,0,20,0,0
8,14,23,0,0,20,0.2,0.16,0,20,0,0
8,15,0,0,0,20,0.3,0.16,0,20,0,0
8,15,1,0,0,20,0.5,0.16,0,20,0,0
8,15,2,0,0,20,0.6,0.16,0,20,0,0
8,15,3,0,0,20,0.6,0.16,0,20,0,0
8,15,4,0,0,20,0.5,0.16,0,20,0,0
8,15,5,0,11,21,0.3,0.16,11.08,21.323,5.199,1.051
8,15,6,298,85,23,0.2,0.16,141.894,27.846,101.996,94.418
8,15,7,533,119,25,0.3,0.16,352.854,37.367,279.981,266.096
8,15,8,316,243,27,0.2,0.16,457.281,43.586,359.337,342.641
8,15,9,701,169,27,0.2,0.16,765.213,54.965,579.633,555.131
8,15,10,747,176,28,0.2,0.16,906.763,61.103,667.427,639.814
8,15,11,303,419,28,0.2,0.16,761.992,55.574,565.458,541.458
8,15,12,258,434,28,0.2,0.16,734.364,54.547,546.159,522.843
8,15,13,315,391,27,0.2,0.16,725.804,53.265,544.715,521.45
8,15,14,24,281,26,0.3,0.16,301.084,36.423,235.329,223.026
8,15,15,24,230,25,0.3,0.16,244.726,33.493,193.905,183.071
8,15,16,37,174,24,0.3,0.16,191.135,30.654,153.492,144.089
8,15,17,83,100,23,0.3,0.16,118.426,27.066,92.236,85.004
8,15,18,0,21,22,0.3,0.16,20.522,22.647,11.619,7.244
8,15,19,0,0,20,0.2,0.16,0,20,0,0
8,15,20,0,0,20,0.2,0.16,0,20,0,0
8,15,21,0,0,19,0.2,0.16,0,19,0,0
8,15,22,0,0,19,0.3,0.16,0,19,0,0
8,15,23,0,0,18,0.2,0.16,0,18,0,0
8,16,0,0,0,18,0.2,0.16,0,18,0,0
8,16,1,0,0,18,0.2,0.16,0,18,0,0
8,16,2,0,0,17,0.2,0.16,0,17,0,0
8,16,3,0,0,17,0.2,0.16,0,17,0,0
8,16,4,0,0,17,0.2,0.16,0,17,0,0
8,16,5,85,13,18,0.3,0.16,14.249,18.382,6.883,2.676
8,16,6,471,63,20,0.4,0.16,154.325,24.852,106.502,98.765
8,16,7,654,93,23,0.5,0.16,379.31,35.548,303.408,288.693
8,16,8,766,108,25,0.6,0.16,612.359,44.883,486.576,465.371
8,16,9,832,118,26,0.6,0.16,815.637,52.494,625.986,599.841
8,16,10,887,114,27,0.6,0.16,966.895,58.372,721.77,692.231
8,16,11,900,118,28,0.6,0.16,1045.09,61.919,766.8,735.665
8,16,12,897,120,29,0.6,0.16,1049.455,63.059,766.144,735.033
8,16,13,266,402,29,0.6,0.16,690.394,51.139,521.618,499.171
8,16,14,800,139,28,0.5,0.16,835.617,55.872,631.546,605.204
8,16,15,723,133,28,0.5,0.16,638.032,49.317,497.055,475.479
8,16,16,615,114,27,0.4,0.16,411.161,41.052,326.153,310.633
8,16,17,432,82,24,0.4,0.16,184.056,29.978,133.145,124.464
8,16,18,111,24,23,0.6,0.16,20.911,23.536,10.76,6.415
8,16,19,0,0,22,0.8,0.16,0,22,0,0
8,16,20,0,0,21,0.8,0.16,0,21,0,0
8,16,21,0,0,19,0.6,0.16,0,19,0,0
8,16,22,0,0,19,0.3,0.16,0,19,0,0
8,16,23,0,0,18,0.3,0.16,0,18,0,0
8,17,0,0,0,18,0.3,0.16,0,18,0,0
8,17,1,0,0,18,0.3,0.16,0,18,0,0
8,17,2,0,0,18,0.2,0.16,0,18,0,0
8,17,3,0,0,17,0.2,0.16,0,17,0,0
8,17,4,0,0,17,0.2,0.16,0,17,0,0
8,17,5,0,8,19,0.2,0.16,8.059,19.243,3.761,0
8,17,6,226,89,21,0.3,0.16,130.699,25.371,96.467,89.085
8,17,7,338,170,24,0.3,0.16,318.236,35.13,254.563,241.58
8,17,8,439,229,27,0.4,0.16,526.433,45.001,413.96,395.328
8,17,9,510,269,29,0.5,0.16,711.904,52.628,541.708,518.55
8,17,10,583,278,30,0.5,0.16,861.074,58.61,637.988,611.418
8,17,11,568,314,30,0.6,0.16,927.488,59.941,681.49,653.379
8,17,12,538,338,30,0.6,0.16,927.038,59.871,680.712,652.628
8,17,13,496,342,30,0.6,0.16,854.889,57.565,634.296,607.857
8,17,14,477,303,30,0.6,0.16,734.035,53.652,555.254,531.615
8,17,15,436,250,29,0.5,0.16,562.626,47.663,437.449,417.985
8,17,16,74,182,28,0.4,0.16,216.392,35.321,171.443,161.404
8,17,17,0,16,25,0.3,0.16,15.644,25.544,11.53,7.157
8,17,18,0,2,23,0.2,0.16,1.951,23.059,0.825,0
8,17,19,0,0,23,0.2,0.16,0,23,0,0
8,17,20,0,0,22,0.2,0.16,0,22,0,0
8,17,21,0,0,22,0.3,0.16,0,22,0,0
8,17,22,0,0,21,0.4,0.16,0,21,0,0
8,17,23,0,0,20,0.4,0.16,0,20,0,0
8,18,0,0,0,20,0.3,0.16,0,20,0,0
8,18,1,0,0,19,0.3,0.16,0,19,0,0
8,18,2,0,0,19,0.3,0.16,0,19,0,0
8,18,3,0,0,18,0.4,0.16,0,18,0,0
8,18,4,0,0,18,0.4,0.16,0,18,0,0
8,18,5,0,3,18,0.4,0.16,3.022,18.086,1.349,0
8,18,6,141,81,18,0.5,0.16,106.173,21.378,80.703,73.88
8,18,7,343,177,19,0.6,0.16,327.377,29.481,267.951,254.493
8,18,8,470,227,21,0.6,0.16,543.89,38.569,439.216,419.69
8,18,9,231,336,22,0.5,0.16,540.784,39.832,428.03,408.9
8,18,10,304,381,23,0.5,0.16,698.588,46.089,539.762,516.673
8,18,11,774,192,25,0.4,0.16,1004.418,59.446,742.961,712.671
8,18,12,363,396,26,0.3,0.16,801.694,54.128,599.877,574.658
8,18,13,95,400,26,0.3,0.16,506.285,43.622,389.734,371.96
8,18,14,0,114,26,0.3,0.16,112.389,29.875,86.741,79.703
8,18,15,64,259,26,0.3,0.16,306.114,36.661,242.018,229.479
8,18,16,709,85,25,0.2,0.16,421.176,40.351,335.09,319.253
8,18,17,556,60,24,0.4,0.16,189.466,30.085,132.672,124.007
8,18,18,205,20,22,0.6,0.16,18.409,22.434,8.819,4.543
8,18,19,0,0,21,0.7,0.16,0,21,0,0
8,18,20,0,0,20,0.8,0.16,0,20,0,0
8,18,21,0,0,18,0.9,0.16,0,18,0,0
8,18,22,0,0,17,0.8,0.16,0,17,0,0
8,18,23,0,0,16,0.4,0.16,0,16,0,0
8,19,0,0,0,15,0.2,0.16,0,15,0,0
8,19,1,0,0,14,0.2,0.16,0,14,0,0
8,19,2,0,0,14,0.2,0.16,0,14,0,0
8,19,3,0,0,14,0.2,0.16,0,14,0,0
8,19,4,0,0,14,0.2,0.16,0,14,0,0
8,19,5,0,10,14,0.2,0.16,10.073,14.303,4.871,0.735
8,19,6,323,68,16,0.2,0.16,128.911,20.376,92.694,85.446
8,19,7,296,153,18,0.2,0.16,282.953,28.217,231.667,219.494
8,19,8,17,205,20,0.2,0.16,214.306,27.673,173.353,163.247
8,19,9,37,292,22,0.2,0.16,329.229,33.795,261.466,248.237
8,19,10,41,346,23,0.2,0.16,396.078,37.185,310.243,295.287
8,19,11,50,388,23,0.2,0.16,454.195,39.26,353.285,336.803
8,19,12,78,417,24,0.2,0.16,514.328,42.44,396.712,378.691
8,19,13,99,399,24,0.2,0.16,509.194,42.292,394.231,376.299
8,19,14,133,350,25,0.3,0.16,479.506,41.741,374.078,356.859
8,19,15,205,269,24,0.3,0.16,415.965,38.579,331.213,315.513
8,19,16,83,179,23,0.3,0.16,217.377,30.584,175.607,165.421
8,19,17,76,93,21,0.3,0.16,109.222,24.75,85.406,78.417
8,19,18,0,14,19,0.3,0.16,13.703,19.401,6.55,2.355
8,19,19,0,0,18,0.2,0.14,0,18,0,0
8,19,20,0,0,18,0.2,0.14,0,18,0,0
8,19,21,0,0,18,0.3,0.14,0,18,0,0
8,19,22,0,0,18,0.5,0.14,0,18,0,0
8,19,23,0,0,18,0.5,0.14,0,18,0,0
8,20,0,0,0,18,0.4,0.14,0,18,0,0
8,20,1,0,0,18,0.3,0.14,0,18,0,0
8,20,2,0,0,17,0.3,0.14,0,17,0,0
8,20,3,0,0,17,0.3,0.14,0,17,0,0
8,20,4,0,0,16,0.3,0.14,0,16,0,0
8,20,5,0,3,16,0.2,0.14,3.004,16.091,1.355,0
8,20,6,0,56,17,0.2,0.14,54.445,18.96,43.584,38.076
8,20,7,54,160,19,0.2,0.14,181.502,25.561,148.555,139.327
8,20,8,147,258,21,0.3,0.14,358.784,33.612,290.093,275.85
8,20,9,126,337,23,0.3,0.14,454.046,38.927,358.082,341.43
8,20,10,178,401,24,0.3,0.14,590.103,44.72,455.609,435.501
8,20,11,159,435,25,0.3,0.14,622.19,46.816,475.16,454.36
8,20,12,151,437,26,0.3,0.14,617.226,47.636,469.534,448.933
8,20,13,49,362,26,0.3,0.14,419.706,40.642,324.812,309.339
8,20,14,363,310,26,0.3,0.14,634.293,48.393,488.274,467.009
8,20,15,40,243,25,0.3,0.14,271.901,34.51,215.826,204.215
8,20,16,262,170,24,0.2,0.14,294.373,34.694,236.549,224.204
8,20,17,200,88,22,0.2,0.14,131.725,26.637,98.848,91.382
8,20,18,0,16,20,0.2,0.14,15.571,20.473,7.451,3.223
8,20,19,0,0,19,0.2,0.14,0,19,0,0
8,20,20,0,0,19,0.2,0.14,0,19,0,0
8,20,21,0,0,19,0.2,0.14,0,19,0,0
8,20,22,0,0,18,0.2,0.14,0,18,0,0
8,20,23,0,0,18,0.1,0.14,0,18,0,0
8,21,0,0,0,17,0.1,0.14,0,17,0,0
8,21,1,0,0,17,0.1,0.14,0,17,0,0
8,21,2,0,0,17,0.1,0.14,0,17,0,0
8,21,3,0,0,16,0.2,0.14,0,16,0,0
8,21,4,0,0,16,0.2,0.14,0,16,0,0
8,21,5,0,4,17,0.2,0.14,4.006,17.121,1.824,0
8,21,6,176,77,19,0.3,0.14,108.399,22.662,80.563,73.745
8,21,7,553,118,21,0.3,0.14,359.33,33.661,289.348,275.131
8,21,8,692,135,23,0.3,0.14,590.564,44.023,470.304,449.675
8,21,9,496,249,25,0.3,0.14,676.462,48.959,522.444,499.968
8,21,10,410,337,26,0.2,0.14,757.24,53.583,570.252,546.082
8,21,11,540,324,27,0.1,0.14,906.345,61.171,662.526,635.087
8,21,12,471,346,27,0.1,0.14,862.519,59.485,633.719,607.3
8,21,13,514,294,28,0.1,0.14,817.765,58.824,604.406,579.026
8,21,14,373,307,27,0.2,0.14,639.098,50.288,488.527,467.253
8,21,15,300,250,27,0.2,0.14,461.959,43.834,362.474,345.667
8,21,16,637,91,26,0.2,0.14,388.299,40.193,307.951,293.076
8,21,17,280,87,24,0.4,0.14,147.609,28.856,108.038,100.246
8,21,18,0,18,22,0.7,0.14,17.234,22.451,8.208,3.954
8,21,19,0,0,21,0.8,0.14,0,21,0,0
8,21,20,0,0,19,0.8,0.14,0,19,0,0
8,21,21,0,0,18,0.8,0.14,0,18,0,0
8,21,22,0,0,18,0.8,0.14,0,18,0,0
8,21,23,0,0,18,0.8,0.14,0,18,0,0
8,22,0,0,0,18,0.8,0.14,0,18,0,0
8,22,1,0,0,18,0.8,0.14,0,18,0,0
8,22,2,0,0,17,0.8,0.14,0,17,0,0
8,22,3,0,0,16,0.8,0.14,0,16,0,0
8,22,4,0,0,16,0.7,0.14,0,16,0,0
8,22,5,0,7,17,0.4,0.14,7.01,17.2,3.282,0
8,22,6,336,74,19,0.2,0.14,135.556,23.641,96.339,88.962
8,22,7,385,135,23,0.1,0.14,303.534,34.394,242.842,230.274
8,22,8,448,201,26,0,0.14,501.221,45.567,393.499,375.592
8,22,9,401,290,27,0,0.14,635.119,51.722,483.54,462.443
8,22,10,790,159,28,0,0.14,924.913,64.189,673.265,645.445
8,22,11,805,166,29,0.1,0.14,1002.267,66.959,719.356,689.903
8,22,12,804,167,29,0.2,0.14,1005.949,65.884,725.182,695.522
8,22,13,408,339,29,0.2,0.14,763.289,56.816,567.074,543.017
8,22,14,676,194,29,0.2,0.14,782.554,57.682,586.037,561.308
8,22,15,606,173,29,0.2,0.14,592.246,50.714,457.828,437.642
8,22,16,533,129,28,0.2,0.14,376.765,41.748,296.556,282.084
8,22,17,335,86,25,0.3,0.14,158.865,30.362,114.471,106.451
8,22,18,43,14,22,0.3,0.14,12.718,22.36,5.974,1.798
8,22,19,0,0,21,0.3,0.14,0,21,0,0
8,22,20,0,0,20,0.3,0.14,0,20,0,0
8,22,21,0,0,19,0.3,0.14,0,19,0,0
8,22,22,0,0,19,0.2,0.14,0,19,0,0
8,22,23,0,0,18,0.2,0.14,0,18,0,0
8,23,0,0,0,18,0.2,0.14,0,18,0,0
8,23,1,0,0,18,0.2,0.14,0,18,0,0
8,23,2,0,0,18,0.2,0.14,0,18,0,0
8,23,3,0,0,17,0.2,0.14,0,17,0,0
8,23,4,0,0,17,0.2,0.14,0,17,0,0
8,23,5,0,0,18,0.2,0.14,0,0,0,0
8,23,6,285,78,20,0.1,0.14,129.861,24.623,93.234,85.966
8,23,7,496,126,23,0.1,0.14,341.004,35.806,271.993,258.392
8,23,8,507,180,26,0.1,0.14,516.874,45.557,406.768,388.391
8,23,9,700,172,28,0,0.14,764.149,57.918,572.53,548.279
8,23,10,792,155,29,0,0.14,921.789,65.092,668.575,640.921
8,23,11,496,314,30,0.1,0.14,851.317,62.09,619.46,593.547
8,23,12,445,350,30,0.1,0.14,840.108,61.634,611.47,585.839
8,23,13,457,318,30,0.2,0.14,787.626,58.731,581.553,556.983
8,23,14,558,233,30,0.2,0.14,721.061,56.395,541.228,518.087
8,23,15,572,186,29,0.2,0.14,578.987,50.232,448.05,428.21
8,23,16,499,137,28,0.2,0.14,368.46,41.437,290.073,275.831
8,23,17,300,89,25,0.2,0.14,153.294,30.354,111.015,103.118
8,23,18,0,13,23,0.2,0.14,13.019,23.394,6.094,1.914
8,23,19,0,0,22,0.3,0.14,0,22,0,0
8,23,20,0,0,21,0.3,0.14,0,21,0,0
8,23,21,0,0,20,0.2,0.14,0,20,0,0
8,23,22,0,0,20,0.2,0.14,0,20,0,0
8,23,23,0,0,19,0.2,0.14,0,19,0,0
8,24,0,0,0,19,0.2,0.14,0,19,0,0
8,24,1,0,0,18,0.2,0.14,0,18,0,0
8,24,2,0,0,18,0.2,0.14,0,18,0,0
8,24,3,0,0,18,0.3,0.14,0,18,0,0
8,24,4,0,0,18,0.5,0.14,0,18,0,0
8,24,5,0,0,19,0.3,0.14,0,0,0,0
8,24,6,28,73,21,0.2,0.14,76.143,23.721,59.336,53.27
8,24,7,445,122,24,0.2,0.14,315.485,35.468,251.417,238.545
8,24,8,393,213,27,0.2,0.14,478.734,44.494,376.697,359.385
8,24,9,400,286,29,0.2,0.14,629.982,51.99,479.207,458.263
8,24,10,458,311,30,0.2,0.14,775.07,58.279,573.659,549.369
8,24,11,487,334,30,0.2,0.14,863.332,61.498,629.659,603.384
8,24,12,472,339,31,0.2,0.14,855.585,62.208,621.821,595.824
8,24,13,580,281,31,0.2,0.14,864.781,62.608,630.505,604.2
8,24,14,530,263,30,0.2,0.14,728.573,56.649,545.962,522.653
8,24,15,499,190,30,0.2,0.14,534.193,49.573,413.423,394.81
8,24,16,266,161,28,0.2,0.14,284.69,38.349,225.033,213.095
8,24,17,210,80,25,0.2,0.14,123.681,29.339,90.244,83.082
8,24,18,0,6,23,0.3,0.14,6.009,23.176,2.705,0
8,24,19,0,0,22,0.3,0.14,0,22,0,0
8,24,20,0,0,21,0.2,0.14,0,21,0,0
8,24,21,0,0,21,0.2,0.14,0,21,0,0
8,24,22,0,0,20,0.2,0.14,0,20,0,0
8,24,23,0,0,20,0.3,0.14,0,20,0,0
8,25,0,0,0,20,0.5,0.14,0,20,0,0
8,25,1,0,0,20,0.4,0.14,0,20,0,0
8,25,2,0,0,20,0.4,0.14,0,20,0,0
8,25,3,0,0,19,0.5,0.14,0,19,0,0
8,25,4,0,0,19,0.3,0.14,0,19,0,0
8,25,5,0,0,19,0.2,0.14,0,0,0,0
8,25,6,15,70,20,0.3,0.14,70.533,22.452,55.494,49.564
8,25,7,30,147,22,0.4,0.14,158.803,27.395,128.56,120.041
8,25,8,94,246,24,0.5,0.14,308.434,34.201,247.433,234.702
8,25,9,259,321,25,0.5,0.14,553.103,43.367,432.844,413.543
8,25,10,122,389,26,0.6,0.14,526.281,42.884,407.836,389.421
8,25,11,73,402,26,0.6,0.14,490.985,41.702,379.752,362.332
8,25,12,90,413,27,0.6,0.14,520.31,43.653,400.126,381.984
8,25,13,27,316,26,0.6,0.14,350.58,37.183,273.546,259.89
8,25,14,41,297,26,0.6,0.14,337.783,36.797,265.439,252.07
8,25,15,17,206,25,0.6,0.14,214.765,31.861,170.876,160.858
8,25,16,0,68,24,0.5,0.14,66.295,26.18,52.024,46.217
8,25,17,0,47,23,0.4,0.14,45.78,24.55,35.541,30.318
8,25,18,0,3,22,0.4,0.14,3.004,22.086,1.311,0
8,25,19,0,0,21,0.4,0.14,0,21,0,0
8,25,20,0,0,21,0.4,0.14,0,21,0,0
8,25,21,0,0,20,0.3,0.14,0,20,0,0
8,25,22,0,0,20,0.3,0.14,0,20,0,0
8,25,23,0,0,19,0.3,0.14,0,19,0,0
8,26,0,0,0,19,0.3,0.14,0,19,0,0
8,26,1,0,0,19,0.3,0.14,0,19,0,0
8,26,2,0,0,19,0.3,0.14,0,19,0,0
8,26,3,0,0,19,0.4,0.14,0,19,0,0
8,26,4,0,0,19,0.4,0.14,0,19,0,0
8,26,5,0,0,19,0.4,0.14,0,0,0,0
8,26,6,363,63,21,0.5,0.14,128.531,24.998,88.51,81.41
8,26,7,449,119,23,0.6,0.14,313.655,33.123,252.172,239.273
8,26,8,688,121,25,0.7,0.14,572.571,43.154,457.868,437.68
8,26,9,456,260,26,0.7,0.14,656.052,46.667,511.053,488.98
8,26,10,291,372,27,0.7,0.14,675.513,48.186,517.885,495.571
8,26,11,353,387,28,0.7,0.14,776.094,52.37,585.401,560.695
8,26,12,473,335,28,0.7,0.14,851.509,54.811,638.286,611.706
8,26,13,809,136,28,0.6,0.14,923.923,58.089,690.436,662.007
8,26,14,780,127,28,0.6,0.14,790.45,53.748,603.675,578.321
8,26,15,721,113,27,0.6,0.14,599.218,46.545,473.024,452.299
8,26,16,621,93,26,0.5,0.14,375.443,38.514,298.595,284.051
8,26,17,421,63,24,0.4,0.14,150.765,28.87,104.304,96.645
8,26,18,0,10,22,0.3,0.14,10.015,22.294,4.651,0.523
8,26,19,0,0,21,0.3,0.14,0,21,0,0
8,26,20,0,0,20,0.2,0.14,0,20,0,0
8,26,21,0,0,20,0.2,0.14,0,20,0,0
8,26,22,0,0,20,0.2,0.14,0,20,0,0
8,26,23,0,0,20,0.2,0.14,0,20,0,0
8,27,0,0,0,20,0.2,0.14,0,20,0,0
8,27,1,0,0,20,0.3,0.14,0,20,0,0
8,27,2,0,0,20,0.3,0.14,0,20,0,0
8,27,3,0,0,20,0.3,0.14,0,20,0,0
8,27,4,0,0,20,0.2,0.14,0,20,0,0
8,27,5,0,0,20,0.3,0.14,0,0,0,0
8,27,6,0,4,22,0.4,0.14,3.88,22.131,2.686,0
8,27,7,0,43,23,0.4,0.14,41.864,24.419,32.473,27.359
8,27,8,723,103,25,0.5,0.14,574.638,44.292,458.006,437.814
8,27,9,46,294,26,0.6,0.14,338.153,36.817,266.1,252.707
8,27,10,10,228,27,0.6,0.14,235.517,34.489,183.224,172.768
8,27,11,68,395,28,0.6,0.14,478.85,43.313,367.82,350.823
8,27,12,323,374,28,0.5,0.14,733.11,52.35,552.384,528.847
8,27,13,234,388,29,0.5,0.14,632.466,49.957,480.062,459.088
8,27,14,46,299,28,0.5,0.14,344.195,39.329,268.129,254.664
8,27,15,259,245,28,0.4,0.14,427.342,42.638,336.46,320.575
8,27,16,603,95,27,0.3,0.14,367.784,40.019,290.398,276.145
8,27,17,403,64,25,0.2,0.14,145.46,30.001,99.928,92.423
8,27,18,28,8,23,0.2,0.14,8.249,23.243,3.777,0
8,27,19,0,0,23,0.3,0.13,0,23,0,0
8,27,20,0,0,22,0.3,0.13,0,22,0,0
8,27,21,0,0,22,0.3,0.13,0,22,0,0
8,27,22,0,0,22,0.3,0.13,0,22,0,0
8,27,23,0,0,22,0.3,0.13,0,22,0,0
8,28,0,0,0,22,0.3,0.13,0,22,0,0
8,28,1,0,0,22,0.3,0.13,0,22,0,0
8,28,2,0,0,22,0.3,0.13,0,22,0,0
8,28,3,0,0,22,0.3,0.13,0,22,0,0
8,28,4,0,0,22,0.4,0.13,0,22,0,0
8,28,5,0,0,22,0.4,0.13,0,0,0,0
8,28,6,16,67,22,0.5,0.13,67.607,24.219,52.532,46.707
8,28,7,239,150,24,0.6,0.13,254.002,32.196,204.232,193.032
8,28,8,132,252,26,0.7,0.13,343.446,36.78,274.202,260.522
8,28,9,680,178,27,0.7,0.13,752.096,50.846,580.175,555.654
8,28,10,830,132,28,0.7,0.13,928.283,57.478,696.118,667.488
8,28,11,880,119,29,0.7,0.13,1014.647,61.184,748.053,717.583
8,28,12,901,109,30,0.7,0.13,1027.115,62.587,753.01,722.364
8,28,13,865,120,30,0.7,0.13,948.454,60.126,703.812,674.909
8,28,14,833,112,29,0.6,0.13,812.523,55.552,616.949,591.124
8,28,15,771,102,29,0.6,0.13,614.183,49.094,480.807,459.807
8,28,16,655,87,28,0.5,0.13,379.356,40.68,298.745,284.195
8,28,17,437,60,25,0.3,0.13,147.772,29.912,100.306,92.788
8,28,18,0,0,22,0.2,0.13,0,0,0,0
8,28,19,0,0,21,0.2,0.13,0,21,0,0
8,28,20,0,0,21,0.2,0.13,0,21,0,0
8,28,21,0,0,21,0.2,0.13,0,21,0,0
8,28,22,0,0,20,0.3,0.13,0,20,0,0
8,28,23,0,0,20,0.3,0.13,0,20,0,0
8,29,0,0,0,19,0.3,0.13,0,19,0,0
8,29,1,0,0,18,0.3,0.13,0,18,0,0
8,29,2,0,0,18,0.3,0.13,0,18,0,0
8,29,3,0,0,17,0.2,0.13,0,17,0,0
8,29,4,0,0,16,0.2,0.13,0,16,0,0
8,29,5,0,0,17,0.2,0.13,0,0,0,0
8,29,6,492,48,19,0.3,0.13,136.22,23.438,89.85,82.703
8,29,7,713,69,22,0.4,0.13,372.285,34.795,297.852,283.334
8,29,8,815,83,24,0.4,0.13,608.735,45.133,484.948,463.801
8,29,9,870,92,25,0.3,0.13,806.195,53.804,617.412,591.571
8,29,10,900,98,26,0.3,0.13,950.12,59.929,706.437,677.442
8,29,11,912,103,27,0.3,0.13,1028.418,63.665,750.905,720.333
8,29,12,910,104,28,0.4,0.13,1029.123,63.605,751.52,720.927
8,29,13,452,311,28,0.4,0.13,771.594,54.512,580.244,555.72
8,29,14,446,263,28,0.4,0.13,654.622,50.53,502.049,480.296
8,29,15,780,97,27,0.4,0.13,612.694,48.254,481.491,460.467
8,29,16,686,78,26,0.3,0.13,381.251,39.534,301.34,286.699
8,29,17,490,52,23,0.4,0.13,148.259,27.75,99.23,91.751
8,29,18,0,0,21,0.5,0.13,0,0,0,0
8,29,19,0,0,19,0.5,0.13,0,19,0,0
8,29,20,0,0,18,0.4,0.13,0,18,0,0
8,29,21,0,0,18,0.2,0.13,0,18,0,0
8,29,22,0,0,17,0.2,0.13,0,17,0,0
8,29,23,0,0,16,0.2,0.13,0,16,0,0
8,30,0,0,0,15,0.2,0.13,0,15,0,0
8,30,1,0,0,15,0.2,0.13,0,15,0,0
8,30,2,0,0,14,0.2,0.13,0,14,0,0
8,30,3,0,0,14,0.2,0.13,0,14,0,0
8,30,4,0,0,13,0.2,0.13,0,13,0,0
8,30,5,0,0,14,0.2,0.13,0,0,0,0
8,30,6,484,49,17,0.3,0.13,135.565,21.42,90.277,83.115
8,30,7,690,76,21,0.2,0.13,369.486,34.51,295.948,281.498
8,30,8,795,93,24,0.2,0.13,606.734,46.396,480.782,459.782
8,30,9,854,104,26,0.2,0.13,805.888,55.7,612.292,586.632
8,30,10,882,114,27,0.3,0.13,951.229,60.919,704.167,675.252
8,30,11,892,121,28,0.3,0.13,1026.752,64.609,746.48,716.065
8,30,12,881,127,29,0.4,0.13,1023.914,64.41,744.852,714.495
8,30,13,802,157,29,0.4,0.13,933.904,61.266,689.067,660.687
8,30,14,743,157,29,0.4,0.13,786.757,56.216,594.772,569.733
8,30,15,666,142,28,0.3,0.13,586.364,48.936,458.185,437.987
8,30,16,524,119,27,0.3,0.13,350.398,39.42,276.535,262.773
8,30,17,335,69,24,0.5,0.13,133.261,28.209,92.66,85.413
8,30,18,0,0,21,0.8,0.13,0,0,0,0
8,30,19,0,0,19,0.7,0.13,0,19,0,0
8,30,20,0,0,18,0.5,0.13,0,18,0,0
8,30,21,0,0,18,0.3,0.13,0,18,0,0
8,30,22,0,0,18,0.3,0.13,0,18,0,0
8,30,23,0,0,17,0.3,0.13,0,17,0,0
8,31,0,0,0,17,0.2,0.13,0,17,0,0
8,31,1,0,0,16,0.2,0.13,0,16,0,0
8,31,2,0,0,16,0.2,0.13,0,16,0,0
8,31,3,0,0,16,0.2,0.13,0,16,0,0
8,31,4,0,0,15,0.4,0.13,0,15,0,0
8,31,5,0,0,16,0.3,0.13,0,0,0,0
8,31,6,313,67,19,0.2,0.13,122.301,23.21,85.631,78.633
8,31,7,610,96,23,0.3,0.13,357.071,35.648,284.762,270.708
8,31,8,744,113,26,0.4,0.13,596.208,46.687,471.333,450.668
8,31,9,820,123,29,0.5,0.13,802.405,55.995,608.507,582.981
8,31,10,864,127,31,0.5,0.13,947.444,62.826,695.637,667.024
8,31,11,886,128,32,0.5,0.13,1027.439,66.502,741.008,710.788
8,31,12,886,129,32,0.5,0.13,1029.894,66.584,742.466,712.194
8,31,13,831,145,33,0.6,0.13,946.385,63.879,691.171,662.716
8,31,14,787,138,32,0.6,0.13,797.811,58.066,599.31,574.111
8,31,15,714,124,31,0.5,0.13,596.156,51.072,462.578,442.223
8,31,16,590,101,30,0.4,0.13,361.01,42.405,281.399,267.464
8,31,17,369,63,27,0.3,0.13,132.453,31.417,89.207,82.082
8,31,18,0,0,24,0.3,0.13,0,0,0,0
8,31,19,0,0,24,0.3,0.14,0,24,0,0
8,31,20,0,0,23,0.3,0.14,0,23,0,0
8,31,21,0,0,23,0.2,0.14,0,23,0,0
8,31,22,0,0,22,0.1,0.14,0,22,0,0
8,31,23,0,0,22,0.1,0.14,0,22,0,0
9,1,0,0,0,22,0.1,0.14,0,22,0,0
9,1,1,0,0,21,0.1,0.14,0,21,0,0
9,1,2,0,0,21,0.3,0.14,0,21,0,0
9,1,3,0,0,21,0.4,0.14,0,21,0,0
9,1,4,0,0,21,0.3,0.14,0,21,0,0
9,1,5,0,0,21,0.3,0.14,0,0,0,0
9,1,6,55,68,23,0.3,0.14,76.071,25.621,57.359,51.363
9,1,7,118,155,26,0.2,0.14,206.954,33.5,164.796,154.993
9,1,8,43,220,27,0.2,0.14,250.396,36.05,197.82,186.847
9,1,9,90,313,28,0.2,0.14,394.769,42.279,306.313,291.495
9,1,10,116,379,29,0.3,0.14,511.831,46.944,390.399,372.602
9,1,11,178,416,30,0.3,0.14,623.275,51.883,467.633,447.1
9,1,12,24,319,31,0.4,0.14,344,42.607,262.07,248.821
9,1,13,54,349,31,0.4,0.14,412.39,44.975,314.351,299.249
9,1,14,256,315,30,0.4,0.14,547.389,48.731,419.62,400.788
9,1,15,499,178,30,0.4,0.14,513.354,47.688,401.023,382.849
9,1,16,131,156,29,0.3,0.14,214.592,36.541,169.081,159.126
9,1,17,145,69,26,0.2,0.14,95.821,29.362,68.942,62.536
9,1,18,0,0,24,0.2,0.14,0,0,0,0
9,1,19,0,0,24,0.2,0.14,0,24,0,0
9,1,20,0,0,23,0.2,0.14,0,23,0,0
9,1,21,0,0,23,0.2,0.14,0,23,0,0
9,1,22,0,0,22,0.2,0.14,0,22,0,0
9,1,23,0,0,22,0.3,0.14,0,22,0,0
9,2,0,0,0,22,0.2,0.14,0,22,0,0
9,2,1,0,0,22,0.2,0.14,0,22,0,0
9,2,2,0,0,21,0.2,0.14,0,21,0,0
9,2,3,0,0,21,0.2,0.14,0,21,0,0
9,2,4,0,0,21,0.2,0.14,0,21,0,0
9,2,5,0,0,22,0.2,0.14,0,22,0,0
9,2,6,313,62,24,0.3,0.14,117.348,27.898,79.769,72.979
9,2,7,532,103,26,0.3,0.14,332.693,37.749,262.728,249.455
9,2,8,652,129,29,0.4,0.14,556.997,48.25,436.565,417.132
9,2,9,718,148,30,0.4,0.14,751.193,55.932,568.731,544.615
9,2,10,748,163,31,0.4,0.14,885.379,61.543,652.379,625.299
9,2,11,758,173,32,0.5,0.14,956.538,64.025,695.89,667.269
9,2,12,756,174,32,0.5,0.14,956.288,64.016,695.691,667.076
9,2,13,717,180,32,0.6,0.14,880.828,60.661,650.88,623.853
9,2,14,666,172,31,0.6,0.14,738.115,55.017,560.113,536.302
9,2,15,586,154,30,0.6,0.14,544.795,47.746,426.942,407.85
9,2,16,446,126,29,0.5,0.14,321.482,39.693,252.399,239.492
9,2,17,268,60,27,0.3,0.14,109.4,30.657,74.441,67.84
9,2,18,0,0,25,0.2,0.14,0,0,0,0
9,2,19,0,0,25,0.3,0.14,0,25,0,0
9,2,20,0,0,25,0.4,0.14,0,25,0,0
9,2,21,0,0,24,0.4,0.14,0,24,0,0
9,2,22,0,0,23,0.3,0.14,0,23,0,0
9,2,23,0,0,23,0.3,0.14,0,23,0,0
9,3,0,0,0,22,0.3,0.14,0,22,0,0
9,3,1,0,0,21,0.3,0.14,0,21,0,0
9,3,2,0,0,20,0.2,0.14,0,20,0,0
9,3,3,0,0,19,0.2,0.14,0,19,0,0
9,3,4,0,0,19,0.2,0.14,0,19,0,0
9,3,5,0,0,19,0.2,0.14,0,19,0,0
9,3,6,0,59,21,0.3,0.14,57.4,22.999,44.859,39.306
9,3,7,163,149,22,0.4,0.14,219.397,29.485,177.683,167.423
9,3,8,117,238,24,0.4,0.14,321.391,34.968,258.114,245.005
9,3,9,453,253,25,0.3,0.14,646.304,47.889,501.652,479.913
9,3,10,446,305,26,0.3,0.14,757.299,52.793,573.947,549.647
9,3,11,563,279,27,0.3,0.14,877.83,58.116,651.701,624.645
9,3,12,467,325,28,0.2,0.14,832.117,58.383,615.464,589.692
9,3,13,418,314,29,0.2,0.14,741.517,56.056,554.022,530.428
9,3,14,531,224,29,0.2,0.14,679.358,53.874,516.03,493.781
9,3,15,500,174,28,0.2,0.14,507.063,46.599,398.029,379.962
9,3,16,324,133,27,0.2,0.14,273.235,36.943,215.874,204.261
9,3,17,94,65,25,0.4,0.14,81.085,27.69,59.265,53.201
9,3,18,0,0,23,0.7,0.14,0,23,0,0
9,3,19,0,0,22,0.8,0.14,0,22,0,0
9,3,20,0,0,21,0.8,0.14,0,21,0,0
9,3,21,0,0,20,0.8,0.14,0,20,0,0
9,3,22,0,0,19,0.8,0.14,0,19,0,0
9,3,23,0,0,19,0.9,0.14,0,19,0,0
9,4,0,0,0,19,0.8,0.14,0,19,0,0
9,4,1,0,0,19,0.8,0.14,0,19,0,0
9,4,2,0,0,19,0.7,0.14,0,19,0,0
9,4,3,0,0,19,0.4,0.14,0,19,0,0
9,4,4,0,0,19,0.2,0.14,0,19,0,0
9,4,5,0,0,19,0.2,0.14,0,19,0,0
9,4,6,403,51,21,0.2,0.14,122.538,25.145,81.038,74.203
9,4,7,215,144,24,0.2,0.14,238.764,32.675,191.279,180.538
9,4,8,746,100,27,0.3,0.14,583.056,47.818,459.228,438.992
9,4,9,807,113,28,0.3,0.14,781.343,55.858,593.213,568.23
9,4,10,846,119,29,0.4,0.14,920.895,60.832,682.196,654.06
9,4,11,856,126,30,0.4,0.14,993.322,64.318,723.394,693.798
9,4,12,848,130,31,0.5,0.14,989.82,64.2,721.101,691.586
9,4,13,787,150,30,0.6,0.14,906.439,59.537,674.229,646.375
9,4,14,738,144,29,0.6,0.14,762.269,53.851,582.529,557.924
9,4,15,661,129,29,0.5,0.14,562.354,47.886,441.722,422.106
9,4,16,536,103,28,0.4,0.14,334.158,39.457,262.129,248.877
9,4,17,314,60,25,0.3,0.14,115.415,28.833,77.659,70.943
9,4,18,0,0,23,0.2,0.14,0,23,0,0
9,4,19,0,0,22,0.3,0.14,0,22,0,0
9,4,20,0,0,21,0.3,0.14,0,21,0,0
9,4,21,0,0,20,0.2,0.14,0,20,0,0
9,4,22,0,0,20,0.2,0.14,0,20,0,0
9,4,23,0,0,19,0.2,0.14,0,19,0,0
9,5,0,0,0,19,0.2,0.14,0,19,0,0
9,5,1,0,0,20,0.2,0.14,0,20,0,0
9,5,2,0,0,20,0.3,0.14,0,20,0,0
9,5,3,0,0,20,0.5,0.14,0,20,0,0
9,5,4,0,0,20,0.6,0.14,0,20,0,0
9,5,5,0,0,21,0.5,0.14,0,21,0,0
9,5,6,263,63,23,0.3,0.14,109.467,26.657,75.528,68.888
9,5,7,511,105,26,0.3,0.14,323.303,37.419,255.384,242.371
9,5,8,648,128,28,0.3,0.14,552.157,47.697,433.913,414.574
9,5,9,727,141,29,0.4,0.14,749.281,54.893,570.154,545.988
9,5,10,756,157,30,0.5,0.14,884.297,59.646,657.223,629.971
9,5,11,771,164,31,0.5,0.14,958.105,63.069,700.425,671.642
9,5,12,769,164,31,0.5,0.14,955.937,62.997,699.047,670.313
9,5,13,626,228,31,0.5,0.14,843.827,59.227,626.284,600.129
9,5,14,587,207,30,0.5,0.14,703.662,53.546,536.386,513.416
9,5,15,524,173,30,0.5,0.14,518.14,47.366,406.077,387.724
9,5,16,28,135,29,0.4,0.14,146.882,33.994,115.542,107.484
9,5,17,5,58,27,0.3,0.14,57.311,28.992,43.308,37.81
9,5,18,0,0,25,0.2,0.14,0,25,0,0
9,5,19,0,0,24,0.2,0.13,0,24,0,0
9,5,20,0,0,24,0.3,0.13,0,24,0,0
9,5,21,0,0,23,0.2,0.13,0,23,0,0
9,5,22,0,0,23,0.2,0.13,0,23,0,0
9,5,23,0,0,23,0.2,0.13,0,23,0,0
9,6,0,0,0,22,0.2,0.13,0,22,0,0
9,6,1,0,0,22,0.3,0.13,0,22,0,0
9,6,2,0,0,22,0.2,0.13,0,22,0,0
9,6,3,0,0,22,0.2,0.13,0,22,0,0
9,6,4,0,0,21,0.2,0.13,0,21,0,0
9,6,5,0,0,22,0.2,0.13,0,22,0,0
9,6,6,302,57,24,0.3,0.13,109.591,27.648,73.617,67.045
9,6,7,491,109,26,0.4,0.13,318.282,36.931,251.834,238.947
9,6,8,625,135,28,0.4,0.13,543.875,46.849,428.636,409.484
9,6,9,701,152,30,0.4,0.13,738.645,55.562,560.271,536.455
9,6,10,785,140,31,0.4,0.13,890.338,61.816,656.335,629.115
9,6,11,791,150,31,0.5,0.13,959.851,63.202,701.788,672.957
9,6,12,778,157,31,0.6,0.13,954.138,62.1,700.676,671.884
9,6,13,476,288,31,0.6,0.13,763.75,55.811,572.658,548.403
9,6,14,0,45,30,0.5,0.13,43.759,31.436,32.295,27.187
9,6,15,0,31,29,0.4,0.13,30.091,30.02,22.181,17.432
9,6,16,38,136,28,0.3,0.13,151.519,33.328,119.614,111.412
9,6,17,0,2,26,0.2,0.13,1.933,26.07,1.247,0
9,6,18,0,0,24,0.2,0.13,0,24,0,0
9,6,19,0,0,23,0.2,0.13,0,23,0,0
9,6,20,0,0,23,0.3,0.13,0,23,0,0
9,6,21,0,0,22,0.3,0.13,0,22,0,0
9,6,22,0,0,21,0.4,0.13,0,21,0,0
9,6,23,0,0,20,0.5,0.13,0,20,0,0
9,7,0,0,0,19,0.5,0.13,0,19,0,0
9,7,1,0,0,18,0.5,0.13,0,18,0,0
9,7,2,0,0,18,0.5,0.13,0,18,0,0
9,7,3,0,0,17,0.5,0.13,0,17,0,0
9,7,4,0,0,17,0.4,0.13,0,17,0,0
9,7,5,0,0,17,0.4,0.13,0,17,0,0
9,7,6,22,58,17,0.5,0.13,60.623,18.981,47.186,41.55
9,7,7,587,90,19,0.6,0.13,339.839,30.019,276.348,262.592
9,7,8,736,104,21,0.6,0.13,579.827,39.982,471.147,450.489
9,7,9,823,110,23,0.5,0.13,787.303,49.51,613.798,588.085
9,7,10,892,101,25,0.5,0.13,940.465,56.612,709.889,680.771
9,7,11,910,105,26,0.4,0.13,1019.228,61.28,752.812,722.174
9,7,12,915,103,27,0.4,0.13,1021.04,62.345,750.904,720.333
9,7,13,512,273,27,0.4,0.13,780.79,53.877,590.859,565.959
9,7,14,430,257,27,0.4,0.13,627.772,48.626,485.873,464.693
9,7,15,404,192,26,0.3,0.13,460.618,42.375,366.587,349.634
9,7,16,604,83,25,0.3,0.13,334.849,36.856,264.193,250.868
9,7,17,467,42,22,0.5,0.13,119.029,25.628,74.618,68.011
9,7,18,0,0,20,0.7,0.13,0,20,0,0
9,7,19,0,0,19,0.7,0.13,0,19,0,0
9,7,20,0,0,18,0.6,0.13,0,18,0,0
9,7,21,0,0,17,0.6,0.13,0,17,0,0
9,7,22,0,0,16,0.4,0.13,0,16,0,0
9,7,23,0,0,16,0.2,0.13,0,16,0,0
9,8,0,0,0,16,0.2,0.13,0,16,0,0
9,8,1,0,0,15,0.2,0.13,0,15,0,0
9,8,2,0,0,15,0.2,0.13,0,15,0,0
9,8,3,0,0,14,0.3,0.13,0,14,0,0
9,8,4,0,0,14,0.3,0.13,0,14,0,0
9,8,5,0,0,15,0.3,0.13,0,15,0,0
9,8,6,424,45,17,0.4,0.13,118.631,20.763,77.916,71.192
9,8,7,436,109,20,0.5,0.13,295.535,29.856,239.925,227.46
9,8,8,0,113,21,0.6,0.13,110.407,24.532,88.415,81.318
9,8,9,61,290,22,0.6,0.13,347.369,33.164,278.417,264.588
9,8,10,32,306,23,0.7,0.13,345.866,33.772,274.325,260.641
9,8,11,21,297,23,0.7,0.13,317.823,32.869,251.394,238.523
9,8,12,210,398,24,0.7,0.13,634.385,43.897,492.852,471.425
9,8,13,30,302,24,0.8,0.13,339.607,34.293,268.691,255.206
9,8,14,70,291,23,0.8,0.13,355.215,33.812,284.412,270.371
9,8,15,306,210,22,0.8,0.13,412.38,34.68,336.586,320.696
9,8,16,85,138,21,0.7,0.13,172.178,26.398,140.127,131.198
9,8,17,0,11,20,0.5,0.13,10.641,20.349,7.709,3.473
9,8,18,0,0,18,0.3,0.13,0,18,0,0
9,8,19,0,0,17,0.3,0.13,0,17,0,0
9,8,20,0,0,17,0.3,0.13,0,17,0,0
9,8,21,0,0,17,0.3,0.13,0,17,0,0
9,8,22,0,0,17,0.3,0.13,0,17,0,0
9,8,23,0,0,17,0.3,0.13,0,17,0,0
9,9,0,0,0,17,0.3,0.13,0,17,0,0
9,9,1,0,0,16,0.3,0.13,0,16,0,0
9,9,2,0,0,16,0.3,0.13,0,16,0,0
9,9,3,0,0,16,0.3,0.13,0,16,0,0
9,9,4,0,0,16,0.3,0.13,0,16,0,0
9,9,5,0,0,16,0.4,0.13,0,16,0,0
9,9,6,293,50,18,0.5,0.13,100.731,21.148,68.343,61.958
9,9,7,0,109,20,0.6,0.13,106.827,23.431,86.8,79.761
9,9,8,13,182,21,0.7,0.13,188.037,26.866,152.5,143.133
9,9,9,26,253,22,0.6,0.13,272.915,30.74,218.798,207.081
9,9,10,58,338,23,0.6,0.13,404.647,35.981,320.14,304.832
9,9,11,24,308,24,0.6,0.13,332.286,34.614,261.513,248.283
9,9,12,70,374,25,0.6,0.13,459.607,39.744,358.67,341.997
9,9,13,59,336,25,0.6,0.13,403.106,37.933,316.566,301.385
9,9,14,12,219,24,0.5,0.13,226.735,31.463,180.019,169.677
9,9,15,112,224,23,0.5,0.13,302.536,33.055,244.819,232.18
9,9,16,0,110,22,0.5,0.13,107.886,25.566,86.968,79.923
9,9,17,256,55,21,0.4,0.13,95.83,24.088,64.547,58.297
9,9,18,0,0,19,0.3,0.13,0,19,0,0
9,9,19,0,0,19,0.3,0.13,0,19,0,0
9,9,20,0,0,18,0.4,0.13,0,18,0,0
9,9,21,0,0,18,0.3,0.13,0,18,0,0
9,9,22,0,0,17,0.3,0.13,0,17,0,0
9,9,23,0,0,17,0.3,0.13,0,17,0,0
9,10,0,0,0,17,0.3,0.13,0,17,0,0
9,10,1,0,0,17,0.3,0.13,0,17,0,0
9,10,2,0,0,17,0.3,0.13,0,17,0,0
9,10,3,0,0,16,0.3,0.13,0,16,0,0
9,10,4,0,0,16,0.3,0.13,0,16,0,0
9,10,5,0,0,16,0.3,0.13,0,16,0,0
9,10,6,385,46,18,0.3,0.13,112.775,21.701,74.184,67.591
9,10,7,627,76,20,0.3,0.13,340.382,32.068,274.225,260.544
9,10,8,744,94,22,0.2,0.13,571.679,43.117,459.266,439.029
9,10,9,800,110,24,0.2,0.13,767.65,52.303,591.953,567.014
9,10,10,830,122,25,0.2,0.13,909.33,58.489,680.776,652.69
9,10,11,839,130,26,0.2,0.13,980.286,62.08,721.26,691.739
9,10,12,261,385,27,0.2,0.13,680.92,51.804,514.181,491.998
9,10,13,65,339,27,0.3,0.13,412.001,41.449,319.456,304.173
9,10,14,120,301,27,0.4,0.13,413.483,41.126,323.962,308.52
9,10,15,79,217,26,0.5,0.13,269.388,34.942,215.338,203.744
9,10,16,411,106,25,0.4,0.13,275.527,34.443,218.158,206.464
9,10,17,0,32,22,0.3,0.13,31.049,23.08,23.247,18.46
9,10,18,0,0,20,0.3,0.13,0,20,0,0
9,10,19,0,0,19,0.4,0.13,0,19,0,0
9,10,20,0,0,19,0.4,0.13,0,19,0,0
9,10,21,0,0,18,0.3,0.13,0,18,0,0
9,10,22,0,0,18,0.3,0.13,0,18,0,0
9,10,23,0,0,17,0.3,0.13,0,17,0,0
9,11,0,0,0,17,0.3,0.13,0,17,0,0
9,11,1,0,0,17,0.4,0.13,0,17,0,0
9,11,2,0,0,18,0.5,0.13,0,18,0,0
9,11,3,0,0,18,0.5,0.13,0,18,0,0
9,11,4,0,0,18,0.4,0.13,0,18,0,0
9,11,5,0,0,18,0.5,0.13,0,18,0,0
9,11,6,307,51,20,0.7,0.13,103.797,23.062,69.538,63.111
9,11,7,0,113,22,0.8,0.13,110.962,25.374,89.607,82.468
9,11,8,281,214,24,0.8,0.13,403.83,36.416,327.043,311.491
9,11,9,239,299,27,0.8,0.13,507.278,42.534,398.804,380.709
9,11,10,32,304,28,0.7,0.13,344.302,38.726,267.938,254.481
9,11,11,0,126,29,0.7,0.13,123.451,32.819,94.126,86.827
9,11,12,25,295,29,0.6,0.13,329.926,39.556,254.716,241.727
9,11,13,5,191,29,0.5,0.13,193.242,35.342,149.125,139.878
9,11,14,90,290,29,0.4,0.13,370.144,41.628,288.26,274.083
9,11,15,629,123,28,0.4,0.13,522.044,46.11,413.241,394.635
9,11,16,513,93,27,0.3,0.13,302.22,37.678,236.113,223.783
9,11,17,274,48,25,0.3,0.13,89.59,27.946,57.38,51.384
9,11,18,0,0,23,0.3,0.13,0,23,0,0
9,11,19,0,0,23,0.2,0.13,0,23,0,0
9,11,20,0,0,22,0.3,0.13,0,22,0,0
9,11,21,0,0,21,0.3,0.13,0,21,0,0
9,11,22,0,0,20,0.3,0.13,0,20,0,0
9,11,23,0,0,19,0.4,0.13,0,19,0,0
9,12,0,0,0,18,0.4,0.13,0,18,0,0
9,12,1,0,0,17,0.4,0.13,0,17,0,0
9,12,2,0,0,16,0.4,0.13,0,16,0,0
9,12,3,0,0,15,0.4,0.13,0,15,0,0
9,12,4,0,0,14,0.4,0.13,0,14,0,0
9,12,5,0,0,14,0.4,0.13,0,14,0,0
9,12,6,442,42,15,0.6,0.13,117.519,18.502,76.447,69.774
9,12,7,682,67,17,0.7,0.13,352.028,28.116,287.847,273.683
9,12,8,795,82,19,0.6,0.13,589.361,38.319,483.222,462.136
9,12,9,858,90,21,0.5,0.13,785.895,47.474,618.832,592.941
9,12,10,904,90,23,0.4,0.13,933.342,55.363,709.021,679.934
9,12,11,920,93,24,0.4,0.13,1008.479,58.949,753.076,722.428
9,12,12,920,93,25,0.4,0.13,1005.796,59.857,748.367,717.886
9,12,13,887,100,26,0.3,0.13,921.364,58.926,689.824,661.417
9,12,14,853,93,26,0.3,0.13,773.568,53.667,594.505,569.476
9,12,15,790,82,25,0.3,0.13,571.906,45.485,456.17,436.042
9,12,16,672,65,23,0.3,0.13,331.352,34.726,261.206,247.986
9,12,17,163,46,20,0.4,0.13,69.928,22.262,47.326,41.686
9,12,18,0,0,18,0.4,0.13,0,18,0,0
9,12,19,0,0,16,0.2,0.13,0,16,0,0
9,12,20,0,0,15,0.2,0.13,0,15,0,0
9,12,21,0,0,15,0.2,0.13,0,15,0,0
9,12,22,0,0,14,0.2,0.13,0,14,0,0
9,12,23,0,0,14,0.2,0.13,0,14,0,0
9,13,0,0,0,13,0.2,0.13,0,13,0,0
9,13,1,0,0,13,0.2,0.13,0,13,0,0
9,13,2,0,0,13,0.2,0.13,0,13,0,0
9,13,3,0,0,13,0.3,0.13,0,13,0,0
9,13,4,0,0,13,0.3,0.13,0,13,0,0
9,13,5,0,0,13,0.3,0.13,0,13,0,0
9,13,6,0,10,15,0.4,0.13,9.673,15.327,7.127,2.911
9,13,7,0,27,17,0.4,0.13,26.171,17.89,20.498,15.808
9,13,8,0,153,19,0.5,0.13,150.783,23.97,122.654,114.344
9,13,9,58,280,20,0.4,0.13,335.29,31.423,270.55,257
9,13,10,5,193,21,0.4,0.13,195.374,27.605,155.615,146.137
9,13,11,0,55,22,0.4,0.13,53.575,23.806,40.942,35.528
9,13,12,0,45,22,0.4,0.13,43.821,23.477,33.24,28.098
9,13,13,0,92,22,0.4,0.13,89.651,25.025,69.951,63.509
9,13,14,0,144,21,0.5,0.13,141.383,25.645,112.888,104.925
9,13,15,0,67,21,0.5,0.13,65.12,23.145,51.426,45.64
9,13,16,311,113,20,0.4,0.13,237.256,28.119,191.523,180.773
9,13,17,160,51,19,0.3,0.13,74.039,21.475,50.705,44.944
9,13,18,0,0,17,0.3,0.13,0,17,0,0
9,13,19,0,0,16,0.3,0.13,0,16,0,0
9,13,20,0,0,15,0.3,0.13,0,15,0,0
9,13,21,0,0,14,0.3,0.13,0,14,0,0
9,13,22,0,0,13,0.3,0.13,0,13,0,0
9,13,23,0,0,12,0.3,0.13,0,12,0,0
9,14,0,0,0,11,0.3,0.13,0,11,0,0
9,14,1,0,0,10,0.3,0.13,0,10,0,0
9,14,2,0,0,9,0.3,0.13,0,9,0,0
9,14,3,0,0,9,0.2,0.13,0,9,0,0
9,14,4,0,0,8,0.2,0.13,0,8,0,0
9,14,5,0,0,8,0.3,0.13,0,8,0,0
9,14,6,457,42,10,0.5,0.13,119.375,13.655,78.575,71.828
9,14,7,724,67,12,0.5,0.13,368.166,24.297,305.541,290.751
9,14,8,849,79,14,0.4,0.13,617.799,35.487,512.862,490.725
9,14,9,914,85,17,0.3,0.13,822.506,46.445,651.096,624.061
9,14,10,943,91,19,0.3,0.13,968.742,53.599,741.678,711.433
9,14,11,493,295,20,0.3,0.13,819.479,49.072,631.261,604.929
9,14,12,554,274,21,0.3,0.13,853.946,51.324,653.065,625.961
9,14,13,638,212,21,0.3,0.13,825.448,50.367,636.719,610.194
9,14,14,745,128,20,0.3,0.13,729.499,46.078,576.765,552.364
9,14,15,390,179,19,0.3,0.13,430.789,34.332,354.05,337.541
9,14,16,607,67,18,0.3,0.13,304.796,28.767,244.67,232.037
9,14,17,409,36,16,0.4,0.13,93.375,18.866,56.25,50.293
9,14,18,0,0,14,0.5,0.13,0,14,0,0
9,14,19,0,0,13,0.5,0.13,0,13,0,0
9,14,20,0,0,11,0.5,0.13,0,11,0,0
9,14,21,0,0,11,0.4,0.13,0,11,0,0
9,14,22,0,0,10,0.3,0.13,0,10,0,0
9,14,23,0,0,9,0.3,0.13,0,9,0,0
9,15,0,0,0,9,0.3,0.13,0,9,0,0
9,15,1,0,0,9,0.3,0.13,0,9,0,0
9,15,2,0,0,8,0.2,0.13,0,8,0,0
9,15,3,0,0,8,0.2,0.13,0,8,0,0
9,15,4,0,0,7,0.2,0.13,0,7,0,0
9,15,5,0,0,8,0.2,0.13,0,8,0,0
9,15,6,457,38,10,0.2,0.13,115.058,13.843,74.711,68.1
9,15,7,702,64,14,0.2,0.13,355.511,27.014,291.673,277.374
9,15,8,812,81,17,0.2,0.13,596.37,39.067,488.067,466.809
9,15,9,870,92,19,0.1,0.13,795.509,49.31,622.378,596.361
9,15,10,897,102,20,0,0.13,937.509,56.875,708.072,679.019
9,15,11,910,106,21,0,0.13,1009.456,60.683,748.682,718.19
9,15,12,908,106,22,0.1,0.13,1003.789,60.189,746.124,715.722
9,15,13,873,111,23,0.1,0.13,915.096,57.827,688.54,660.179
9,15,14,824,106,22,0.2,0.13,762.881,50.135,594.778,569.739
9,15,15,615,118,21,0.2,0.13,500.768,39.484,407.09,388.702
9,15,16,278,118,19,0.3,0.13,228.331,27.051,184.763,174.252
9,15,17,294,40,17,0.3,0.13,80.229,19.584,49.973,44.239
9,15,18,0,0,15,0.2,0.13,0,15,0,0
9,15,19,0,0,15,0.2,0.13,0,15,0,0
9,15,20,0,0,14,0.3,0.13,0,14,0,0
9,15,21,0,0,13,0.3,0.13,0,13,0,0
9,15,22,0,0,13,0.3,0.13,0,13,0,0
9,15,23,0,0,12,0.3,0.13,0,12,0,0
9,16,0,0,0,12,0.2,0.13,0,12,0,0
9,16,1,0,0,12,0.2,0.13,0,12,0,0
9,16,2,0,0,12,0.2,0.13,0,12,0,0
9,16,3,0,0,12,0.2,0.13,0,12,0,0
9,16,4,0,0,13,0.2,0.13,0,13,0,0
9,16,5,0,0,13,0.2,0.13,0,13,0,0
9,16,6,156,58,14,0.4,0.13,85.022,16.789,61.495,55.353
9,16,7,378,131,15,0.5,0.13,294.186,24.797,243.644,231.047
9,16,8,542,171,17,0.6,0.13,524.679,34.14,434.246,414.895
9,16,9,668,181,19,0.7,0.13,738.975,42.451,591.197,566.285
9,16,10,820,140,21,0.6,0.13,914.373,50.862,706.565,677.565
9,16,11,837,145,22,0.5,0.13,987.44,55.17,748.153,717.68
9,16,12,277,369,23,0.5,0.13,677.873,45.556,525.831,503.235
9,16,13,0,108,24,0.5,0.13,105.47,27.457,82.1,75.227
9,16,14,761,134,23,0.4,0.13,744.765,48.812,583.016,558.393
9,16,15,0,129,22,0.4,0.13,126.739,26.304,101.692,94.125
9,16,16,9,107,21,0.3,0.13,108.76,24.82,87.895,80.817
9,16,17,252,41,19,0.5,0.13,74.993,21.286,46.835,41.212
9,16,18,0,0,17,0.6,0.13,0,17,0,0
9,16,19,0,0,16,0.6,0.13,0,16,0,0
9,16,20,0,0,15,0.5,0.13,0,15,0,0
9,16,21,0,0,14,0.4,0.13,0,14,0,0
9,16,22,0,0,14,0.4,0.13,0,14,0,0
9,16,23,0,0,13,0.4,0.13,0,13,0,0
9,17,0,0,0,12,0.3,0.13,0,12,0,0
9,17,1,0,0,11,0.2,0.13,0,11,0,0
9,17,2,0,0,10,0.2,0.13,0,10,0,0
9,17,3,0,0,10,0.2,0.13,0,10,0,0
9,17,4,0,0,9,0.2,0.13,0,9,0,0
9,17,5,0,0,10,0.2,0.13,0,10,0,0
9,17,6,386,40,12,0.3,0.13,105.377,15.432,68.863,62.46
9,17,7,657,71,15,0.3,0.13,344.498,27.215,282.204,268.241
9,17,8,785,87,18,0.2,0.13,585.519,39.645,478.007,457.105
9,17,9,849,99,20,0.1,0.13,788.693,50.066,615.174,589.412
9,17,10,893,101,21,0.1,0.13,930.147,56.416,704.128,675.214
9,17,11,907,105,22,0.1,0.13,1002.131,60.135,745.277,714.906
9,17,12,906,105,23,0.2,0.13,996.734,59.723,742.676,712.396
9,17,13,880,105,23,0.2,0.13,910.169,56.552,688.907,660.533
9,17,14,833,101,23,0.2,0.13,759.025,51.017,590.159,565.284
9,17,15,752,90,22,0.2,0.13,545.677,42.17,441.074,421.482
9,17,16,610,71,21,0.3,0.13,303.884,31.716,239.958,227.492
9,17,17,310,34,18,0.6,0.13,74.88,20.162,44.211,38.681
9,17,18,0,0,16,0.9,0.13,0,16,0,0
9,17,19,0,0,15,0.9,0.13,0,15,0,0
9,17,20,0,0,15,0.9,0.13,0,15,0,0
9,17,21,0,0,14,0.9,0.13,0,14,0,0
9,17,22,0,0,13,0.9,0.13,0,13,0,0
9,17,23,0,0,13,0.9,0.13,0,13,0,0
9,18,0,0,0,12,0.8,0.13,0,12,0,0
9,18,1,0,0,11,0.7,0.13,0,11,0,0
9,18,2,0,0,11,0.6,0.13,0,11,0,0
9,18,3,0,0,10,0.5,0.13,0,10,0,0
9,18,4,0,0,10,0.6,0.13,0,10,0,0
9,18,5,0,0,10,0.5,0.13,0,10,0,0
9,18,6,110,46,13,0.3,0.13,65.463,15.216,47.37,41.728
9,18,7,125,129,17,0.2,0.13,183.953,23.694,151.5,142.168
9,18,8,72,212,20,0.2,0.13,262.126,29.532,214.027,202.48
9,18,9,122,292,22,0.2,0.13,408.246,36.846,325.674,310.171
9,18,10,183,350,23,0.2,0.13,543.608,42.782,424.805,405.789
9,18,11,808,152,23,0.3,0.13,963.788,57.382,723.76,694.151
9,18,12,42,328,23,0.3,0.13,383.539,36.433,302.018,287.353
9,18,13,189,342,24,0.3,0.13,537.09,42.949,419.757,400.919
9,18,14,676,165,23,0.3,0.13,709.344,48.313,555.555,531.906
9,18,15,610,135,22,0.2,0.13,510.141,40.81,412.896,394.302
9,18,16,437,104,21,0.3,0.13,271.905,30.583,216.11,204.489
9,18,17,162,41,19,0.6,0.13,61.619,20.841,39.152,33.801
9,18,18,0,0,17,0.8,0.13,0,17,0,0
9,18,19,0,0,16,0.8,0.13,0,16,0,0
9,18,20,0,0,14,0.7,0.13,0,14,0,0
9,18,21,0,0,14,0.4,0.13,0,14,0,0
9,18,22,0,0,13,0.2,0.13,0,13,0,0
9,18,23,0,0,13,0.3,0.13,0,13,0,0
9,19,0,0,0,12,0.3,0.13,0,12,0,0
9,19,1,0,0,12,0.3,0.13,0,12,0,0
9,19,2,0,0,12,0.3,0.13,0,12,0,0
9,19,3,0,0,11,0.3,0.13,0,11,0,0
9,19,4,0,0,10,0.3,0.13,0,10,0,0
9,19,5,0,0,10,0.3,0.13,0,10,0,0
9,19,6,310,45,12,0.4,0.13,97.297,15.103,65.129,58.858
9,19,7,583,85,14,0.6,0.13,329.351,24.675,272.263,258.652
9,19,8,313,195,16,0.6,0.13,403.283,29.117,336.884,320.983
9,19,9,150,291,19,0.5,0.13,429.213,33.266,348.088,331.79
9,19,10,32,291,20,0.4,0.13,331.794,31.273,266.079,252.687
9,19,11,349,344,21,0.4,0.13,720.282,45.736,560.217,536.402
9,19,12,803,159,22,0.4,0.13,960.374,55.234,727.733,697.983
9,19,13,787,150,21,0.4,0.13,878.039,51.404,677.583,649.61
9,19,14,709,152,21,0.4,0.13,718.12,45.885,568.483,544.376
9,19,15,610,134,20,0.5,0.13,507.042,37.069,416.482,397.761
9,19,16,439,101,19,0.4,0.13,268.154,28.159,214.627,203.059
9,19,17,154,38,16,0.3,0.13,57.154,17.851,35.879,30.644
9,19,18,0,0,14,0.3,0.13,0,14,0,0
9,19,19,0,0,13,0.3,0.13,0,13,0,0
9,19,20,0,0,13,0.3,0.13,0,13,0,0
9,19,21,0,0,12,0.3,0.13,0,12,0,0
9,19,22,0,0,12,0.3,0.13,0,12,0,0
9,19,23,0,0,12,0.3,0.13,0,12,0,0
9,20,0,0,0,12,0.3,0.13,0,12,0,0
9,20,1,0,0,13,0.3,0.13,0,13,0,0
9,20,2,0,0,13,0.3,0.13,0,13,0,0
9,20,3,0,0,13,0.2,0.13,0,13,0,0
9,20,4,0,0,13,0.2,0.13,0,13,0,0
9,20,5,0,0,13,0.2,0.13,0,13,0,0
9,20,6,0,17,15,0.3,0.13,16.462,15.571,12.24,7.843
9,20,7,223,128,18,0.4,0.13,225.636,25.728,185.054,174.534
9,20,8,691,112,21,0.5,0.13,554.346,39.696,451.583,431.618
9,20,9,258,279,23,0.5,0.13,509.251,39.985,405.554,387.22
9,20,10,19,260,24,0.5,0.13,277.49,33.133,219.554,207.81
9,20,11,841,132,25,0.5,0.13,971.398,57.629,729.572,699.757
9,20,12,846,128,26,0.5,0.13,966.47,58.469,723.652,694.046
9,20,13,822,125,26,0.6,0.13,879.508,54.762,670.371,642.653
9,20,14,449,226,25,0.6,0.13,595.751,44.398,470.816,450.17
9,20,15,692,100,24,0.7,0.13,515.398,40.441,418.981,400.171
9,20,16,528,77,23,0.6,0.13,274.888,31.852,215.496,203.896
9,20,17,194,33,21,0.4,0.13,57.096,22.745,32.765,27.641
9,20,18,0,0,19,0.3,0.13,0,19,0,0
9,20,19,0,0,18,0.3,0.13,0,18,0,0
9,20,20,0,0,18,0.2,0.13,0,18,0,0
9,20,21,0,0,18,0.2,0.13,0,18,0,0
9,20,22,0,0,18,0.2,0.13,0,18,0,0
9,20,23,0,0,17,0.2,0.13,0,17,0,0
9,21,0,0,0,17,0.4,0.13,0,17,0,0
9,21,1,0,0,18,0.2,0.13,0,18,0,0
9,21,2,0,0,18,0.2,0.13,0,18,0,0
9,21,3,0,0,17,0.5,0.13,0,17,0,0
9,21,4,0,0,16,0.5,0.13,0,16,0,0
9,21,5,0,0,16,0.3,0.13,0,16,0,0
9,21,6,219,47,18,0.2,0.13,85.195,20.92,57.237,51.245
9,21,7,0,87,20,0.1,0.13,85.267,23.189,68.773,62.373
9,21,8,113,210,22,0.1,0.13,291.618,32.975,236.367,224.028
9,21,9,312,268,23,0.1,0.13,539.751,43.383,425.461,406.421
9,21,10,294,328,24,0.1,0.13,630.203,47.756,486.235,465.042
9,21,11,329,347,25,0.1,0.13,704.106,51.544,534.95,512.031
9,21,12,336,342,26,0.2,0.13,702.896,51.66,534.038,511.152
9,21,13,249,328,26,0.2,0.13,584.416,47.312,450.932,430.99
9,21,14,401,234,25,0.2,0.13,559.21,45.5,439.242,419.714
9,21,15,237,188,25,0.3,0.13,339.692,37.051,274.083,260.408
9,21,16,439,80,23,0.2,0.13,242.854,31.818,189.706,179.02
9,21,17,158,31,21,0.2,0.13,50.553,22.627,28.32,23.353
9,21,18,0,0,20,0.3,0.13,0,20,0,0
9,21,19,0,0,19,0.3,0.13,0,19,0,0
9,21,20,0,0,19,0.3,0.13,0,19,0,0
9,21,21,0,0,19,0.4,0.13,0,19,0,0
9,21,22,0,0,19,0.4,0.13,0,19,0,0
9,21,23,0,0,18,0.5,0.13,0,18,0,0
9,22,0,0,0,18,0.5,0.13,0,18,0,0
9,22,1,0,0,17,0.4,0.13,0,17,0,0
9,22,2,0,0,15,0.4,0.13,0,15,0,0
9,22,3,0,0,14,0.4,0.13,0,14,0,0
9,22,4,0,0,14,0.4,0.13,0,14,0,0
9,22,5,0,0,14,0.4,0.13,0,14,0,0
9,22,6,363,37,15,0.6,0.13,97.889,17.897,62.067,55.904
9,22,7,652,68,16,0.8,0.13,337.095,26.348,276.321,262.567
9,22,8,790,82,17,0.9,0.13,579.366,34.524,482.893,461.819
9,22,9,31,244,18,0.9,0.13,276.919,26.196,226.843,214.842
9,22,10,27,275,19,0.8,0.13,310.475,28.417,251.353,238.483
9,22,11,28,296,20,0.8,0.13,335.999,30.185,270.03,256.498
9,22,12,24,285,21,0.8,0.13,309.402,30.365,247.898,235.15
9,22,13,23,262,22,0.8,0.13,283.104,30.577,226.828,214.827
9,22,14,869,90,22,0.7,0.13,757.103,46.122,601.582,576.302
9,22,15,798,77,21,0.7,0.13,544.778,38.394,447.967,428.131
9,22,16,665,58,19,0.5,0.13,297.88,28.855,234.432,222.161
9,22,17,334,25,16,0.3,0.13,62,17.747,29.267,24.266
9,22,18,0,0,14,0.3,0.13,0,14,0,0
9,22,19,0,0,13,0.3,0.13,0,13,0,0
9,22,20,0,0,12,0.3,0.13,0,12,0,0
9,22,21,0,0,11,0.3,0.13,0,11,0,0
9,22,22,0,0,10,0.3,0.13,0,10,0,0
9,22,23,0,0,9,0.3,0.13,0,9,0,0
9,23,0,0,0,9,0.2,0.13,0,9,0,0
9,23,1,0,0,8,0.2,0.13,0,8,0,0
9,23,2,0,0,7,0.2,0.13,0,7,0,0
9,23,3,0,0,7,0.2,0.13,0,7,0,0
9,23,4,0,0,7,0.2,0.13,0,7,0,0
9,23,5,0,0,7,0.2,0.13,0,7,0,0
9,23,6,421,32,9,0.3,0.13,101.321,12.238,63.615,57.398
9,23,7,715,55,12,0.4,0.13,346.677,23.922,286.459,272.345
9,23,8,830,69,15,0.4,0.13,585.618,35.377,487.141,465.916
9,23,9,891,77,18,0.3,0.13,786.049,46.143,624.177,598.097
9,23,10,919,84,19,0.3,0.13,925.82,52.101,714.548,685.265
9,23,11,929,88,21,0.2,0.13,993.393,57.623,747.89,717.426
9,23,12,921,90,22,0.1,0.13,981.384,59.37,733.745,703.782
9,23,13,895,91,22,0.1,0.13,893.292,56.037,678.984,650.962
9,23,14,646,147,22,0.1,0.13,657.533,47.02,518.018,495.699
9,23,15,782,72,21,0.1,0.13,527.252,41.168,428.821,409.663
9,23,16,645,54,20,0.4,0.13,284.247,29.681,221.984,210.155
9,23,17,302,22,17,0.7,0.13,54.139,18.276,23.023,18.244
9,23,18,0,0,15,0.8,0.13,0,15,0,0
9,23,19,0,0,13,0.5,0.13,0,13,0,0
9,23,20,0,0,12,0.3,0.13,0,12,0,0
9,23,21,0,0,12,0.4,0.13,0,12,0,0
9,23,22,0,0,12,0.6,0.13,0,12,0,0
9,23,23,0,0,12,0.6,0.13,0,12,0,0
9,24,0,0,0,12,0.6,0.13,0,12,0,0
9,24,1,0,0,11,0.7,0.13,0,11,0,0
9,24,2,0,0,10,0.5,0.13,0,10,0,0
9,24,3,0,0,10,0.3,0.13,0,10,0,0
9,24,4,0,0,10,0.3,0.13,0,10,0,0
9,24,5,0,0,10,0.3,0.13,0,10,0,0
9,24,6,39,39,12,0.4,0.13,46.317,13.532,34.225,29.048
9,24,7,149,120,15,0.6,0.13,184.337,20.952,153.11,143.721
9,24,8,238,198,18,0.7,0.13,360.827,29.399,299.982,285.389
9,24,9,219,276,20,0.8,0.13,467.004,34.313,379.43,362.022
9,24,10,410,287,21,0.8,0.13,687.794,42.141,545.374,522.086
9,24,11,281,349,21,0.8,0.13,659.326,41.197,521.081,498.653
9,24,12,338,331,21,0.8,0.13,690.747,42.188,545.248,521.964
9,24,13,330,300,21,0.8,0.13,622.749,40.116,496.521,474.964
9,24,14,381,229,20,0.8,0.13,535.528,36.49,435.628,416.228
9,24,15,30,167,19,0.7,0.13,188.106,24.892,154.921,145.468
9,24,16,0,80,18,0.6,0.13,78.687,20.527,63.862,57.636
9,24,17,0,14,17,0.5,0.13,13.563,17.378,6.569,2.373
9,24,18,0,0,16,0.5,0.13,0,16,0,0
9,24,19,0,0,16,0.4,0.13,0,16,0,0
9,24,20,0,0,16,0.4,0.13,0,16,0,0
9,24,21,0,0,15,0.5,0.13,0,15,0,0
9,24,22,0,0,15,0.5,0.13,0,15,0,0
9,24,23,0,0,14,0.6,0.13,0,14,0,0
9,25,0,0,0,14,0.5,0.13,0,14,0,0
9,25,1,0,0,14,0.5,0.13,0,14,0,0
9,25,2,0,0,14,0.6,0.13,0,14,0,0
9,25,3,0,0,14,0.7,0.13,0,14,0,0
9,25,4,0,0,14,0.7,0.13,0,14,0,0
9,25,5,0,0,14,0.7,0.13,0,14,0,0
9,25,6,0,2,14,0.7,0.13,1.932,14.059,1.28,0
9,25,7,0,45,14,0.8,0.13,43.666,15.327,35.38,30.163
9,25,8,0,64,14,0.8,0.13,62.19,15.885,50.606,44.849
9,25,9,0,113,15,0.8,0.13,110.487,18.339,90.155,82.997
9,25,10,0,144,16,0.8,0.13,141.578,20.272,114.963,106.926
9,25,11,0,85,17,0.8,0.13,82.819,19.495,65.857,59.56
9,25,12,1,163,17,0.8,0.13,161.726,21.879,130.829,122.23
9,25,13,1,169,18,0.7,0.13,167.83,23.209,135.772,126.997
9,25,14,36,231,18,0.7,0.13,266.124,26.32,218.356,206.656
9,25,15,15,156,17,0.6,0.13,163.626,22.261,135.373,126.612
9,25,16,0,43,16,0.5,0.13,41.724,17.377,33.39,28.243
9,25,17,0,7,15,0.3,0.13,6.77,15.2,3.192,0
9,25,18,0,0,14,0.3,0.13,0,14,0,0
9,25,19,0,0,14,0.3,0.13,0,14,0,0
9,25,20,0,0,13,0.3,0.13,0,13,0,0
9,25,21,0,0,13,0.3,0.13,0,13,0,0
9,25,22,0,0,12,0.3,0.13,0,12,0,0
9,25,23,0,0,12,0.3,0.13,0,12,0,0
9,26,0,0,0,11,0.3,0.13,0,11,0,0
9,26,1,0,0,11,0.2,0.13,0,11,0,0
9,26,2,0,0,10,0.2,0.13,0,10,0,0
9,26,3,0,0,10,0.2,0.13,0,10,0,0
9,26,4,0,0,10,0.2,0.13,0,10,0,0
9,26,5,0,0,10,0.3,0.13,0,10,0,0
9,26,6,334,34,11,0.3,0.13,89.759,13.877,56.495,50.53
9,26,7,641,66,14,0.4,0.13,328.446,25.286,269.569,256.054
9,26,8,782,82,17,0.4,0.13,571.174,36.862,472.184,451.489
9,26,9,858,90,20,0.5,0.13,771.901,46.006,613.311,587.615
9,26,10,910,89,22,0.4,0.13,918.084,53.858,704.005,675.096
9,26,11,923,92,23,0.4,0.13,985.724,57.184,743.928,713.604
9,26,12,919,92,24,0.4,0.13,974.245,57.789,733.709,703.747
9,26,13,900,88,25,0.4,0.13,885.931,55.751,674.845,646.969
9,26,14,858,82,25,0.4,0.13,728.983,50.319,570.359,546.186
9,26,15,780,71,24,0.3,0.13,517.151,42.556,418.575,399.779
9,26,16,625,54,22,0.4,0.13,271.104,31.207,208.503,197.151
9,26,17,243,19,20,0.5,0.13,41.716,20.924,14.97,10.476
9,26,18,0,0,19,0.4,0.13,0,19,0,0
9,26,19,0,0,18,0.4,0.13,0,18,0,0
9,26,20,0,0,17,0.6,0.13,0,17,0,0
9,26,21,0,0,16,0.8,0.13,0,16,0,0
9,26,22,0,0,14,0.7,0.13,0,14,0,0
9,26,23,0,0,12,0.4,0.13,0,12,0,0
9,27,0,0,0,12,0.3,0.13,0,12,0,0
9,27,1,0,0,11,0.3,0.13,0,11,0,0
9,27,2,0,0,11,0.3,0.13,0,11,0,0
9,27,3,0,0,11,0.3,0.13,0,11,0,0
9,27,4,0,0,11,0.3,0.13,0,11,0,0
9,27,5,0,0,11,0.3,0.13,0,11,0,0
9,27,6,338,33,13,0.3,0.13,89.16,15.844,55.018,49.105
9,27,7,645,65,17,0.3,0.13,328.546,28.628,266.093,252.701
9,27,8,783,81,21,0.3,0.13,569.657,41.425,462.836,442.473
9,27,9,856,90,24,0.4,0.13,768.78,50.686,599.759,574.544
9,27,10,899,92,25,0.3,0.13,910.731,57.551,688.047,659.703
9,27,11,915,93,27,0.3,0.13,978.243,61.935,724.109,694.488
9,27,12,915,91,28,0.2,0.13,967.692,63.673,711.405,682.234
9,27,13,895,87,28,0.2,0.13,878.466,60.411,656.636,629.405
9,27,14,854,80,28,0.2,0.13,720.89,54.639,554.4,530.792
9,27,15,776,69,27,0.2,0.13,509.789,45.884,407.223,388.829
9,27,16,622,51,25,0.4,0.13,264.213,33.962,200.068,189.015
9,27,17,247,17,22,0.8,0.13,38.861,22.77,13.389,8.951
9,27,18,0,0,20,0.9,0.13,0,20,0,0
9,27,19,0,0,18,0.7,0.13,0,18,0,0
9,27,20,0,0,16,0.4,0.13,0,16,0,0
9,27,21,0,0,16,0.3,0.13,0,16,0,0
9,27,22,0,0,15,0.3,0.13,0,15,0,0
9,27,23,0,0,14,0.3,0.13,0,14,0,0
9,28,0,0,0,14,0.3,0.13,0,14,0,0
9,28,1,0,0,13,0.3,0.13,0,13,0,0
9,28,2,0,0,13,0.5,0.13,0,13,0,0
9,28,3,0,0,13,0.8,0.13,0,13,0,0
9,28,4,0,0,13,0.9,0.13,0,13,0,0
9,28,5,0,0,13,0.8,0.13,0,13,0,0
9,28,6,308,31,15,0.5,0.13,82.495,17.474,50.184,44.442
9,28,7,3,101,17,0.1,0.13,101.334,20.793,83.075,76.168
9,28,8,576,123,21,0.1,0.13,492.037,39.752,399.889,381.755
9,28,9,847,90,25,0.2,0.13,764.66,53.243,590.467,565.58
9,28,10,885,96,27,0.2,0.13,901.06,60.23,673.284,645.463
9,28,11,897,99,28,0.2,0.13,965.679,63.591,709.869,680.752
9,28,12,459,279,28,0.2,0.13,754.719,55.638,567.685,543.606
9,28,13,594,200,29,0.2,0.13,751.074,56.595,566.536,542.498
9,28,14,491,190,28,0.2,0.13,577.529,49.229,449.367,429.481
9,28,15,543,115,26,0.2,0.13,431.892,41.94,347.717,331.432
9,28,16,417,76,23,0.2,0.13,221.268,30.985,170.215,160.22
9,28,17,0,21,20,0.2,0.13,20.328,20.62,9.847,5.534
9,28,18,0,0,19,0.2,0.13,0,19,0,0
9,28,19,0,0,18,0.2,0.13,0,18,0,0
9,28,20,0,0,17,0.2,0.13,0,17,0,0
9,28,21,0,0,17,0.2,0.13,0,17,0,0
9,28,22,0,0,16,0.2,0.13,0,16,0,0
9,28,23,0,0,16,0.2,0.13,0,16,0,0
9,29,0,0,0,16,0.2,0.13,0,16,0,0
9,29,1,0,0,15,0.2,0.13,0,15,0,0
9,29,2,0,0,15,0.2,0.13,0,15,0,0
9,29,3,0,0,14,0.3,0.13,0,14,0,0
9,29,4,0,0,14,0.5,0.13,0,14,0,0
9,29,5,0,0,14,0.6,0.13,0,14,0,0
9,29,6,0,32,15,0.5,0.13,31.47,16.013,22.874,18.1
9,29,7,0,77,17,0.2,0.13,75.498,19.733,61.442,55.301
9,29,8,0,142,19,0.1,0.13,140.733,24.256,114.514,106.493
9,29,9,507,198,21,0.2,0.13,619.977,43.789,492.687,471.266
9,29,10,386,286,23,0.3,0.13,663.232,46.521,517.126,494.839
9,29,11,210,351,23,0.2,0.13,582.061,44.194,453.434,433.403
9,29,12,87,337,23,0.2,0.13,438.172,38.885,344.886,328.702
9,29,13,3,183,23,0.2,0.13,184.113,29.63,145.946,136.811
9,29,14,0,124,22,0.2,0.13,121.712,26.388,96.898,89.501
9,29,15,0,121,21,0.1,0.13,119.516,25.466,96.46,89.079
9,29,16,0,11,19,0.2,0.13,10.644,19.385,7.911,3.667
9,29,17,0,1,18,0.3,0.13,0.999,18.029,0,0
9,29,18,0,0,17,0.2,0.13,0,17,0,0
9,29,19,0,0,17,0.2,0.13,0,17,0,0
9,29,20,0,0,17,0.2,0.13,0,17,0,0
9,29,21,0,0,17,0.2,0.13,0,17,0,0
9,29,22,0,0,16,0.2,0.13,0,16,0,0
9,29,23,0,0,16,0.2,0.13,0,16,0,0
9,30,0,0,0,16,0.2,0.13,0,16,0,0
9,30,1,0,0,15,0.2,0.13,0,15,0,0
9,30,2,0,0,15,0.2,0.13,0,15,0,0
9,30,3,0,0,15,0.3,0.13,0,15,0,0
9,30,4,0,0,14,0.5,0.13,0,14,0,0
9,30,5,0,0,14,0.5,0.13,0,14,0,0
9,30,6,151,32,16,0.4,0.13,59.542,17.875,37.684,32.385
9,30,7,544,73,19,0.3,0.13,296.679,29.486,238.738,226.315
9,30,8,281,182,21,0.3,0.13,368.949,34.11,302.348,287.671
9,30,9,764,110,23,0.3,0.13,720.723,48.784,565.843,541.83
9,30,10,832,107,24,0.3,0.13,868.742,55.056,662.792,635.343
9,30,11,840,115,25,0.3,0.13,932.729,58.31,700.563,671.776
9,30,12,829,118,25,0.3,0.13,917.333,57.768,690.703,662.265
9,30,13,40,272,25,0.3,0.13,319.369,36.205,252.214,239.313
9,30,14,25,210,24,0.3,0.13,228.766,32.026,182.876,172.432
9,30,15,642,95,23,0.3,0.13,459.809,39.474,375.324,358.061
9,30,16,419,73,21,0.2,0.13,215.893,28.776,166.373,156.514
9,30,17,0,16,19,0.2,0.13,15.976,19.485,7.701,3.465
9,30,18,0,0,18,0.2,0.13,0,18,0,0
9,30,19,0,0,17,0.5,0.13,0,17,0,0
9,30,20,0,0,17,0.5,0.13,0,17,0,0
9,30,21,0,0,16,0.5,0.13,0,16,0,0
9,30,22,0,0,16,0.5,0.13,0,16,0,0
9,30,23,0,0,15,0.6,0.13,0,15,0,0
10,1,0,0,0,14,0.6,0.13,0,14,0,0
10,1,1,0,0,14,0.6,0.13,0,14,0,0
10,1,2,0,0,13,0.6,0.13,0,13,0,0
10,1,3,0,0,13,0.6,0.13,0,13,0,0
10,1,4,0,0,12,0.6,0.13,0,12,0,0
10,1,5,0,0,12,0.6,0.13,0,12,0,0
10,1,6,0,22,12,0.6,0.13,21.338,12.661,15.069,10.572
10,1,7,66,109,12,0.7,0.13,137.348,16.304,115.214,107.168
10,1,8,0,68,12,0.7,0.13,66.084,14.059,54.394,48.503
10,1,9,0,115,13,0.8,0.13,112.586,16.405,92.796,85.544
10,1,10,8,209,13,0.8,0.13,215.51,19.52,178.594,168.302
10,1,11,3,178,14,0.7,0.13,179.096,19.557,146.958,137.787
10,1,12,0,78,14,0.7,0.13,75.957,16.353,61.102,54.973
10,1,13,0,44,14,0.7,0.13,42.778,15.327,33.886,28.721
10,1,14,0,107,14,0.6,0.13,104.615,17.345,85.916,78.908
10,1,15,4,136,14,0.5,0.13,137.444,18.545,114.758,106.728
10,1,16,0,43,13,0.5,0.13,41.732,14.376,33.697,28.54
10,1,17,0,4,13,0.5,0.13,3.994,13.111,1.857,0
10,1,18,0,0,13,0.6,0.13,0,13,0,0
10,1,19,0,0,13,0.6,0.13,0,13,0,0
10,1,20,0,0,12,0.7,0.13,0,12,0,0
10,1,21,0,0,12,0.7,0.13,0,12,0,0
10,1,22,0,0,11,0.7,0.13,0,11,0,0
10,1,23,0,0,11,0.7,0.13,0,11,0,0
10,2,0,0,0,11,0.7,0.13,0,11,0,0
10,2,1,0,0,11,0.7,0.13,0,11,0,0
10,2,2,0,0,10,0.7,0.13,0,10,0,0
10,2,3,0,0,10,0.7,0.13,0,10,0,0
10,2,4,0,0,10,0.7,0.13,0,10,0,0
10,2,5,0,0,9,0.7,0.13,0,9,0,0
10,2,6,0,8,9,0.7,0.13,7.737,9.232,5.209,1.061
10,2,7,0,47,9,0.8,0.13,45.616,10.386,37.77,32.468
10,2,8,0,90,10,0.9,0.13,87.804,12.594,73.525,66.956
10,2,9,0,90,10,0.9,0.13,87.591,12.579,72.609,66.072
10,2,10,3,182,11,1,0.13,183.229,16.258,152.856,143.476
10,2,11,0,81,11,1,0.13,78.888,13.257,64.33,58.087
10,2,12,0,119,11,0.9,0.13,116.52,14.423,96.056,88.689
10,2,13,0,71,11,0.9,0.13,69.086,13.031,56.36,50.4
10,2,14,0,59,10,0.8,0.13,57.34,11.735,47.048,41.417
10,2,15,0,51,10,0.8,0.13,49.512,11.503,40.848,35.437
10,2,16,78,83,9,0.8,0.13,112.307,12.405,93.057,85.796
10,2,17,0,8,9,0.8,0.13,7.988,9.204,3.916,0
10,2,18,0,0,9,0.9,0.13,0,9,0,0
10,2,19,0,0,8,1,0.13,0,8,0,0
10,2,20,0,0,8,1,0.13,0,8,0,0
10,2,21,0,0,8,1,0.13,0,8,0,0
10,2,22,0,0,8,1,0.13,0,8,0,0
10,2,23,0,0,8,1,0.13,0,8,0,0
10,3,0,0,0,8,1,0.13,0,8,0,0
10,3,1,0,0,8,1.1,0.13,0,8,0,0
10,3,2,0,0,8,1,0.13,0,8,0,0
10,3,3,0,0,8,1,0.13,0,8,0,0
10,3,4,0,0,8,1,0.13,0,8,0,0
10,3,5,0,0,8,1,0.13,0,8,0,0
10,3,6,0,1,9,1,0.13,0.966,9.027,0,0
10,3,7,0,14,9,1,0.13,13.553,9.391,10.705,6.362
10,3,8,0,113,9,1,0.13,111.167,12.203,94.08,86.782
10,3,9,0,118,10,1.1,0.13,115.65,13.239,96.652,89.264
10,3,10,0,96,11,1.1,0.13,93.537,13.613,76.923,70.234
10,3,11,0,104,12,1.1,0.13,101.532,14.834,83.114,76.205
10,3,12,7,206,12,1,0.13,211.78,18.078,176.036,165.834
10,3,13,8,204,13,1,0.13,210.434,19.048,174.979,164.815
10,3,14,0,104,13,1,0.13,101.636,15.921,83.913,76.976
10,3,15,0,49,12,1,0.13,47.565,13.371,38.89,33.549
10,3,16,77,80,11,0.9,0.13,108.687,14.207,89.154,82.031
10,3,17,6,8,10,0.9,0.13,8.358,10.205,3.963,0
10,3,18,0,0,10,0.9,0.13,0,10,0,0
10,3,19,0,0,10,0.9,0.13,0,10,0,0
10,3,20,0,0,10,0.8,0.13,0,10,0,0
10,3,21,0,0,10,0.8,0.13,0,10,0,0
10,3,22,0,0,10,0.8,0.13,0,10,0,0
10,3,23,0,0,10,0.7,0.13,0,10,0,0
10,4,0,0,0,10,0.7,0.13,0,10,0,0
10,4,1,0,0,10,0.7,0.13,0,10,0,0
10,4,2,0,0,10,0.6,0.13,0,10,0,0
10,4,3,0,0,10,0.6,0.13,0,10,0,0
10,4,4,0,0,10,0.6,0.13,0,10,0,0
10,4,5,0,0,9,0.6,0.13,0,9,0,0
10,4,6,117,35,9,0.7,0.13,56.08,10.583,34.482,29.297
10,4,7,0,45,10,0.8,0.13,43.669,11.326,35.944,30.707
10,4,8,0,128,12,0.9,0.13,126.666,15.746,106.281,98.552
10,4,9,22,214,13,0.9,0.13,231.77,19.856,193.95,183.114
10,4,10,12,223,14,0.9,0.13,233.936,20.899,193.617,182.793
10,4,11,20,261,15,0.9,0.13,281.682,23.308,231.844,219.665
10,4,12,20,258,16,0.8,0.13,278.384,24.432,228.214,216.164
10,4,13,20,236,17,0.8,0.13,254.309,24.712,208.53,197.177
10,4,14,756,102,16,0.8,0.13,660.179,36.478,545.197,521.915
10,4,15,655,86,15,0.7,0.13,447.778,29.285,379.923,362.497
10,4,16,460,60,14,0.5,0.13,210.327,20.878,164.001,154.226
10,4,17,0,0,12,0.3,0.13,0,0,0,0
10,4,18,0,0,12,0.3,0.13,0,12,0,0
10,4,19,0,0,12,0.3,0.13,0,12,0,0
10,4,20,0,0,11,0.3,0.13,0,11,0,0
10,4,21,0,0,11,0.3,0.13,0,11,0,0
10,4,22,0,0,10,0.3,0.13,0,10,0,0
10,4,23,0,0,10,0.3,0.13,0,10,0,0
10,5,0,0,0,9,0.3,0.13,0,9,0,0
10,5,1,0,0,9,0.3,0.13,0,9,0,0
10,5,2,0,0,8,0.3,0.13,0,8,0,0
10,5,3,0,0,8,0.3,0.13,0,8,0,0
10,5,4,0,0,7,0.3,0.13,0,7,0,0
10,5,5,0,0,7,0.3,0.13,0,7,0,0
10,5,6,235,29,8,0.4,0.13,68.037,9.98,37.375,32.087
10,5,7,597,64,10,0.5,0.13,304.171,20.117,252.454,239.545
10,5,8,750,82,12,0.6,0.13,542.834,29.815,461.283,440.975
10,5,9,823,94,14,0.6,0.13,740.709,38.278,607.27,581.788
10,5,10,876,94,16,0.5,0.13,877.73,45.566,696.847,668.191
10,5,11,338,307,17,0.5,0.13,661.46,39.067,529.715,506.982
10,5,12,897,92,18,0.5,0.13,931.836,49.37,727.672,697.924
10,5,13,864,94,18,0.5,0.13,838.025,46.239,664.51,637.001
10,5,14,817,86,18,0.4,0.13,682.92,41.726,553.761,530.175
10,5,15,728,72,17,0.3,0.13,466.933,33.733,390.2,372.41
10,5,16,543,50,15,0.4,0.13,222.761,22.483,171.021,160.998
10,5,17,0,0,13,0.7,0.13,0,0,0,0
10,5,18,0,0,11,0.9,0.13,0,11,0,0
10,5,19,0,0,10,0.9,0.13,0,10,0,0
10,5,20,0,0,10,0.9,0.13,0,10,0,0
10,5,21,0,0,10,0.9,0.13,0,10,0,0
10,5,22,0,0,9,0.9,0.13,0,9,0,0
10,5,23,0,0,9,0.9,0.13,0,9,0,0
10,6,0,0,0,8,0.8,0.13,0,8,0,0
10,6,1,0,0,8,0.7,0.13,0,8,0,0
10,6,2,0,0,7,0.6,0.13,0,7,0,0
10,6,3,0,0,7,0.6,0.13,0,7,0,0
10,6,4,0,0,7,0.6,0.13,0,7,0,0
10,6,5,0,0,7,0.5,0.13,0,7,0,0
10,6,6,308,22,9,0.3,0.13,70.5,10.997,34.571,29.383
10,6,7,640,52,12,0.2,0.13,305.867,23.134,250.387,237.551
10,6,8,780,68,15,0.2,0.13,543.267,35.121,453.029,433.013
10,6,9,849,77,18,0.3,0.13,735.36,44.328,589.659,564.802
10,6,10,878,85,19,0.3,0.13,866.962,50.018,676.715,648.773
10,6,11,886,90,20,0.3,0.13,927.064,53.144,712.974,683.747
10,6,12,876,92,21,0.3,0.13,909.79,53.528,698.891,670.163
10,6,13,864,83,22,0.3,0.13,822.455,51.439,639.239,612.625
10,6,14,810,79,21,0.3,0.13,667.055,44.9,534.384,511.485
10,6,15,713,68,20,0.2,0.13,452.035,36.719,372.972,355.793
10,6,16,521,47,18,0.4,0.13,211.249,25.084,159.589,149.971
10,6,17,0,0,16,0.6,0.13,0,0,0,0
10,6,18,0,0,15,0.6,0.13,0,15,0,0
10,6,19,0,0,15,0.4,0.13,0,15,0,0
10,6,20,0,0,14,0.2,0.13,0,14,0,0
10,6,21,0,0,14,0.2,0.13,0,14,0,0
10,6,22,0,0,14,0.2,0.13,0,14,0,0
10,6,23,0,0,13,0.2,0.13,0,13,0,0
10,7,0,0,0,13,0.2,0.13,0,13,0,0
10,7,1,0,0,13,0.2,0.13,0,13,0,0
10,7,2,0,0,12,0.2,0.13,0,12,0,0
10,7,3,0,0,12,0.2,0.13,0,12,0,0
10,7,4,0,0,12,0.2,0.13,0,12,0,0
10,7,5,0,0,12,0.2,0.13,0,12,0,0
10,7,6,189,26,13,0.2,0.13,56.843,14.667,27.298,22.368
10,7,7,0,48,15,0.3,0.13,46.593,16.633,37.592,32.297
10,7,8,0,63,17,0.4,0.13,61.206,19.079,49.277,43.567
10,7,9,8,187,18,0.4,0.13,193.039,24.556,157.652,148.102
10,7,10,29,256,19,0.5,0.13,294.247,28.718,238.623,226.204
10,7,11,106,325,20,0.5,0.13,444.038,34.717,356.35,339.76
10,7,12,874,96,21,0.5,0.13,909.924,51.643,704.426,675.502
10,7,13,852,91,22,0.5,0.13,819.623,49.604,641.727,615.025
10,7,14,804,83,22,0.4,0.13,664.572,45.103,532.044,509.228
10,7,15,713,70,21,0.3,0.13,451.628,37.188,371.689,354.555
10,7,16,518,48,18,0.4,0.13,209.8,25.023,157.955,148.394
10,7,17,0,0,16,0.8,0.13,0,0,0,0
10,7,18,0,0,16,1,0.13,0,16,0,0
10,7,19,0,0,15,1,0.13,0,15,0,0
10,7,20,0,0,14,0.9,0.13,0,14,0,0
10,7,21,0,0,13,0.7,0.13,0,13,0,0
10,7,22,0,0,13,0.4,0.13,0,13,0,0
10,7,23,0,0,13,0.2,0.13,0,13,0,0
10,8,0,0,0,12,0.2,0.13,0,12,0,0
10,8,1,0,0,11,0.2,0.13,0,11,0,0
10,8,2,0,0,11,0.2,0.13,0,11,0,0
10,8,3,0,0,11,0.2,0.13,0,11,0,0
10,8,4,0,0,10,0.2,0.13,0,10,0,0
10,8,5,0,0,10,0.2,0.13,0,10,0,0
10,8,6,142,27,11,0.2,0.13,51.026,12.448,23.306,18.517
10,8,7,211,95,14,0.2,0.13,185.054,20.721,152.35,142.988
10,8,8,630,112,17,0.2,0.13,504.307,35.62,418.069,399.291
10,8,9,716,131,20,0.1,0.13,700.289,46.681,554.861,531.236
10,8,10,764,141,21,0.1,0.13,838.305,52.894,645.578,618.739
10,8,11,748,163,21,0.2,0.13,889.878,53.768,680.988,652.895
10,8,12,730,168,21,0.2,0.13,869.527,53.016,667.563,639.945
10,8,13,348,270,21,0.3,0.13,594.236,42.077,472.403,451.7
10,8,14,5,169,21,0.2,0.13,172.297,27.229,139.153,130.259
10,8,15,539,113,20,0.2,0.13,406.698,34.987,335.519,319.667
10,8,16,332,70,18,0.3,0.13,177.17,24.131,135.468,126.704
10,8,17,0,0,16,0.3,0.13,0,0,0,0
10,8,18,0,0,15,0.3,0.13,0,15,0,0
10,8,19,0,0,14,0.3,0.13,0,14,0,0
10,8,20,0,0,14,0.3,0.13,0,14,0,0
10,8,21,0,0,13,0.3,0.13,0,13,0,0
10,8,22,0,0,13,0.3,0.13,0,13,0,0
10,8,23,0,0,13,0.3,0.13,0,13,0,0
10,9,0,0,0,13,0.3,0.13,0,13,0,0
10,9,1,0,0,13,0.3,0.13,0,13,0,0
10,9,2,0,0,13,0.3,0.13,0,13,0,0
10,9,3,0,0,13,0.3,0.13,0,13,0,0
10,9,4,0,0,13,0.3,0.13,0,13,0,0
10,9,5,0,0,13,0.3,0.13,0,13,0,0
10,9,6,0,18,15,0.4,0.13,17.459,15.5,8.603,4.334
10,9,7,486,72,17,0.5,0.13,268.691,25.915,217.145,205.487
10,9,8,262,169,19,0.6,0.13,341.898,30.124,284.48,270.436
10,9,9,201,249,21,0.7,0.13,422.694,34.32,344.003,327.85
10,9,10,227,298,23,0.7,0.13,523.7,39.481,417.448,398.693
10,9,11,119,322,24,0.7,0.13,464.479,38.559,368.067,351.062
10,9,12,776,132,25,0.7,0.13,864.597,52.468,666.286,638.714
10,9,13,97,280,25,0.7,0.13,377.515,36.835,300.779,286.158
10,9,14,44,206,24,0.6,0.13,246.494,31.938,198.59,187.589
10,9,15,0,4,23,0.4,0.13,3.872,23.132,2.69,0
10,9,16,0,42,21,0.3,0.13,40.826,22.426,31.517,26.436
10,9,17,0,0,19,0.3,0.13,0,0,0,0
10,9,18,0,0,18,0.3,0.13,0,18,0,0
10,9,19,0,0,17,0.3,0.13,0,17,0,0
10,9,20,0,0,16,0.4,0.13,0,16,0,0
10,9,21,0,0,15,0.4,0.13,0,15,0,0
10,9,22,0,0,14,0.4,0.13,0,14,0,0
10,9,23,0,0,13,0.4,0.13,0,13,0,0
10,10,0,0,0,12,0.4,0.13,0,12,0,0
10,10,1,0,0,12,0.4,0.13,0,12,0,0
10,10,2,0,0,11,0.5,0.13,0,11,0,0
10,10,3,0,0,9,0.4,0.13,0,9,0,0
10,10,4,0,0,9,0.4,0.13,0,9,0,0
10,10,5,0,0,8,0.3,0.13,0,8,0,0
10,10,6,170,22,8,0.4,0.13,48.391,9.239,20.81,16.109
10,10,7,517,62,10,0.5,0.13,268.959,18.92,222.553,210.704
10,10,8,372,150,12,0.6,0.13,391.471,24.763,334.604,318.784
10,10,9,908,74,13,0.5,0.13,768.267,38.943,630.16,603.867
10,10,10,944,78,15,0.4,0.13,907.455,46.5,719.529,690.07
10,10,11,956,80,16,0.3,0.13,969.927,50.683,754.697,723.992
10,10,12,949,80,17,0.2,0.13,951.199,52.101,736.406,706.348
10,10,13,923,77,17,0.1,0.13,852.833,49.546,669.274,641.595
10,10,14,873,71,17,0.1,0.13,686.335,43.218,554.888,531.263
10,10,15,780,60,16,0.1,0.13,466.942,33.82,389.072,371.322
10,10,16,584,40,15,0.2,0.13,213.387,22.55,158.973,149.376
10,10,17,0,0,12,0.6,0.13,0,12,0,0
10,10,18,0,0,10,0.7,0.13,0,10,0,0
10,10,19,0,0,8,0.5,0.13,0,8,0,0
10,10,20,0,0,8,0.3,0.13,0,8,0,0
10,10,21,0,0,7,0.3,0.13,0,7,0,0
10,10,22,0,0,7,0.5,0.13,0,7,0,0
10,10,23,0,0,6,0.4,0.13,0,6,0,0
10,11,0,0,0,6,0.2,0.13,0,6,0,0
10,11,1,0,0,5,0.2,0.13,0,5,0,0
10,11,2,0,0,5,0.2,0.13,0,5,0,0
10,11,3,0,0,5,0.2,0.13,0,5,0,0
10,11,4,0,0,5,0.2,0.13,0,5,0,0
10,11,5,0,0,5,0.2,0.13,0,5,0,0
10,11,6,211,21,7,0.2,0.13,52.818,8.41,22.153,17.404
10,11,7,176,93,9,0.1,0.13,169.696,15.362,142.097,133.098
10,11,8,413,141,12,0.1,0.13,404.678,27.382,343.264,327.137
10,11,9,426,202,15,0.2,0.13,555.149,35.379,455.724,435.612
10,11,10,881,89,17,0.2,0.13,863.803,48.888,678.197,650.202
10,11,11,898,91,18,0.3,0.13,927.406,51.152,720.038,690.561
10,11,12,899,88,19,0.3,0.13,912.676,51.64,707.713,678.673
10,11,13,881,81,19,0.3,0.13,820.098,48.363,646.441,619.571
10,11,14,833,74,19,0.4,0.13,663.047,42.063,538.17,515.137
10,11,15,739,62,18,0.3,0.13,446.039,33.968,370.67,353.572
10,11,16,537,41,15,0.3,0.13,200.47,21.869,149.173,139.924
10,11,17,0,0,12,0.3,0.13,0,12,0,0
10,11,18,0,0,11,0.3,0.13,0,11,0,0
10,11,19,0,0,10,0.3,0.13,0,10,0,0
10,11,20,0,0,10,0.3,0.13,0,10,0,0
10,11,21,0,0,9,0.3,0.13,0,9,0,0
10,11,22,0,0,9,0.3,0.13,0,9,0,0
10,11,23,0,0,8,0.3,0.13,0,8,0,0
10,12,0,0,0,7,0.3,0.13,0,7,0,0
10,12,1,0,0,7,0.2,0.13,0,7,0,0
10,12,2,0,0,7,0.2,0.13,0,7,0,0
10,12,3,0,0,6,0.2,0.13,0,6,0,0
10,12,4,0,0,6,0.5,0.13,0,6,0,0
10,12,5,0,0,6,0.7,0.13,0,6,0,0
10,12,6,261,19,8,0.5,0.13,56.635,9.342,22.744,17.975
10,12,7,647,51,11,0.1,0.13,302.111,22.328,246.267,233.577
10,12,8,804,66,15,0.1,0.13,547.016,35.923,455.567,435.461
10,12,9,881,74,18,0.3,0.13,744.933,44.685,597.81,572.664
10,12,10,916,79,20,0.4,0.13,879.609,50.545,686.678,658.382
10,12,11,924,82,21,0.4,0.13,937.532,53.533,721.516,691.986
10,12,12,915,82,22,0.5,0.13,917.003,52.9,707.906,678.859
10,12,13,888,78,22,0.5,0.13,820.012,49.637,643.433,616.671
10,12,14,833,72,21,0.5,0.13,657.77,43.22,531.66,508.858
10,12,15,729,60,20,0.4,0.13,436.161,35.149,360.347,343.615
10,12,16,516,39,17,0.3,0.13,190.825,23.527,140.135,131.206
10,12,17,0,0,14,0.3,0.13,0,14,0,0
10,12,18,0,0,14,0.3,0.13,0,14,0,0
10,12,19,0,0,13,0.3,0.13,0,13,0,0
10,12,20,0,0,12,0.3,0.13,0,12,0,0
10,12,21,0,0,12,0.3,0.13,0,12,0,0
10,12,22,0,0,12,0.3,0.13,0,12,0,0
10,12,23,0,0,12,0.3,0.13,0,12,0,0
10,13,0,0,0,12,0.3,0.13,0,12,0,0
10,13,1,0,0,12,0.3,0.13,0,12,0,0
10,13,2,0,0,12,0.3,0.13,0,12,0,0
10,13,3,0,0,12,0.3,0.13,0,12,0,0
10,13,4,0,0,13,0.3,0.13,0,13,0,0
10,13,5,0,0,13,0.3,0.13,0,13,0,0
10,13,6,186,18,14,0.3,0.13,45.366,15.172,18.233,13.623
10,13,7,74,91,16,0.4,0.13,125.999,20.292,103.042,95.427
10,13,8,41,161,18,0.5,0.13,192.325,24.383,159.334,149.725
10,13,9,0,60,19,0.5,0.13,58.312,20.919,46.123,40.525
10,13,10,0,83,20,0.5,0.13,80.78,22.653,63.888,57.66
10,13,11,680,180,20,0.5,0.13,837.606,48.132,655.624,628.429
10,13,12,678,181,20,0.5,0.13,826.983,47.778,648.56,621.615
10,13,13,745,131,21,0.5,0.13,770.453,46.924,609.343,583.788
10,13,14,705,109,21,0.5,0.13,613.6,41.676,497.47,475.879
10,13,15,243,131,20,0.4,0.13,267.113,29.197,221.112,209.313
10,13,16,0,32,18,0.2,0.13,31.041,19.116,23.838,19.03
10,13,17,0,0,17,0.2,0.13,0,17,0,0
10,13,18,0,0,16,0.2,0.13,0,16,0,0
10,13,19,0,0,16,0.2,0.13,0,16,0,0
10,13,20,0,0,15,0.3,0.13,0,15,0,0
10,13,21,0,0,15,0.3,0.13,0,15,0,0
10,13,22,0,0,14,0.3,0.13,0,14,0,0
10,13,23,0,0,13,0.3,0.13,0,13,0,0
10,14,0,0,0,12,0.3,0.13,0,12,0,0
10,14,1,0,0,11,0.3,0.13,0,11,0,0
10,14,2,0,0,10,0.3,0.13,0,10,0,0
10,14,3,0,0,10,0.3,0.13,0,10,0,0
10,14,4,0,0,10,0.3,0.13,0,10,0,0
10,14,5,0,0,9,0.3,0.13,0,9,0,0
10,14,6,0,27,10,0.3,0.13,27.186,10.807,13.96,9.502
10,14,7,446,65,13,0.5,0.13,243.512,21.059,198.722,187.717
10,14,8,723,79,15,0.6,0.13,514.141,31.87,433.975,414.634
10,14,9,806,91,16,0.6,0.13,709.654,39.263,580.913,556.366
10,14,10,865,92,17,0.6,0.13,847.481,44.736,676.693,648.751
10,14,11,20,244,18,0.6,0.13,264.734,26.478,215.574,203.972
10,14,12,21,242,18,0.7,0.13,263.385,26.205,214.849,203.273
10,14,13,22,221,18,0.7,0.13,241.132,25.523,197.544,186.581
10,14,14,41,193,17,0.6,0.13,230.668,24.432,191.27,180.529
10,14,15,490,95,16,0.5,0.13,352.42,27.84,296.572,282.099
10,14,16,400,50,15,0.3,0.13,168.543,20.76,125.242,116.84
10,14,17,0,0,13,0.3,0.13,0,13,0,0
10,14,18,0,0,11,0.3,0.13,0,11,0,0
10,14,19,0,0,11,0.3,0.13,0,11,0,0
10,14,20,0,0,10,0.3,0.13,0,10,0,0
10,14,21,0,0,10,0.3,0.13,0,10,0,0
10,14,22,0,0,9,0.3,0.13,0,9,0,0
10,14,23,0,0,9,0.3,0.13,0,9,0,0
10,15,0,0,0,8,0.3,0.13,0,8,0,0
10,15,1,0,0,7,0.3,0.13,0,7,0,0
10,15,2,0,0,7,0.3,0.13,0,7,0,0
10,15,3,0,0,6,0.3,0.13,0,6,0,0
10,15,4,0,0,6,0.2,0.13,0,6,0,0
10,15,5,0,0,6,0.2,0.13,0,6,0,0
10,15,6,168,18,7,0.2,0.13,41.042,8.106,17.209,12.636
10,15,7,578,59,9,0.3,0.13,284.181,18.982,233.702,221.458
10,15,8,757,78,12,0.4,0.13,529.488,30.414,449.86,429.956
10,15,9,844,88,14,0.5,0.13,732.768,38.708,601.685,576.402
10,15,10,895,91,15,0.6,0.13,869.172,43.459,697.869,669.177
10,15,11,914,92,16,0.6,0.13,932.888,46.521,738.551,708.418
10,15,12,912,90,17,0.6,0.13,915.735,46.967,724.235,694.609
10,15,13,891,84,17,0.6,0.13,820.302,43.88,658.907,631.595
10,15,14,838,76,16,0.5,0.13,657.629,38.209,542.399,519.216
10,15,15,730,64,15,0.4,0.13,434.272,30.05,364.808,347.918
10,15,16,491,42,13,0.2,0.13,182.743,19.418,134.541,125.81
10,15,17,0,0,10,0.2,0.13,0,10,0,0
10,15,18,0,0,9,0.3,0.13,0,9,0,0
10,15,19,0,0,9,0.3,0.12,0,9,0,0
10,15,20,0,0,9,0.3,0.12,0,9,0,0
10,15,21,0,0,9,0.3,0.12,0,9,0,0
10,15,22,0,0,9,0.3,0.12,0,9,0,0
10,15,23,0,0,8,0.3,0.12,0,8,0,0
10,16,0,0,0,8,0.3,0.12,0,8,0,0
10,16,1,0,0,8,0.3,0.12,0,8,0,0
10,16,2,0,0,8,0.2,0.12,0,8,0,0
10,16,3,0,0,7,0.2,0.12,0,7,0,0
10,16,4,0,0,7,0.3,0.12,0,7,0,0
10,16,5,0,0,7,0.3,0.12,0,7,0,0
10,16,6,109,17,8,0.3,0.12,31.411,8.851,13.67,9.222
10,16,7,547,63,10,0.4,0.12,275.71,19.412,226.076,214.102
10,16,8,764,77,13,0.5,0.12,530.064,30.923,449.66,429.763
10,16,9,855,85,14,0.6,0.12,733.758,38.096,604.208,578.835
10,16,10,906,86,15,0.7,0.12,868.368,42.713,699.602,670.849
10,16,11,917,90,16,0.6,0.12,928.562,46.443,735.657,705.627
10,16,12,293,286,17,0.6,0.12,584.535,35.993,474.277,453.508
10,16,13,890,84,17,0.6,0.12,814.734,43.755,654.974,627.802
10,16,14,835,76,16,0.6,0.12,651.976,37.422,539.482,516.403
10,16,15,725,63,15,0.5,0.12,427.287,29.406,359.346,342.65
10,16,16,490,39,13,0.3,0.12,177.22,19.034,129.489,120.938
10,16,17,0,0,10,0.3,0.12,0,10,0,0
10,16,18,0,0,9,0.3,0.12,0,9,0,0
10,16,19,0,0,9,0.3,0.12,0,9,0,0
10,16,20,0,0,9,0.3,0.12,0,9,0,0
10,16,21,0,0,8,0.3,0.12,0,8,0,0
10,16,22,0,0,7,0.3,0.12,0,7,0,0
10,16,23,0,0,6,0.3,0.12,0,6,0,0
10,17,0,0,0,6,0.3,0.12,0,6,0,0
10,17,1,0,0,5,0.3,0.12,0,5,0,0
10,17,2,0,0,5,0.3,0.12,0,5,0,0
10,17,3,0,0,5,0.3,0.12,0,5,0,0
10,17,4,0,0,5,0.3,0.12,0,5,0,0
10,17,5,0,0,4,0.3,0.12,0,4,0,0
10,17,6,152,16,5,0.3,0.12,31.364,5.812,13.014,8.59
10,17,7,591,56,7,0.5,0.12,283.07,16.375,234.125,221.865
10,17,8,777,72,9,0.6,0.12,530.074,26.428,457.405,437.234
10,17,9,866,81,10,0.6,0.12,734.852,34.144,614.437,588.701
10,17,10,904,89,11,0.7,0.12,867.688,38.693,709.948,680.828
10,17,11,108,302,12,0.7,0.12,419.387,25.18,349.619,333.267
10,17,12,125,299,12,0.8,0.12,440.78,25.496,367.962,350.96
10,17,13,5,183,12,0.8,0.12,186.747,17.677,156.238,146.738
10,17,14,0,115,11,0.8,0.12,113.025,14.439,94.75,87.429
10,17,15,10,114,10,0.7,0.12,119.172,13.74,101.159,93.611
10,17,16,0,10,8,0.4,0.12,9.641,8.326,7.301,3.079
10,17,17,0,0,6,0.3,0.12,0,6,0,0
10,17,18,0,0,5,0.3,0.12,0,5,0,0
10,17,19,0,0,4,0.3,0.12,0,4,0,0
10,17,20,0,0,4,0.3,0.12,0,4,0,0
10,17,21,0,0,4,0.3,0.12,0,4,0,0
10,17,22,0,0,3,0.3,0.12,0,3,0,0
10,17,23,0,0,3,0.2,0.12,0,3,0,0
10,18,0,0,0,2,0.2,0.12,0,2,0,0
10,18,1,0,0,2,0.2,0.12,0,2,0,0
10,18,2,0,0,1,0.2,0.12,0,1,0,0
10,18,3,0,0,0,0.2,0.12,0,0,0,0
10,18,4,0,0,0,0.2,0.12,0,0,0,0
10,18,5,0,0,0,0.2,0.12,0,0,0,0
10,18,6,191,14,1,0.2,0.12,31.787,1.824,12.871,8.451
10,18,7,628,51,3,0.4,0.12,289.733,12.876,242.126,229.583
10,18,8,799,68,6,0.5,0.12,536.159,24.149,466.821,446.316
10,18,9,883,77,7,0.6,0.12,735.994,31.186,622.546,596.524
10,18,10,929,80,8,0.6,0.12,876.14,36.743,722.628,693.058
10,18,11,0,118,9,0.6,0.12,115.302,12.691,96.1,88.731
10,18,12,0,105,9,0.7,0.12,102.238,12.183,85.074,78.096
10,18,13,129,259,8,0.7,0.12,388.54,20.237,331.4,315.694
10,18,14,762,100,8,0.7,0.12,627.826,28.052,537.246,514.246
10,18,15,641,80,7,0.6,0.12,403.467,20.195,349.675,333.321
10,18,16,391,45,6,0.4,0.12,155.291,11.131,116.535,108.442
10,18,17,0,0,4,0.3,0.12,0,4,0,0
10,18,18,0,0,3,0.3,0.12,0,3,0,0
10,18,19,0,0,2,0.3,0.12,0,2,0,0
10,18,20,0,0,1,0.2,0.12,0,1,0,0
10,18,21,0,0,1,0.2,0.12,0,1,0,0
10,18,22,0,0,0,0.2,0.12,0,0,0,0
10,18,23,0,0,0,0.2,0.12,0,0,0,0
10,19,0,0,0,0,0.2,0.12,0,0,0,0
10,19,1,0,0,0,0.2,0.12,0,0,0,0
10,19,2,0,0,-1,0.2,0.12,0,-1,0,0
10,19,3,0,0,-1,0.2,0.12,0,-1,0,0
10,19,4,0,0,-1,0.2,0.12,0,-1,0,0
10,19,5,0,0,-2,0.2,0.12,0,-2,0,0
10,19,6,189,13,-1,0.2,0.12,29.067,-0.246,11.84,7.457
10,19,7,621,49,2,0.3,0.12,282.8,11.923,236.483,224.14
10,19,8,783,66,5,0.3,0.12,523.56,23.805,456.317,436.185
10,19,9,860,76,7,0.3,0.12,716.549,32.708,602.704,577.384
10,19,10,911,77,8,0.3,0.12,854.933,38.649,700.285,671.508
10,19,11,929,78,9,0.3,0.12,916.189,41.855,739.719,709.544
10,19,12,926,77,10,0.3,0.12,899.355,42.227,725.645,695.969
10,19,13,890,78,11,0.4,0.12,799.333,38.818,655.531,628.34
10,19,14,839,69,11,0.4,0.12,637.648,33.231,536.515,513.541
10,19,15,735,56,10,0.4,0.12,417.338,24.472,356.275,339.687
10,19,16,497,34,8,0.3,0.12,167.345,13.664,121.514,113.245
10,19,17,0,0,5,0.3,0.12,0,5,0,0
10,19,18,0,0,5,0.3,0.12,0,5,0,0
10,19,19,0,0,5,0.3,0.12,0,5,0,0
10,19,20,0,0,4,0.3,0.12,0,4,0,0
10,19,21,0,0,4,0.4,0.12,0,4,0,0
10,19,22,0,0,4,0.4,0.12,0,4,0,0
10,19,23,0,0,4,0.3,0.12,0,4,0,0
10,20,0,0,0,4,0.3,0.12,0,4,0,0
10,20,1,0,0,4,0.3,0.12,0,4,0,0
10,20,2,0,0,4,0.3,0.12,0,4,0,0
10,20,3,0,0,4,0.4,0.12,0,4,0,0
10,20,4,0,0,4,0.3,0.12,0,4,0,0
10,20,5,0,0,4,0.3,0.12,0,4,0,0
10,20,6,0,13,5,0.3,0.12,12.943,5.382,6.601,2.404
10,20,7,444,66,7,0.4,0.12,238.891,15.134,197.493,186.531
10,20,8,644,92,10,0.5,0.12,475.547,26.064,409.5,391.026
10,20,9,237,219,13,0.6,0.12,412.089,26.405,347.1,330.838
10,20,10,824,101,16,0.6,0.12,813.913,42.691,655.712,628.514
10,20,11,845,103,18,0.6,0.12,876.178,46.711,693.579,665.039
10,20,12,841,102,19,0.6,0.12,858.499,47.138,678.913,650.893
10,20,13,801,101,20,0.6,0.12,758.464,44.886,606.852,581.385
10,20,14,743,89,19,0.5,0.12,598.099,39.211,490.976,469.616
10,20,15,629,70,18,0.4,0.12,382.789,31.262,317.403,302.193
10,20,16,380,39,15,0.3,0.12,143.813,19.885,102.325,94.735
10,20,17,0,0,12,0.3,0.12,0,12,0,0
10,20,18,0,0,11,0.3,0.12,0,11,0,0
10,20,19,0,0,11,0.3,0.12,0,11,0,0
10,20,20,0,0,10,0.3,0.12,0,10,0,0
10,20,21,0,0,9,0.3,0.12,0,9,0,0
10,20,22,0,0,9,0.3,0.12,0,9,0,0
10,20,23,0,0,8,0.3,0.12,0,8,0,0
10,21,0,0,0,8,0.3,0.12,0,8,0,0
10,21,1,0,0,7,0.3,0.12,0,7,0,0
10,21,2,0,0,7,0.2,0.12,0,7,0,0
10,21,3,0,0,6,0.2,0.12,0,6,0,0
10,21,4,0,0,6,0.4,0.12,0,6,0,0
10,21,5,0,0,6,0.6,0.12,0,6,0,0
10,21,6,0,7,7,0.4,0.12,6.969,7.2,3.428,0
10,21,7,515,56,10,0.1,0.12,252.476,19.438,204.685,193.468
10,21,8,708,77,13,0.1,0.12,492.398,31.848,415.86,397.161
10,21,9,803,88,17,0.1,0.12,689.484,43.364,556.625,532.938
10,21,10,839,98,20,0.1,0.12,820.426,51.338,639.299,612.682
10,21,11,849,103,22,0.2,0.12,877.045,54.405,673.62,645.787
10,21,12,529,204,22,0.3,0.12,702.223,47.049,551.597,528.088
10,21,13,545,172,22,0.3,0.12,635.006,44.676,505.245,483.379
10,21,14,718,95,21,0.3,0.12,586.46,42.039,475.97,455.141
10,21,15,596,74,19,0.2,0.12,370.29,32.629,304.812,290.048
10,21,16,341,39,16,0.2,0.12,133.082,20.666,93.868,86.578
10,21,17,0,0,13,0.2,0.12,0,13,0,0
10,21,18,0,0,12,0.2,0.12,0,12,0,0
10,21,19,0,0,11,0.3,0.12,0,11,0,0
10,21,20,0,0,10,0.3,0.12,0,10,0,0
10,21,21,0,0,10,0.3,0.12,0,10,0,0
10,21,22,0,0,9,0.3,0.12,0,9,0,0
10,21,23,0,0,9,0.3,0.12,0,9,0,0
10,22,0,0,0,8,0.3,0.12,0,8,0,0
10,22,1,0,0,8,0.3,0.12,0,8,0,0
10,22,2,0,0,7,0.3,0.12,0,7,0,0
10,22,3,0,0,7,0.3,0.12,0,7,0,0
10,22,4,0,0,7,0.3,0.12,0,7,0,0
10,22,5,0,0,7,0.3,0.12,0,7,0,0
10,22,6,71,10,8,0.3,0.12,14.241,8.39,6.196,2.013
10,22,7,508,57,11,0.3,0.12,250.175,19.769,202.206,191.077
10,22,8,719,74,14,0.3,0.12,492.213,31.663,416.179,397.469
10,22,9,810,85,17,0.3,0.12,688.797,41.723,559.852,536.051
10,22,10,489,206,20,0.4,0.12,651.079,42.533,520.69,498.276
10,22,11,447,239,21,0.4,0.12,677.083,44.391,535.833,512.883
10,22,12,373,252,22,0.5,0.12,610.112,42.445,485.383,464.221
10,22,13,152,249,22,0.5,0.12,394.765,35.17,319.294,304.016
10,22,14,447,156,21,0.4,0.12,474.604,37.451,388.519,370.789
10,22,15,272,107,20,0.3,0.12,247.647,28.801,203.883,192.695
10,22,16,0,23,18,0.3,0.12,22.224,18.77,16.317,11.775
10,22,17,0,0,16,0.3,0.12,0,16,0,0
10,22,18,0,0,16,0.3,0.12,0,16,0,0
10,22,19,0,0,15,0.3,0.12,0,15,0,0
10,22,20,0,0,15,0.3,0.12,0,15,0,0
10,22,21,0,0,14,0.3,0.12,0,14,0,0
10,22,22,0,0,14,0.3,0.12,0,14,0,0
10,22,23,0,0,14,0.3,0.12,0,14,0,0
10,23,0,0,0,13,0.3,0.12,0,13,0,0
10,23,1,0,0,12,0.3,0.12,0,12,0,0
10,23,2,0,0,11,0.3,0.12,0,11,0,0
10,23,3,0,0,10,0.3,0.12,0,10,0,0
10,23,4,0,0,8,0.3,0.12,0,8,0,0
10,23,5,0,0,7,0.3,0.12,0,7,0,0
10,23,6,0,0,8,0.3,0.12,0,0,0,0
10,23,7,618,47,9,0.5,0.12,274.733,18.061,222.661,210.807
10,23,8,798,64,11,0.7,0.12,522.5,27.711,449.334,429.449
10,23,9,884,73,13,0.7,0.12,721.493,36.047,600.278,575.045
10,23,10,939,73,14,0.7,0.12,863.049,41.546,700.313,671.535
10,23,11,958,73,15,0.7,0.12,924.455,44.51,740.004,709.819
10,23,12,958,72,16,0.6,0.12,908.194,45.822,723.897,694.283
10,23,13,901,81,16,0.6,0.12,800.075,42.27,648.452,621.511
10,23,14,846,72,16,0.5,0.12,635.549,37.493,526.841,504.209
10,23,15,731,58,15,0.4,0.12,408.717,29.146,341.209,325.155
10,23,16,455,33,11,0.3,0.12,151.117,16.1,105.064,97.378
10,23,17,0,0,8,0.3,0.12,0,8,0,0
10,23,18,0,0,7,0.3,0.12,0,7,0,0
10,23,19,0,0,6,0.3,0.12,0,6,0,0
10,23,20,0,0,5,0.3,0.12,0,5,0,0
10,23,21,0,0,5,0.3,0.12,0,5,0,0
10,23,22,0,0,4,0.3,0.12,0,4,0,0
10,23,23,0,0,4,0.3,0.12,0,4,0,0
10,24,0,0,0,3,0.3,0.12,0,3,0,0
10,24,1,0,0,3,0.2,0.12,0,3,0,0
10,24,2,0,0,3,0.2,0.12,0,3,0,0
10,24,3,0,0,3,0.2,0.12,0,3,0,0
10,24,4,0,0,3,0.2,0.12,0,3,0,0
10,24,5,0,0,3,0.2,0.12,0,3,0,0
10,24,6,0,0,3,0.2,0.12,0,0,0,0
10,24,7,115,74,5,0.3,0.12,121.63,9.269,101.833,94.261
10,24,8,476,108,7,0.4,0.12,392.342,20.627,342.545,326.444
10,24,9,455,169,10,0.4,0.12,526.825,28.247,446.068,426.298
10,24,10,546,181,12,0.4,0.12,667.284,35.108,550.297,526.834
10,24,11,822,118,13,0.4,0.12,863.579,42.975,694.024,665.469
10,24,12,335,256,14,0.5,0.12,580.9,33.446,477.808,456.914
10,24,13,68,233,15,0.5,0.12,301.184,25.018,250.589,237.746
10,24,14,64,179,15,0.5,0.12,230.808,22.689,193.645,182.82
10,24,15,108,113,14,0.4,0.12,173.823,19.969,145.991,136.854
10,24,16,0,28,12,0.3,0.12,27.196,12.938,20.376,15.691
10,24,17,0,0,10,0.3,0.12,0,10,0,0
10,24,18,0,0,10,0.3,0.12,0,10,0,0
10,24,19,0,0,10,0.3,0.12,0,10,0,0
10,24,20,0,0,9,0.3,0.12,0,9,0,0
10,24,21,0,0,9,0.3,0.12,0,9,0,0
10,24,22,0,0,9,0.3,0.12,0,9,0,0
10,24,23,0,0,9,0.3,0.12,0,9,0,0
10,25,0,0,0,9,0.3,0.12,0,9,0,0
10,25,1,0,0,10,0.3,0.12,0,10,0,0
10,25,2,0,0,10,0.4,0.12,0,10,0,0
10,25,3,0,0,10,0.4,0.12,0,10,0,0
10,25,4,0,0,11,0.4,0.12,0,11,0,0
10,25,5,0,0,11,0.4,0.12,0,11,0,0
10,25,6,0,0,11,0.4,0.12,0,0,0,0
10,25,7,0,18,12,0.4,0.12,17.37,12.591,13.523,9.081
10,25,8,51,141,13,0.5,0.12,176.955,18.896,149.804,140.532
10,25,9,47,199,15,0.5,0.12,244.55,23.132,204.209,193.01
10,25,10,267,252,16,0.5,0.12,508.783,33.021,418.278,399.493
10,25,11,198,288,17,0.6,0.12,493.054,32.986,403.115,384.867
10,25,12,0,129,18,0.7,0.12,126.694,21.949,102.553,94.956
10,25,13,0,144,19,0.7,0.12,142.662,23.455,115.863,107.794
10,25,14,401,151,18,0.7,0.12,436.196,31.866,364.163,347.295
10,25,15,662,62,17,0.6,0.12,379.348,29.378,315.03,299.904
10,25,16,385,33,14,0.5,0.12,132.311,18.193,89.329,82.2
10,25,17,0,0,12,0.3,0.12,0,12,0,0
10,25,18,0,0,10,0.3,0.12,0,10,0,0
10,25,19,0,0,9,0.3,0.12,0,9,0,0
10,25,20,0,0,9,0.3,0.12,0,9,0,0
10,25,21,0,0,8,0.3,0.12,0,8,0,0
10,25,22,0,0,7,0.3,0.12,0,7,0,0
10,25,23,0,0,6,0.3,0.12,0,6,0,0
10,26,0,0,0,6,0.3,0.12,0,6,0,0
10,26,1,0,0,5,0.2,0.12,0,5,0,0
10,26,2,0,0,5,0.2,0.12,0,5,0,0
10,26,3,0,0,5,0.3,0.12,0,5,0,0
10,26,4,0,0,4,0.3,0.12,0,4,0,0
10,26,5,0,0,4,0.3,0.12,0,4,0,0
10,26,6,0,0,4,0.3,0.12,0,0,0,0
10,26,7,139,70,6,0.4,0.12,129.4,10.402,107.494,99.721
10,26,8,423,114,9,0.4,0.12,368.567,21.786,319.691,304.4
10,26,9,400,177,11,0.5,0.12,494.783,27.63,419.143,400.327
10,26,10,744,114,12,0.4,0.12,753.105,38.169,617.431,591.589
10,26,11,927,81,13,0.4,0.12,898.951,44.256,720.685,691.185
10,26,12,926,79,14,0.3,0.12,880.97,45.586,703.227,674.345
10,26,13,581,151,15,0.3,0.12,634.974,37.691,520.386,497.983
10,26,14,841,68,14,0.2,0.12,619.934,36.968,515.234,493.013
10,26,15,719,55,13,0.2,0.12,393.324,27.47,328.901,313.283
10,26,16,429,29,12,0.5,0.12,136.83,16.309,90.858,83.675
10,26,17,0,0,10,0.8,0.12,0,10,0,0
10,26,18,0,0,9,0.8,0.12,0,9,0,0
10,26,19,0,0,8,0.9,0.12,0,8,0,0
10,26,20,0,0,6,1,0.12,0,6,0,0
10,26,21,0,0,6,1,0.12,0,6,0,0
10,26,22,0,0,5,0.9,0.12,0,5,0,0
10,26,23,0,0,5,0.9,0.12,0,5,0,0
10,27,0,0,0,5,0.8,0.12,0,5,0,0
10,27,1,0,0,4,0.8,0.12,0,4,0,0
10,27,2,0,0,3,0.9,0.12,0,3,0,0
10,27,3,0,0,2,0.7,0.12,0,2,0,0
10,27,4,0,0,2,0.4,0.12,0,2,0,0
10,27,5,0,0,3,0.3,0.12,0,3,0,0
10,27,6,0,0,4,0.3,0.12,0,0,0,0
10,27,7,47,68,6,0.3,0.12,87.778,9.08,73.052,66.5
10,27,8,501,99,8,0.3,0.12,392.836,22.063,341.584,325.516
10,27,9,475,159,10,0.3,0.12,526.527,28.804,445.554,425.803
10,27,10,400,219,11,0.4,0.12,577.203,30.939,481.446,460.423
10,27,11,134,278,12,0.4,0.12,425.965,26.616,354.959,338.418
10,27,12,156,271,13,0.5,0.12,434.264,27.483,361.531,344.757
10,27,13,49,218,13,0.5,0.12,269.755,21.964,226.296,214.314
10,27,14,72,173,12,0.5,0.12,229.353,19.646,194.893,184.024
10,27,15,71,105,12,0.4,0.12,142.874,16.899,120.384,112.155
10,27,16,6,32,11,0.3,0.12,33.544,12.145,24.315,19.489
10,27,17,0,0,9,0.3,0.12,0,9,0,0
10,27,18,0,0,8,0.3,0.12,0,8,0,0
10,27,19,0,0,8,0.3,0.12,0,8,0,0
10,27,20,0,0,8,0.3,0.12,0,8,0,0
10,27,21,0,0,8,0.4,0.12,0,8,0,0
10,27,22,0,0,8,0.4,0.12,0,8,0,0
10,27,23,0,0,8,0.4,0.12,0,8,0,0
10,28,0,0,0,8,0.4,0.12,0,8,0,0
10,28,1,0,0,8,0.4,0.12,0,8,0,0
10,28,2,0,0,9,0.5,0.12,0,9,0,0
10,28,3,0,0,9,0.6,0.12,0,9,0,0
10,28,4,0,0,10,0.6,0.12,0,10,0,0
10,28,5,0,0,11,0.6,0.12,0,11,0,0
10,28,6,0,0,12,0.7,0.12,0,0,0,0
10,28,7,0,11,13,0.8,0.12,10.607,13.322,8.023,3.775
10,28,8,0,23,14,0.9,0.12,22.215,14.659,17.52,12.936
10,28,9,0,47,15,1.1,0.12,45.485,16.28,36.478,31.222
10,28,10,0,48,16,1.2,0.12,46.481,17.274,36.915,31.643
10,28,11,0,71,17,1.3,0.12,68.831,18.841,55.058,49.143
10,28,12,0,156,18,1.2,0.12,154.787,22.246,126.236,117.8
10,28,13,0,65,19,1.1,0.12,62.971,20.77,50.067,44.33
10,28,14,0,59,19,1,0.12,57.117,20.65,45.6,40.02
10,28,15,0,40,19,0.9,0.12,38.675,20.148,30.499,25.455
10,28,16,0,14,19,0.8,0.12,13.511,19.397,8.99,4.708
10,28,17,0,0,18,0.8,0.12,0,18,0,0
10,28,18,0,0,18,0.8,0.12,0,18,0,0
10,28,19,0,0,19,0.9,0.12,0,19,0,0
10,28,20,0,0,19,1,0.12,0,19,0,0
10,28,21,0,0,19,1,0.12,0,19,0,0
10,28,22,0,0,19,0.9,0.12,0,19,0,0
10,28,23,0,0,19,0.7,0.12,0,19,0,0
10,29,0,0,0,19,0.6,0.12,0,19,0,0
10,29,1,0,0,18,0.5,0.12,0,18,0,0
10,29,2,0,0,18,0.3,0.12,0,18,0,0
10,29,3,0,0,17,0.3,0.12,0,17,0,0
10,29,4,0,0,17,0.3,0.12,0,17,0,0
10,29,5,0,0,16,0.3,0.12,0,16,0,0
10,29,6,0,0,16,0.3,0.12,0,0,0,0
10,29,7,525,45,16,0.4,0.12,234.936,23.976,182.973,172.526
10,29,8,707,67,17,0.6,0.12,466.281,32.309,393.281,375.382
10,29,9,132,206,18,0.8,0.12,321.512,27.875,267.356,253.919
10,29,10,193,252,19,0.9,0.12,436.945,32.075,359.006,342.321
10,29,11,100,271,19,0.9,0.12,377.583,30.253,309.239,294.318
10,29,12,380,235,18,0.8,0.12,590.109,36.193,481.942,460.902
10,29,13,407,195,17,0.8,0.12,543.927,33.793,449.999,430.09
10,29,14,643,93,16,0.7,0.12,520.747,32.612,437.905,418.425
10,29,15,146,102,15,0.6,0.12,177.584,20.755,148.316,139.097
10,29,16,59,31,14,0.4,0.12,48.583,15.576,32.08,26.98
10,29,17,0,0,12,0.4,0.12,0,12,0,0
10,29,18,0,0,12,0.4,0.12,0,12,0,0
10,29,19,0,0,11,0.3,0.12,0,11,0,0
10,29,20,0,0,10,0.3,0.12,0,10,0,0
10,29,21,0,0,9,0.3,0.12,0,9,0,0
10,29,22,0,0,9,0.3,0.12,0,9,0,0
10,29,23,0,0,8,0.3,0.12,0,8,0,0
10,30,0,0,0,7,0.3,0.12,0,7,0,0
10,30,1,0,0,6,0.3,0.12,0,6,0,0
10,30,2,0,0,6,0.3,0.12,0,6,0,0
10,30,3,0,0,5,0.3,0.12,0,5,0,0
10,30,4,0,0,4,0.3,0.12,0,4,0,0
10,30,5,0,0,4,0.3,0.12,0,4,0,0
10,30,6,0,0,4,0.3,0.12,0,0,0,0
10,30,7,546,45,6,0.4,0.12,240.556,14.167,193.883,183.05
10,30,8,736,67,9,0.6,0.12,479.808,24.761,416.547,397.823
10,30,9,822,81,10,0.7,0.12,676.027,31.585,572.212,547.973
10,30,10,886,81,12,0.7,0.12,810.928,37.887,668.128,640.49
10,30,11,898,84,13,0.6,0.12,866.953,41.431,703.235,674.353
10,30,12,892,83,13,0.6,0.12,846.188,40.761,688.655,660.29
10,30,13,865,79,14,0.6,0.12,756.333,38.83,622.069,596.063
10,30,14,806,70,13,0.5,0.12,590.665,32.975,498.334,476.713
10,30,15,682,55,12,0.4,0.12,369.34,24.746,309.873,294.93
10,30,16,373,26,9,0.3,0.12,116.903,12.764,70.71,64.241
10,30,17,0,0,8,0.3,0.12,0,8,0,0
10,30,18,0,0,7,0.3,0.12,0,7,0,0
10,30,19,0,0,6,0.3,0.12,0,6,0,0
10,30,20,0,0,5,0.3,0.12,0,5,0,0
10,30,21,0,0,4,0.3,0.12,0,4,0,0
10,30,22,0,0,3,0.3,0.12,0,3,0,0
10,30,23,0,0,2,0.3,0.12,0,2,0,0
10,31,0,0,0,2,0.3,0.12,0,2,0,0
10,31,1,0,0,1,0.3,0.12,0,1,0,0
10,31,2,0,0,1,0.3,0.12,0,1,0,0
10,31,3,0,0,0,0.3,0.12,0,0,0,0
10,31,4,0,0,0,0.3,0.12,0,0,0,0
10,31,5,0,0,0,0.3,0.12,0,0,0,0
10,31,6,0,0,1,0.2,0.12,0,1,0,0
10,31,7,574,42,3,0.2,0.12,243.119,11.773,196.764,185.828
10,31,8,764,62,5,0.2,0.12,486.937,23.044,425.7,406.652
10,31,9,499,147,8,0.2,0.12,524.712,27.351,447.198,427.388
10,31,10,394,212,9,0.2,0.12,560.161,29.6,469.918,449.303
10,31,11,510,198,11,0.2,0.12,673.13,35.775,553.141,529.578
10,31,12,82,254,12,0.3,0.12,341.638,24.065,285.859,271.766
10,31,13,839,83,12,0.3,0.12,738.861,38.503,608.344,582.824
10,31,14,765,75,12,0.3,0.12,568.83,32.421,480.503,459.514
10,31,15,0,21,11,0.2,0.12,20.272,11.735,16.104,11.57
10,31,16,0,5,8,0.3,0.12,4.816,8.158,2.916,0
10,31,17,0,0,7,0.4,0.12,0,7,0,0
10,31,18,0,0,6,0.3,0.12,0,6,0,0
10,31,19,0,0,5,0.3,0.12,0,5,0,0
10,31,20,0,0,4,0.3,0.12,0,4,0,0
10,31,21,0,0,3,0.3,0.12,0,3,0,0
10,31,22,0,0,2,0.3,0.12,0,2,0,0
10,31,23,0,0,1,0.3,0.12,0,1,0,0
11,1,0,0,0,1,0.3,0.12,0,1,0,0
11,1,1,0,0,0,0.3,0.12,0,0,0,0
11,1,2,0,0,0,0.3,0.12,0,0,0,0
11,1,3,0,0,0,0.3,0.12,0,0,0,0
11,1,4,0,0,0,0.3,0.12,0,0,0,0
11,1,5,0,0,0,0.3,0.12,0,0,0,0
11,1,6,0,0,0,0.3,0.12,0,0,0,0
11,1,7,595,40,1,0.4,0.12,246.265,9.355,200.298,189.237
11,1,8,795,57,4,0.6,0.12,495.73,20.293,437.925,418.444
11,1,9,880,67,5,0.6,0.12,690.082,27.679,593.507,568.513
11,1,10,917,74,6,0.5,0.12,822.318,33.772,688.692,660.325
11,1,11,931,76,8,0.5,0.12,879.255,37.696,724.096,694.475
11,1,12,928,74,9,0.5,0.12,859.239,38.032,707.308,678.282
11,1,13,906,67,9,0.5,0.12,762.112,34.768,637.337,610.79
11,1,14,847,59,9,0.4,0.12,594.745,29.716,508.563,486.579
11,1,15,719,47,8,0.3,0.12,372.56,21.253,315.753,300.601
11,1,16,403,22,5,0.3,0.12,114.505,8.484,62.449,56.272
11,1,17,0,0,2,0.3,0.12,0,2,0,0
11,1,18,0,0,2,0.3,0.12,0,2,0,0
11,1,19,0,0,2,0.3,0.12,0,2,0,0
11,1,20,0,0,1,0.3,0.12,0,1,0,0
11,1,21,0,0,0,0.3,0.12,0,0,0,0
11,1,22,0,0,0,0.3,0.12,0,0,0,0
11,1,23,0,0,0,0.3,0.12,0,0,0,0
11,2,0,0,0,0,0.3,0.12,0,0,0,0
11,2,1,0,0,0,0.3,0.12,0,0,0,0
11,2,2,0,0,0,0.3,0.12,0,0,0,0
11,2,3,0,0,-1,0.2,0.12,0,-1,0,0
11,2,4,0,0,-1,0.2,0.12,0,-1,0,0
11,2,5,0,0,-1,0.2,0.12,0,-1,0,0
11,2,6,0,0,-1,0.2,0.12,0,-1,0,0
11,2,7,587,38,1,0.3,0.12,239.82,9.394,194.156,183.312
11,2,8,790,56,3,0.4,0.12,489.732,20.062,432.654,413.359
11,2,9,880,65,6,0.4,0.12,685.016,29.869,584.641,559.962
11,2,10,923,70,8,0.3,0.12,819.271,37.389,677.281,649.318
11,2,11,936,73,9,0.3,0.12,876.747,40.45,714.88,685.586
11,2,12,928,73,10,0.3,0.12,855.902,40.682,697.788,669.099
11,2,13,899,69,10,0.2,0.12,757.198,38.027,625.65,599.518
11,2,14,837,61,10,0.2,0.12,592.151,31.948,502.125,480.369
11,2,15,707,47,9,0.2,0.12,365.591,22.415,307.945,293.07
11,2,16,381,21,7,0.3,0.12,107.628,10.134,53.74,47.873
11,2,17,0,0,7,0.3,0.12,0,7,0,0
11,2,18,0,0,6,0.4,0.12,0,6,0,0
11,2,19,0,0,5,0.7,0.12,0,5,0,0
11,2,20,0,0,4,0.9,0.12,0,4,0,0
11,2,21,0,0,3,1,0.12,0,3,0,0
11,2,22,0,0,2,1,0.12,0,2,0,0
11,2,23,0,0,2,1,0.12,0,2,0,0
11,3,0,0,0,2,1,0.12,0,2,0,0
11,3,1,0,0,2,0.9,0.12,0,2,0,0
11,3,2,0,0,2,0.8,0.12,0,2,0,0
11,3,3,0,0,1,0.8,0.12,0,1,0,0
11,3,4,0,0,1,0.7,0.12,0,1,0,0
11,3,5,0,0,1,0.7,0.12,0,1,0,0
11,3,6,0,0,1,0.6,0.12,0,1,0,0
11,3,7,543,40,2,0.4,0.12,228.322,9.755,184.146,173.657
11,3,8,750,61,5,0.2,0.12,472.859,22.503,413.402,394.79
11,3,9,845,72,8,0.3,0.12,671.911,32.113,568.466,544.359
11,3,10,889,78,9,0.4,0.12,799.392,36.812,662.112,634.687
11,3,11,903,81,10,0.4,0.12,856.802,39.782,700.276,671.499
11,3,12,895,81,11,0.4,0.12,835.71,40.056,682.81,654.652
11,3,13,863,76,12,0.4,0.12,741.082,37.791,612.607,586.936
11,3,14,791,68,11,0.4,0.12,570.227,30.865,485.018,463.869
11,3,15,646,53,9,0.3,0.12,344.536,21.247,290.671,276.408
11,3,16,297,22,6,0.4,0.12,91.727,8.462,42.29,36.828
11,3,17,0,0,5,0.4,0.12,0,5,0,0
11,3,18,0,0,5,0.3,0.12,0,5,0,0
11,3,19,0,0,5,0.3,0.12,0,5,0,0
11,3,20,0,0,6,0.3,0.12,0,6,0,0
11,3,21,0,0,6,0.2,0.12,0,6,0,0
11,3,22,0,0,6,0.2,0.12,0,6,0,0
11,3,23,0,0,6,0.2,0.12,0,6,0,0
11,4,0,0,0,6,0.2,0.12,0,6,0,0
11,4,1,0,0,6,0.2,0.12,0,6,0,0
11,4,2,0,0,6,0.2,0.12,0,6,0,0
11,4,3,0,0,6,0.3,0.12,0,6,0,0
11,4,4,0,0,7,0.3,0.12,0,7,0,0
11,4,5,0,0,7,0.4,0.12,0,7,0,0
11,4,6,0,0,7,0.4,0.12,0,7,0,0
11,4,7,0,15,7,0.5,0.12,14.471,7.476,11.281,6.918
11,4,8,0,22,7,0.6,0.12,21.244,7.684,17.247,12.672
11,4,9,0,45,8,0.6,0.12,43.538,9.399,35.937,30.7
11,4,10,0,32,8,0.7,0.12,30.96,8.966,25.089,20.236
11,4,11,4,178,8,0.8,0.12,181.944,13.531,154.568,145.128
11,4,12,10,190,8,0.7,0.12,199.963,14.253,170.214,160.219
11,4,13,1,156,7,0.6,0.12,157.208,12.055,134.339,125.616
11,4,14,0,89,6,0.6,0.12,87.208,8.807,74.393,67.793
11,4,15,0,55,6,0.6,0.12,53.559,7.723,44.964,39.407
11,4,16,0,10,5,0.5,0.12,9.647,5.269,4.854,0.718
11,4,17,0,0,5,0.4,0.12,0,5,0,0
11,4,18,0,0,5,0.4,0.12,0,5,0,0
11,4,19,0,0,5,0.4,0.12,0,5,0,0
11,4,20,0,0,5,0.4,0.12,0,5,0,0
11,4,21,0,0,5,0.4,0.12,0,5,0,0
11,4,22,0,0,5,0.4,0.12,0,5,0,0
11,4,23,0,0,5,0.3,0.12,0,5,0,0
11,5,0,0,0,4,0.3,0.12,0,4,0,0
11,5,1,0,0,4,0.4,0.12,0,4,0,0
11,5,2,0,0,4,0.4,0.12,0,4,0,0
11,5,3,0,0,4,0.4,0.12,0,4,0,0
11,5,4,0,0,4,0.4,0.12,0,4,0,0
11,5,5,0,0,4,0.4,0.12,0,4,0,0
11,5,6,0,0,4,0.4,0.12,0,4,0,0
11,5,7,0,44,4,0.5,0.12,43.687,5.438,35.883,30.648
11,5,8,0,65,5,0.6,0.12,63.079,7.031,53.64,47.776
11,5,9,0,114,7,0.6,0.12,112.685,10.625,96.032,88.666
11,5,10,0,142,8,0.7,0.12,141.037,12.405,119.599,111.397
11,5,11,0,145,9,0.7,0.12,143.747,13.486,121.14,112.884
11,5,12,153,259,10,0.7,0.12,416.947,23.148,353.398,336.912
11,5,13,152,223,11,0.7,0.12,363.05,22.461,308.917,294.007
11,5,14,102,158,11,0.6,0.12,238.658,18.745,204.528,193.317
11,5,15,84,90,10,0.4,0.12,136.817,14.688,115.351,107.3
11,5,16,181,24,7,0.3,0.12,68.202,8.918,31.981,26.884
11,5,17,0,0,5,0.3,0.12,0,5,0,0
11,5,18,0,0,5,0.3,0.12,0,5,0,0
11,5,19,0,0,5,0.3,0.12,0,5,0,0
11,5,20,0,0,4,0.3,0.12,0,4,0,0
11,5,21,0,0,4,0.3,0.12,0,4,0,0
11,5,22,0,0,3,0.3,0.12,0,3,0,0
11,5,23,0,0,3,0.3,0.12,0,3,0,0
11,6,0,0,0,2,0.3,0.12,0,2,0,0
11,6,1,0,0,2,0.3,0.12,0,2,0,0
11,6,2,0,0,1,0.3,0.12,0,1,0,0
11,6,3,0,0,1,0.3,0.12,0,1,0,0
11,6,4,0,0,0,0.3,0.12,0,0,0,0
11,6,5,0,0,0,0.3,0.12,0,0,0,0
11,6,6,0,0,0,0.3,0.12,0,0,0,0
11,6,7,446,45,2,0.4,0.12,199.15,8.769,159.638,150.018
11,6,8,694,69,4,0.5,0.12,449.261,19.167,396.047,378.049
11,6,9,810,80,7,0.5,0.12,650.759,28.984,556.889,533.193
11,6,10,868,84,8,0.5,0.12,787.97,34.611,658.275,630.986
11,6,11,887,86,9,0.5,0.12,847,37.602,698.31,669.602
11,6,12,189,248,10,0.5,0.12,432.747,24.458,366.005,349.072
11,6,13,173,212,10,0.5,0.12,365.339,22.208,311.623,296.617
11,6,14,291,144,9,0.5,0.12,342.814,20.514,297.004,282.517
11,6,15,13,82,8,0.4,0.12,88.846,11.036,74.924,68.306
11,6,16,0,15,5,0.3,0.12,14.494,5.429,7.419,3.192
11,6,17,0,0,4,0.3,0.12,0,4,0,0
11,6,18,0,0,3,0.3,0.12,0,3,0,0
11,6,19,0,0,2,0.3,0.12,0,2,0,0
11,6,20,0,0,2,0.3,0.12,0,2,0,0
11,6,21,0,0,1,0.3,0.12,0,1,0,0
11,6,22,0,0,1,0.3,0.12,0,1,0,0
11,6,23,0,0,0,0.3,0.12,0,0,0,0
11,7,0,0,0,0,0.3,0.12,0,0,0,0
11,7,1,0,0,0,0.3,0.12,0,0,0,0
11,7,2,0,0,0,0.3,0.12,0,0,0,0
11,7,3,0,0,0,0.3,0.12,0,0,0,0
11,7,4,0,0,0,0.3,0.12,0,0,0,0
11,7,5,0,0,0,0.3,0.12,0,0,0,0
11,7,6,0,0,0,0.4,0.12,0,0,0,0
11,7,7,507,39,0,0.6,0.12,210.15,6.739,168.519,158.585
11,7,8,744,59,2,0.7,0.12,459.598,16.662,408.995,390.54
11,7,9,852,69,4,0.7,0.12,663.337,25.197,576.111,551.734
11,7,10,905,73,6,0.7,0.12,795.361,31.397,673.031,645.22
11,7,11,924,75,7,0.7,0.12,855.389,34.313,714.586,685.302
11,7,12,919,75,8,0.8,0.12,837.491,34.01,700.944,672.143
11,7,13,888,71,9,0.8,0.12,738.984,31.97,625.209,599.092
11,7,14,821,63,8,0.8,0.12,574.466,25.87,498.245,476.626
11,7,15,680,48,7,0.7,0.12,346.581,17.97,294.162,279.775
11,7,16,316,19,5,0.5,0.12,87.045,7.227,39.174,33.822
11,7,17,0,0,3,0.3,0.12,0,3,0,0
11,7,18,0,0,2,0.3,0.12,0,2,0,0
11,7,19,0,0,2,0.3,0.12,0,2,0,0
11,7,20,0,0,1,0.3,0.12,0,1,0,0
11,7,21,0,0,1,0.3,0.12,0,1,0,0
11,7,22,0,0,0,0.3,0.12,0,0,0,0
11,7,23,0,0,0,0.3,0.12,0,0,0,0
11,8,0,0,0,0,0.4,0.12,0,0,0,0
11,8,1,0,0,0,0.4,0.12,0,0,0,0
11,8,2,0,0,0,0.4,0.12,0,0,0,0
11,8,3,0,0,0,0.4,0.12,0,0,0,0
11,8,4,0,0,0,0.5,0.12,0,0,0,0
11,8,5,0,0,0,0.5,0.12,0,0,0,0
11,8,6,0,0,0,0.6,0.12,0,0,0,0
11,8,7,437,43,2,0.7,0.12,191.741,7.98,152.694,143.319
11,8,8,688,67,4,0.9,0.12,440.187,17.309,389.935,372.155
11,8,9,798,79,5,1,0.12,636.696,23.788,555.274,531.635
11,8,10,388,197,6,1.1,0.12,530.505,21.168,459.659,439.408
11,8,11,5,178,7,1,0.12,183.25,12.291,156.652,147.137
11,8,12,32,212,7,1,0.12,252.86,14.327,217.398,205.731
11,8,13,83,204,8,1,0.12,280.62,16.165,242.222,229.675
11,8,14,120,153,7,1,0.12,243.58,14.108,212.787,201.283
11,8,15,0,60,7,0.8,0.12,59.222,8.803,49.598,43.877
11,8,16,0,9,6,0.7,0.12,8.682,6.229,4.329,0.212
11,8,17,0,0,6,0.7,0.12,0,6,0,0
11,8,18,0,0,6,0.6,0.12,0,6,0,0
11,8,19,0,0,5,0.5,0.11,0,5,0,0
11,8,20,0,0,5,0.5,0.11,0,5,0,0
11,8,21,0,0,4,0.5,0.11,0,4,0,0
11,8,22,0,0,4,0.5,0.11,0,4,0,0
11,8,23,0,0,3,0.4,0.11,0,3,0,0
11,9,0,0,0,3,0.4,0.11,0,3,0,0
11,9,1,0,0,3,0.4,0.11,0,3,0,0
11,9,2,0,0,2,0.4,0.11,0,2,0,0
11,9,3,0,0,2,0.4,0.11,0,2,0,0
11,9,4,0,0,2,0.4,0.11,0,2,0,0
11,9,5,0,0,2,0.3,0.11,0,2,0,0
11,9,6,0,0,2,0.3,0.11,0,2,0,0
11,9,7,524,34,4,0.5,0.11,204.697,10.75,159.671,150.05
11,9,8,747,53,6,0.6,0.11,449.049,20.76,393.154,375.26
11,9,9,846,63,8,0.7,0.11,641.88,28.546,551.037,527.548
11,9,10,895,68,10,0.7,0.11,774.956,34.788,648.005,621.08
11,9,11,912,70,11,0.7,0.11,832.77,37.634,687.582,659.254
11,9,12,903,69,12,0.7,0.11,810.152,37.918,668.649,640.992
11,9,13,867,66,13,0.7,0.11,711.253,35.773,593.488,568.495
11,9,14,791,59,12,0.6,0.11,546.663,30.011,466.77,446.267
11,9,15,636,46,11,0.5,0.11,322.471,21.825,268.545,255.066
11,9,16,246,17,9,0.4,0.11,70.964,10.881,31.45,26.372
11,9,17,0,0,8,0.4,0.11,0,8,0,0
11,9,18,0,0,7,0.4,0.11,0,7,0,0
11,9,19,0,0,6,0.4,0.11,0,6,0,0
11,9,20,0,0,6,0.4,0.11,0,6,0,0
11,9,21,0,0,6,0.4,0.11,0,6,0,0
11,9,22,0,0,6,0.4,0.11,0,6,0,0
11,9,23,0,0,6,0.4,0.11,0,6,0,0
11,10,0,0,0,5,0.3,0.11,0,5,0,0
11,10,1,0,0,5,0.3,0.11,0,5,0,0
11,10,2,0,0,4,0.3,0.11,0,4,0,0
11,10,3,0,0,4,0.3,0.11,0,4,0,0
11,10,4,0,0,4,0.3,0.11,0,4,0,0
11,10,5,0,0,4,0.3,0.11,0,4,0,0
11,10,6,0,0,4,0.3,0.11,0,4,0,0
11,10,7,465,35,5,0.4,0.11,188.82,11.418,146.366,137.216
11,10,8,377,95,8,0.5,0.11,308.732,18.401,268.723,255.238
11,10,9,805,66,10,0.6,0.11,620.125,30.414,528.365,505.679
11,10,10,430,183,12,0.6,0.11,554.198,30.127,465.843,445.373
11,10,11,493,187,13,0.6,0.11,631.199,33.656,523.935,501.406
11,10,12,866,73,14,0.6,0.11,782.985,39.756,641.59,614.892
11,10,13,834,69,14,0.5,0.11,694.212,37.503,575.265,550.917
11,10,14,761,60,14,0.4,0.11,528.73,32.452,447.06,427.255
11,10,15,607,46,12,0.3,0.11,309.418,23.024,255.888,242.857
11,10,16,234,16,9,0.2,0.11,66.943,10.884,29.521,24.511
11,10,17,0,0,8,0.3,0.11,0,8,0,0
11,10,18,0,0,7,0.3,0.11,0,7,0,0
11,10,19,0,0,6,0.3,0.11,0,6,0,0
11,10,20,0,0,5,0.3,0.11,0,5,0,0
11,10,21,0,0,4,0.3,0.11,0,4,0,0
11,10,22,0,0,4,0.3,0.11,0,4,0,0
11,10,23,0,0,3,0.3,0.11,0,3,0,0
11,11,0,0,0,3,0.3,0.11,0,3,0,0
11,11,1,0,0,2,0.3,0.11,0,2,0,0
11,11,2,0,0,2,0.3,0.11,0,2,0,0
11,11,3,0,0,2,0.3,0.11,0,2,0,0
11,11,4,0,0,1,0.3,0.11,0,1,0,0
11,11,5,0,0,1,0.3,0.11,0,1,0,0
11,11,6,0,0,1,0.3,0.11,0,1,0,0
11,11,7,510,34,2,0.4,0.11,197.484,8.697,153.544,144.14
11,11,8,746,56,5,0.6,0.11,447.848,19.714,392.859,374.975
11,11,9,851,68,7,0.6,0.11,650.291,28.412,558.709,534.948
11,11,10,901,74,9,0.5,0.11,781.398,35.453,652.08,625.011
11,11,11,920,77,10,0.4,0.11,842.297,39.363,691.252,662.795
11,11,12,915,76,11,0.4,0.11,823.703,39.7,675.616,647.713
11,11,13,883,72,12,0.3,0.11,730.762,38.276,604.365,578.986
11,11,14,813,63,12,0.2,0.11,560.86,32.827,474.202,453.435
11,11,15,665,47,10,0.4,0.11,332.679,21.499,276.799,263.027
11,11,16,271,15,7,0.9,0.11,71.489,8.625,31.32,26.247
11,11,17,0,0,5,1,0.11,0,5,0,0
11,11,18,0,0,4,0.9,0.11,0,4,0,0
11,11,19,0,0,2,0.7,0.11,0,2,0,0
11,11,20,0,0,2,0.4,0.11,0,2,0,0
11,11,21,0,0,1,0.3,0.11,0,1,0,0
11,11,22,0,0,1,0.3,0.11,0,1,0,0
11,11,23,0,0,1,0.3,0.11,0,1,0,0
11,12,0,0,0,0,0.3,0.11,0,0,0,0
11,12,1,0,0,0,0.3,0.11,0,0,0,0
11,12,2,0,0,0,0.3,0.11,0,0,0,0
11,12,3,0,0,0,0.3,0.11,0,0,0,0
11,12,4,0,0,0,0.3,0.11,0,0,0,0
11,12,5,0,0,0,0.3,0.11,0,0,0,0
11,12,6,0,0,0,0.3,0.11,0,0,0,0
11,12,7,562,32,1,0.3,0.11,209.177,8.304,161.787,152.09
11,12,8,793,51,5,0.4,0.11,462.864,21.133,404.028,385.748
11,12,9,889,61,8,0.4,0.11,659.823,31.038,562.033,538.154
11,12,10,933,66,11,0.4,0.11,793.05,38.668,654.394,627.243
11,12,11,947,68,13,0.4,0.11,850.975,42.657,690.184,661.765
11,12,12,938,68,14,0.4,0.11,829.439,42.916,672.476,644.684
11,12,13,905,64,15,0.3,0.11,729.699,41.246,597.143,572.021
11,12,14,834,57,14,0.2,0.11,564.486,34.958,473.741,452.991
11,12,15,685,44,12,0.5,0.11,335.912,23.281,277.24,263.453
11,12,16,284,14,9,1,0.11,67.323,10.465,28.422,23.451
11,12,17,0,0,8,1.2,0.11,0,8,0,0
11,12,18,0,0,7,1.2,0.11,0,7,0,0
11,12,19,0,0,6,1.2,0.11,0,6,0,0
11,12,20,0,0,5,1.2,0.11,0,5,0,0
11,12,21,0,0,3,1,0.11,0,3,0,0
11,12,22,0,0,2,0.6,0.11,0,2,0,0
11,12,23,0,0,2,0.4,0.11,0,2,0,0
11,13,0,0,0,1,0.3,0.11,0,1,0,0
11,13,1,0,0,1,0.3,0.11,0,1,0,0
11,13,2,0,0,1,0.3,0.11,0,1,0,0
11,13,3,0,0,0,0.3,0.11,0,0,0,0
11,13,4,0,0,0,0.3,0.11,0,0,0,0
11,13,5,0,0,0,0.3,0.11,0,0,0,0
11,13,6,0,0,0,0.3,0.11,0,0,0,0
11,13,7,509,32,3,0.3,0.11,192.335,9.705,146.996,137.823
11,13,8,752,52,7,0.3,0.11,441.736,22.863,382.385,364.872
11,13,9,856,63,10,0.2,0.11,638.649,33.703,538.419,515.377
11,13,10,905,69,13,0.2,0.11,773.458,41.679,630.876,604.558
11,13,11,922,71,15,0.2,0.11,831.88,45.836,666.43,638.852
11,13,12,915,71,16,0.2,0.11,812.485,46.128,650.549,623.534
11,13,13,884,66,16,0.2,0.11,714.938,42.537,582.071,557.482
11,13,14,812,59,16,0.2,0.11,552.269,36.506,460.539,440.256
11,13,15,659,45,15,0.3,0.11,325.238,26.598,264.529,251.192
11,13,16,252,14,13,0.3,0.11,60.98,14.617,25.306,20.445
11,13,17,0,0,12,0.2,0.11,0,12,0,0
11,13,18,0,0,11,0.3,0.11,0,11,0,0
11,13,19,0,0,10,0.6,0.11,0,10,0,0
11,13,20,0,0,9,0.8,0.11,0,9,0,0
11,13,21,0,0,8,0.9,0.11,0,8,0,0
11,13,22,0,0,7,0.9,0.11,0,7,0,0
11,13,23,0,0,6,0.9,0.11,0,6,0,0
11,14,0,0,0,4,1,0.11,0,4,0,0
11,14,1,0,0,3,1,0.11,0,3,0,0
11,14,2,0,0,3,1,0.11,0,3,0,0
11,14,3,0,0,2,1,0.11,0,2,0,0
11,14,4,0,0,2,0.9,0.11,0,2,0,0
11,14,5,0,0,3,0.8,0.11,0,3,0,0
11,14,6,0,0,3,0.7,0.11,0,3,0,0
11,14,7,170,40,4,0.5,0.11,104.421,7.439,81.123,74.285
11,14,8,342,93,6,0.2,0.11,285.404,16.529,248.783,236.004
11,14,9,437,134,9,0.1,0.11,450.292,26.184,385.375,367.756
11,14,10,410,180,11,0.1,0.11,531.19,31.228,444.698,424.977
11,14,11,460,187,13,0.3,0.11,599.715,34.434,496.254,474.706
11,14,12,562,153,14,0.4,0.11,633.181,35.997,522.934,500.441
11,14,13,849,73,15,0.4,0.11,701.824,39.47,577.834,553.396
11,14,14,775,63,14,0.3,0.11,533.881,33.211,450.37,430.448
11,14,15,621,46,12,0.2,0.11,309.901,23.406,254.448,241.468
11,14,16,223,13,8,0.2,0.11,54.336,9.487,22.959,18.182
11,14,17,0,0,6,0.3,0.11,0,6,0,0
11,14,18,0,0,5,0.3,0.11,0,5,0,0
11,14,19,0,0,5,0.3,0.11,0,5,0,0
11,14,20,0,0,5,0.2,0.11,0,5,0,0
11,14,21,0,0,5,0.2,0.11,0,5,0,0
11,14,22,0,0,5,0.2,0.11,0,5,0,0
11,14,23,0,0,5,0.2,0.11,0,5,0,0
11,15,0,0,0,6,0.2,0.11,0,6,0,0
11,15,1,0,0,6,0.2,0.11,0,6,0,0
11,15,2,0,0,6,0.2,0.11,0,6,0,0
11,15,3,0,0,6,0.2,0.11,0,6,0,0
11,15,4,0,0,6,0.2,0.11,0,6,0,0
11,15,5,0,0,6,0.2,0.11,0,6,0,0
11,15,6,0,0,6,0.2,0.11,0,6,0,0
11,15,7,0,24,6,0.2,0.11,23.12,6.828,17.821,13.226
11,15,8,0,31,8,0.2,0.11,29.852,9.087,24.414,19.585
11,15,9,0,72,10,0.2,0.11,69.52,12.528,57.897,51.882
11,15,10,0,154,11,0.2,0.11,154.46,16.616,129.722,121.162
11,15,11,0,124,12,0.1,0.11,121.986,16.574,101.303,93.75
11,15,12,57,215,13,0.1,0.11,276.776,23.444,231.536,219.368
11,15,13,266,186,13,0.1,0.11,407.666,28.496,342.549,326.448
11,15,14,157,141,12,0.1,0.11,250.14,21.498,213.388,201.864
11,15,15,110,76,11,0.1,0.11,130.522,15.935,108.184,100.387
11,15,16,0,7,10,0.3,0.11,6.949,10.206,3.368,0
11,15,17,0,0,10,0.5,0.11,0,10,0,0
11,15,18,0,0,9,0.6,0.11,0,9,0,0
11,15,19,0,0,8,0.7,0.11,0,8,0,0
11,15,20,0,0,8,0.7,0.11,0,8,0,0
11,15,21,0,0,8,0.6,0.11,0,8,0,0
11,15,22,0,0,8,0.6,0.11,0,8,0,0
11,15,23,0,0,8,0.5,0.11,0,8,0,0
11,16,0,0,0,7,0.5,0.11,0,7,0,0
11,16,1,0,0,7,0.6,0.11,0,7,0,0
11,16,2,0,0,7,0.6,0.11,0,7,0,0
11,16,3,0,0,7,0.6,0.11,0,7,0,0
11,16,4,0,0,7,0.4,0.11,0,7,0,0
11,16,5,0,0,7,0.2,0.11,0,7,0,0
11,16,6,0,0,7,0.2,0.11,0,7,0,0
11,16,7,0,2,7,0.2,0.11,1.919,7.069,1.314,0
11,16,8,22,99,8,0.3,0.11,116.584,12.128,99.473,91.984
11,16,9,0,93,9,0.4,0.11,91.072,12.116,76.781,70.096
11,16,10,0,122,10,0.4,0.11,120.388,14.113,101.195,93.646
11,16,11,0,67,11,0.5,0.11,64.698,13.143,53.155,47.308
11,16,12,10,178,11,0.6,0.11,187.893,17.065,158.517,148.937
11,16,13,0,71,12,0.6,0.11,68.555,14.21,56.508,50.543
11,16,14,0,43,11,0.7,0.11,41.446,12.302,33.92,28.754
11,16,15,0,39,11,0.7,0.11,37.595,12.177,30.346,25.307
11,16,16,0,4,11,0.8,0.11,3.971,11.102,1.865,0
11,16,17,0,0,11,0.8,0.11,0,11,0,0
11,16,18,0,0,11,0.8,0.11,0,11,0,0
11,16,19,0,0,11,0.9,0.11,0,11,0,0
11,16,20,0,0,12,0.9,0.11,0,12,0,0
11,16,21,0,0,13,1,0.11,0,13,0,0
11,16,22,0,0,14,0.9,0.11,0,14,0,0
11,16,23,0,0,14,0.8,0.11,0,14,0,0
11,17,0,0,0,14,0.8,0.11,0,14,0,0
11,17,1,0,0,15,0.9,0.11,0,15,0,0
11,17,2,0,0,15,1,0.11,0,15,0,0
11,17,3,0,0,14,0.9,0.11,0,14,0,0
11,17,4,0,0,14,0.8,0.11,0,14,0,0
11,17,5,0,0,13,0.9,0.11,0,13,0,0
11,17,6,0,0,13,1,0.11,0,13,0,0
11,17,7,390,31,12,1.1,0.11,151.532,16.204,109.494,101.65
11,17,8,612,66,12,1.1,0.11,384.003,23.047,329.462,313.825
11,17,9,712,90,12,1.2,0.11,575.594,28.186,493.815,472.353
11,17,10,788,96,12,1.3,0.11,713.006,31.572,603.212,577.875
11,17,11,812,100,13,1.3,0.11,775.441,34.264,648.435,621.495
11,17,12,814,97,13,1.3,0.11,761.681,33.896,638.25,611.671
11,17,13,805,83,13,1.2,0.11,676.857,32.042,572.798,548.538
11,17,14,723,73,12,1.1,0.11,513.785,26.823,443.198,423.53
11,17,15,117,73,11,0.9,0.11,129.591,14.882,107.557,99.782
11,17,16,119,13,9,0.7,0.11,34.673,9.837,14.94,10.447
11,17,17,0,0,9,0.7,0.11,0,9,0,0
11,17,18,0,0,8,0.6,0.11,0,8,0,0
11,17,19,0,0,7,0.5,0.11,0,7,0,0
11,17,20,0,0,7,0.4,0.11,0,7,0,0
11,17,21,0,0,6,0.4,0.11,0,6,0,0
11,17,22,0,0,6,0.3,0.11,0,6,0,0
11,17,23,0,0,5,0.3,0.11,0,5,0,0
11,18,0,0,0,4,0.3,0.11,0,4,0,0
11,18,1,0,0,4,0.3,0.11,0,4,0,0
11,18,2,0,0,4,0.3,0.11,0,4,0,0
11,18,3,0,0,3,0.3,0.11,0,3,0,0
11,18,4,0,0,3,0.3,0.11,0,3,0,0
11,18,5,0,0,3,0.3,0.11,0,3,0,0
11,18,6,0,0,3,0.3,0.11,0,3,0,0
11,18,7,318,36,4,0.3,0.11,134.492,8.639,99.56,92.069
11,18,8,595,70,6,0.4,0.11,378.465,19.169,328.819,313.204
11,18,9,352,142,9,0.4,0.11,391.648,22.594,338.28,322.329
11,18,10,391,177,10,0.5,0.11,509.525,27.144,433.037,413.729
11,18,11,410,192,11,0.5,0.11,561.479,29.887,472.055,451.365
11,18,12,255,214,12,0.5,0.11,450.87,27.129,380.128,362.695
11,18,13,116,190,11,0.5,0.11,296.934,20.936,253.307,240.367
11,18,14,0,39,10,0.4,0.11,37.581,11.286,30.766,25.712
11,18,15,0,13,9,0.3,0.11,12.497,9.44,9.723,5.415
11,18,16,0,1,7,0.3,0.11,0.993,7.029,0,0
11,18,17,0,0,7,0.3,0.11,0,7,0,0
11,18,18,0,0,6,0.3,0.11,0,6,0,0
11,18,19,0,0,6,0.4,0.11,0,6,0,0
11,18,20,0,0,5,0.3,0.11,0,5,0,0
11,18,21,0,0,5,0.3,0.11,0,5,0,0
11,18,22,0,0,4,0.3,0.11,0,4,0,0
11,18,23,0,0,4,0.3,0.11,0,4,0,0
11,19,0,0,0,4,0.3,0.11,0,4,0,0
11,19,1,0,0,3,0.3,0.11,0,3,0,0
11,19,2,0,0,2,0.3,0.11,0,2,0,0
11,19,3,0,0,2,0.3,0.11,0,2,0,0
11,19,4,0,0,2,0.3,0.11,0,2,0,0
11,19,5,0,0,1,0.3,0.11,0,1,0,0
11,19,6,0,0,1,0.3,0.11,0,1,0,0
11,19,7,194,33,2,0.3,0.11,97.115,5.348,72.171,65.65
11,19,8,319,88,4,0.5,0.11,264.25,12.898,231.906,219.725
11,19,9,172,160,5,0.6,0.11,290.377,14.468,255.005,242.005
11,19,10,869,77,6,0.6,0.11,746.475,30.556,635.127,608.658
11,19,11,338,208,7,0.6,0.11,511.891,23.717,438.864,419.35
11,19,12,10,176,8,0.6,0.11,186.066,14.008,158.85,149.258
11,19,13,844,73,8,0.5,0.11,689.297,31.341,585.51,560.799
11,19,14,766,63,7,0.4,0.11,522.016,25.22,453.484,433.452
11,19,15,594,46,5,0.3,0.11,296.444,15.596,248.632,235.858
11,19,16,155,11,3,0.5,0.11,39.067,3.978,16.768,12.21
11,19,17,0,0,3,0.7,0.11,0,3,0,0
11,19,18,0,0,3,0.8,0.11,0,3,0,0
11,19,19,0,0,2,0.9,0.11,0,2,0,0
11,19,20,0,0,0,0.6,0.11,0,0,0,0
11,19,21,0,0,0,0.3,0.11,0,0,0,0
11,19,22,0,0,0,0.3,0.11,0,0,0,0
11,19,23,0,0,0,0.3,0.11,0,0,0,0
11,20,0,0,0,1,0.3,0.11,0,1,0,0
11,20,1,0,0,1,0.4,0.11,0,1,0,0
11,20,2,0,0,1,0.4,0.11,0,1,0,0
11,20,3,0,0,1,0.4,0.11,0,1,0,0
11,20,4,0,0,1,0.4,0.11,0,1,0,0
11,20,5,0,0,2,0.4,0.11,0,2,0,0
11,20,6,0,0,2,0.4,0.11,0,2,0,0
11,20,7,286,35,3,0.4,0.11,120.131,6.985,87.209,80.155
11,20,8,571,70,5,0.5,0.11,363.56,17.282,317.009,301.813
11,20,9,265,150,8,0.6,0.11,345.119,19.28,300.166,285.566
11,20,10,451,161,10,0.7,0.11,533.232,26.981,454.725,434.648
11,20,11,350,201,11,0.8,0.11,512.209,26.84,434.472,415.113
11,20,12,514,159,12,0.8,0.11,595.64,30.475,502.013,480.261
11,20,13,413,153,12,0.7,0.11,479.215,27.259,408,389.579
11,20,14,285,123,11,0.6,0.11,308.296,21.093,266.295,252.895
11,20,15,100,70,10,0.4,0.11,119.376,14.112,98.889,91.421
11,20,16,0,7,8,0.3,0.11,6.949,8.206,3.401,0
11,20,17,0,0,6,0.3,0.11,0,6,0,0
11,20,18,0,0,6,0.3,0.11,0,6,0,0
11,20,19,0,0,5,0.3,0.11,0,5,0,0
11,20,20,0,0,4,0.3,0.11,0,4,0,0
11,20,21,0,0,3,0.3,0.11,0,3,0,0
11,20,22,0,0,3,0.3,0.11,0,3,0,0
11,20,23,0,0,2,0.3,0.11,0,2,0,0
11,21,0,0,0,1,0.3,0.11,0,1,0,0
11,21,1,0,0,0,0.3,0.11,0,0,0,0
11,21,2,0,0,0,0.3,0.11,0,0,0,0
11,21,3,0,0,0,0.3,0.11,0,0,0,0
11,21,4,0,0,0,0.3,0.11,0,0,0,0
11,21,5,0,0,0,0.2,0.11,0,0,0,0
11,21,6,0,0,0,0.2,0.11,0,0,0,0
11,21,7,280,33,1,0.3,0.11,114.449,4.892,82.227,75.35
11,21,8,569,68,3,0.4,0.11,358.589,15.483,314.249,299.15
11,21,9,708,86,5,0.4,0.11,560.358,24.539,487.321,466.09
11,21,10,802,88,7,0.3,0.11,705.542,32.351,595.894,570.816
11,21,11,826,92,8,0.3,0.11,768.341,35.598,640.09,613.446
11,21,12,816,92,9,0.3,0.11,750.19,35.931,624.463,598.373
11,21,13,773,87,10,0.3,0.11,653.022,33.466,549.696,526.255
11,21,14,81,132,9,0.3,0.11,188.82,15.713,162.65,152.923
11,21,15,495,54,7,0.2,0.11,265.704,16.793,221.046,209.25
11,21,16,65,9,5,0.2,0.11,20.663,5.583,9.018,4.735
11,21,17,0,0,4,0.3,0.11,0,4,0,0
11,21,18,0,0,4,0.3,0.11,0,4,0,0
11,21,19,0,0,4,0.3,0.11,0,4,0,0
11,21,20,0,0,4,0.3,0.11,0,4,0,0
11,21,21,0,0,4,0.3,0.11,0,4,0,0
11,21,22,0,0,4,0.3,0.11,0,4,0,0
11,21,23,0,0,4,0.2,0.11,0,4,0,0
11,22,0,0,0,4,0.2,0.11,0,4,0,0
11,22,1,0,0,5,0.2,0.11,0,5,0,0
11,22,2,0,0,5,0.2,0.11,0,5,0,0
11,22,3,0,0,5,0.2,0.11,0,5,0,0
11,22,4,0,0,5,0.2,0.11,0,5,0,0
11,22,5,0,0,5,0.3,0.11,0,5,0,0
11,22,6,0,0,6,0.3,0.11,0,6,0,0
11,22,7,184,35,7,0.3,0.11,93.391,10.166,65.113,58.842
11,22,8,488,77,9,0.4,0.11,328.672,20.431,281.851,267.9
11,22,9,302,150,11,0.5,0.11,367.232,23.359,315.534,300.39
11,22,10,357,176,13,0.5,0.11,469.525,28.797,396.168,378.166
11,22,11,755,106,14,0.6,0.11,731.58,38.024,603.224,577.886
11,22,12,761,101,15,0.6,0.11,720.144,38.661,592.777,567.809
11,22,13,674,108,16,0.6,0.11,611.212,36.071,508.299,486.324
11,22,14,564,82,15,0.5,0.11,429.286,29.524,364.651,347.766
11,22,15,394,54,12,0.3,0.11,226.342,20.081,185.154,174.63
11,22,16,0,0,10,0.3,0.11,0,0,0,0
11,22,17,0,0,10,0.3,0.11,0,10,0,0
11,22,18,0,0,9,0.3,0.11,0,9,0,0
11,22,19,0,0,9,0.3,0.11,0,9,0,0
11,22,20,0,0,8,0.3,0.11,0,8,0,0
11,22,21,0,0,8,0.3,0.11,0,8,0,0
11,22,22,0,0,8,0.3,0.11,0,8,0,0
11,22,23,0,0,8,0.3,0.11,0,8,0,0
11,23,0,0,0,8,0.3,0.11,0,8,0,0
11,23,1,0,0,7,0.3,0.11,0,7,0,0
11,23,2,0,0,7,0.3,0.11,0,7,0,0
11,23,3,0,0,7,0.3,0.11,0,7,0,0
11,23,4,0,0,7,0.3,0.11,0,7,0,0
11,23,5,0,0,7,0.3,0.11,0,7,0,0
11,23,6,0,0,7,0.3,0.11,0,7,0,0
11,23,7,288,29,8,0.4,0.11,107.52,11.486,71.602,65.101
11,23,8,210,91,11,0.6,0.11,207.251,17.774,176.538,166.319
11,23,9,0,94,13,0.7,0.11,92.578,15.908,77.046,70.353
11,23,10,0,145,15,0.6,0.11,145.686,19.702,120.906,112.658
11,23,11,283,208,16,0.6,0.11,466.82,31.231,388.404,370.678
11,23,12,29,189,15,0.6,0.11,225.489,22.297,188.259,177.624
11,23,13,11,152,14,0.5,0.11,161.967,19.39,135.539,126.773
11,23,14,11,116,14,0.4,0.11,124.352,18.268,103.98,96.332
11,23,15,2,63,13,0.4,0.11,65.095,15.226,52.825,46.99
11,23,16,0,0,12,0.4,0.11,0,0,0,0
11,23,17,0,0,11,0.4,0.11,0,11,0,0
11,23,18,0,0,11,0.4,0.11,0,11,0,0
11,23,19,0,0,11,0.5,0.11,0,11,0,0
11,23,20,0,0,10,0.6,0.11,0,10,0,0
11,23,21,0,0,9,0.6,0.11,0,9,0,0
11,23,22,0,0,8,0.6,0.11,0,8,0,0
11,23,23,0,0,6,0.6,0.11,0,6,0,0
11,24,0,0,0,5,0.6,0.11,0,5,0,0
11,24,1,0,0,4,0.6,0.11,0,4,0,0
11,24,2,0,0,3,0.6,0.11,0,3,0,0
11,24,3,0,0,2,0.5,0.11,0,2,0,0
11,24,4,0,0,2,0.5,0.11,0,2,0,0
11,24,5,0,0,1,0.5,0.11,0,1,0,0
11,24,6,0,0,1,0.5,0.11,0,1,0,0
11,24,7,396,27,1,0.6,0.11,125.045,4.769,82.249,75.371
11,24,8,696,54,3,0.7,0.11,393.327,15.58,344.275,328.112
11,24,9,818,67,4,0.8,0.11,597.542,22.63,524.747,502.19
11,24,10,894,68,5,0.9,0.11,737.188,27.365,635.523,609.04
11,24,11,921,69,6,0.8,0.11,802.813,30.998,681.796,653.674
11,24,12,920,67,7,0.8,0.11,788.287,31.556,668.495,640.844
11,24,13,325,164,8,0.7,0.11,419.19,21.332,363.235,346.4
11,24,14,55,126,7,0.5,0.11,167.199,12.593,144.906,135.808
11,24,15,6,63,5,0.3,0.11,66.759,7.354,55.883,49.939
11,24,16,0,0,3,0.2,0.11,0,0,0,0
11,24,17,0,0,2,0.3,0.11,0,2,0,0
11,24,18,0,0,3,0.3,0.11,0,3,0,0
11,24,19,0,0,3,0.3,0.11,0,3,0,0
11,24,20,0,0,2,0.3,0.11,0,2,0,0
11,24,21,0,0,2,0.2,0.11,0,2,0,0
11,24,22,0,0,2,0.2,0.11,0,2,0,0
11,24,23,0,0,1,0.2,0.11,0,1,0,0
11,25,0,0,0,1,0.2,0.11,0,1,0,0
11,25,1,0,0,1,0.2,0.11,0,1,0,0
11,25,2,0,0,1,0.2,0.11,0,1,0,0
11,25,3,0,0,1,0.2,0.11,0,1,0,0
11,25,4,0,0,1,0.2,0.11,0,1,0,0
11,25,5,0,0,0,0.2,0.11,0,0,0,0
11,25,6,0,0,0,0.1,0.11,0,0,0,0
11,25,7,283,27,1,0.1,0.11,98.45,4.409,62.652,56.469
11,25,8,554,63,2,0.2,0.11,339.363,14.573,296.564,282.092
11,25,9,0,27,3,0.3,0.11,26.001,3.917,21.599,16.87
11,25,10,0,93,3,0.4,0.11,90.58,6.095,77.871,71.148
11,25,11,0,123,2,0.4,0.11,121.468,6.149,105.189,97.498
11,25,12,0,68,2,0.4,0.11,65.655,4.242,56.059,50.109
11,25,13,0,45,2,0.4,0.11,43.39,3.483,36.728,31.463
11,25,14,0,50,3,0.5,0.11,48.215,4.602,40.97,35.554
11,25,15,0,3,3,0.4,0.11,2.88,3.098,2.153,0
11,25,16,0,0,2,0.3,0.11,0,0,0,0
11,25,17,0,0,2,0.3,0.11,0,2,0,0
11,25,18,0,0,2,0.4,0.11,0,2,0,0
11,25,19,0,0,3,0.4,0.11,0,3,0,0
11,25,20,0,0,3,0.3,0.11,0,3,0,0
11,25,21,0,0,4,0.3,0.11,0,4,0,0
11,25,22,0,0,5,0.4,0.11,0,5,0,0
11,25,23,0,0,5,0.4,0.11,0,5,0,0
11,26,0,0,0,6,0.5,0.11,0,6,0,0
11,26,1,0,0,8,0.6,0.11,0,8,0,0
11,26,2,0,0,9,0.7,0.11,0,9,0,0
11,26,3,0,0,9,0.8,0.11,0,9,0,0
11,26,4,0,0,10,0.7,0.11,0,10,0,0
11,26,5,0,0,10,0.5,0.11,0,10,0,0
11,26,6,0,0,10,0.5,0.11,0,10,0,0
11,26,7,0,3,10,0.6,0.11,2.879,10.085,1.598,0
11,26,8,0,22,9,0.9,0.11,21.169,9.63,16.964,12.4
11,26,9,0,25,9,1,0.11,24.071,9.698,19.457,14.804
11,26,10,0,102,9,1,0.11,99.958,11.896,84.372,77.419
11,26,11,0,116,8,1,0.11,114.153,11.306,96.77,89.377
11,26,12,0,119,8,1,0.11,117.43,11.401,99.68,92.184
11,26,13,0,81,7,0.9,0.11,78.466,9.333,66.406,60.089
11,26,14,37,122,6,0.8,0.11,152.501,10.687,132.525,123.866
11,26,15,0,48,5,0.7,0.11,47.339,6.482,39.241,33.887
11,26,16,0,0,4,0.5,0.11,0,0,0,0
11,26,17,0,0,3,0.5,0.11,0,3,0,0
11,26,18,0,0,2,0.4,0.11,0,2,0,0
11,26,19,0,0,1,0.4,0.11,0,1,0,0
11,26,20,0,0,0,0.3,0.11,0,0,0,0
11,26,21,0,0,0,0.3,0.11,0,0,0,0
11,26,22,0,0,0,0.3,0.11,0,0,0,0
11,26,23,0,0,-1,0.3,0.11,0,-1,0,0
11,27,0,0,0,-1,0.3,0.11,0,-1,0,0
11,27,1,0,0,-1,0.4,0.11,0,-1,0,0
11,27,2,0,0,-1,0.4,0.11,0,-1,0,0
11,27,3,0,0,-1,0.4,0.11,0,-1,0,0
11,27,4,0,0,-2,0.4,0.11,0,-2,0,0
11,27,5,0,0,-2,0.4,0.11,0,-2,0,0
11,27,6,0,0,-2,0.4,0.11,0,-2,0,0
11,27,7,349,25,-1,0.6,0.11,102.904,1.9,58.713,52.669
11,27,8,642,57,0,0.8,0.11,368.605,11.487,325.511,310.014
11,27,9,760,75,2,1,0.11,564.944,18.708,502.488,480.72
11,27,10,830,83,3,1.1,0.11,707.931,23.401,618.556,592.675
11,27,11,45,200,3,1.2,0.11,251.602,9.969,220.825,209.037
11,27,12,43,195,4,1.1,0.11,244.002,10.927,213.348,201.824
11,27,13,30,163,4,1.1,0.11,196.459,9.578,172.02,161.961
11,27,14,21,119,4,1,0.11,133.879,7.9,116.879,108.774
11,27,15,532,50,3,0.7,0.11,272.719,11.688,229.846,217.738
11,27,16,0,0,1,0.5,0.11,0,0,0,0
11,27,17,0,0,1,0.5,0.11,0,1,0,0
11,27,18,0,0,0,0.5,0.11,0,0,0,0
11,27,19,0,0,0,0.5,0.11,0,0,0,0
11,27,20,0,0,0,0.4,0.11,0,0,0,0
11,27,21,0,0,0,0.4,0.11,0,0,0,0
11,27,22,0,0,-1,0.4,0.11,0,-1,0,0
11,27,23,0,0,-1,0.4,0.11,0,-1,0,0
11,28,0,0,0,-2,0.3,0.11,0,-2,0,0
11,28,1,0,0,-2,0.3,0.11,0,-2,0,0
11,28,2,0,0,-3,0.3,0.11,0,-3,0,0
11,28,3,0,0,-3,0.3,0.11,0,-3,0,0
11,28,4,0,0,-3,0.3,0.11,0,-3,0,0
11,28,5,0,0,-4,0.3,0.11,0,-4,0,0
11,28,6,0,0,-3,0.3,0.11,0,-3,0,0
11,28,7,361,23,-1,0.3,0.11,99.743,1.937,52.239,46.424
11,28,8,685,50,1,0.3,0.11,375.52,14.509,327.828,312.249
11,28,9,815,62,3,0.3,0.11,581.086,23.923,508.053,486.087
11,28,10,871,70,5,0.3,0.11,719.612,30.875,612.674,587.001
11,28,11,885,75,6,0.3,0.11,780.443,34.044,655.498,628.308
11,28,12,870,77,7,0.3,0.11,761.938,34.382,639.308,612.691
11,28,13,828,73,7,0.3,0.11,666.249,30.955,567.233,543.17
11,28,14,740,64,6,0.2,0.11,499.941,24.576,434.943,415.567
11,28,15,555,46,4,0.4,0.11,276.723,13.613,231.387,219.225
11,28,16,0,0,2,0.8,0.11,0,0,0,0
11,28,17,0,0,2,0.9,0.11,0,2,0,0
11,28,18,0,0,1,0.9,0.11,0,1,0,0
11,28,19,0,0,1,0.9,0.11,0,1,0,0
11,28,20,0,0,1,0.9,0.11,0,1,0,0
11,28,21,0,0,0,0.9,0.11,0,0,0,0
11,28,22,0,0,0,1,0.11,0,0,0,0
11,28,23,0,0,0,1,0.11,0,0,0,0
11,29,0,0,0,0,1,0.11,0,0,0,0
11,29,1,0,0,-1,0.9,0.11,0,-1,0,0
11,29,2,0,0,-1,0.9,0.11,0,-1,0,0
11,29,3,0,0,-1,0.8,0.11,0,-1,0,0
11,29,4,0,0,0,0.6,0.11,0,0,0,0
11,29,5,0,0,0,0.3,0.11,0,0,0,0
11,29,6,0,0,0,0.3,0.11,0,0,0,0
11,29,7,312,23,0,0.4,0.11,88.093,2.464,44.31,38.776
11,29,8,643,53,1,0.2,0.11,360.875,14.395,314.429,299.324
11,29,9,786,67,4,0.3,0.11,567.554,24.423,495.013,473.509
11,29,10,838,78,6,0.4,0.11,703.721,30.539,599.59,574.381
11,29,11,864,81,7,0.5,0.11,769.919,33.054,648.887,621.931
11,29,12,860,80,7,0.5,0.11,756.583,32.608,638.956,612.352
11,29,13,774,86,8,0.5,0.11,646.63,29.89,552.059,528.533
11,29,14,148,125,7,0.4,0.11,225.573,14.805,196.751,185.816
11,29,15,507,49,4,0.4,0.11,261.69,13.086,218.939,207.218
11,29,16,0,0,2,0.5,0.11,0,0,0,0
11,29,17,0,0,1,0.4,0.11,0,1,0,0
11,29,18,0,0,1,0.3,0.11,0,1,0,0
11,29,19,0,0,1,0.3,0.11,0,1,0,0
11,29,20,0,0,1,0.4,0.11,0,1,0,0
11,29,21,0,0,1,0.4,0.11,0,1,0,0
11,29,22,0,0,1,0.3,0.11,0,1,0,0
11,29,23,0,0,1,0.3,0.11,0,1,0,0
11,30,0,0,0,2,0.3,0.11,0,2,0,0
11,30,1,0,0,3,0.3,0.11,0,3,0,0
11,30,2,0,0,4,0.3,0.11,0,4,0,0
11,30,3,0,0,5,0.3,0.11,0,5,0,0
11,30,4,0,0,5,0.4,0.11,0,5,0,0
11,30,5,0,0,6,0.4,0.11,0,6,0,0
11,30,6,0,0,6,0.4,0.11,0,6,0,0
11,30,7,0,7,7,0.4,0.11,6.725,7.194,3.299,0
11,30,8,0,48,9,0.6,0.11,46.314,10.493,38.135,32.82
11,30,9,0,80,10,0.7,0.11,78.164,12.455,65.568,59.281
11,30,10,0,90,12,0.7,0.11,87.622,14.748,72.834,66.289
11,30,11,0,111,13,0.7,0.11,109.074,16.419,90.575,83.402
11,30,12,0,133,13,0.8,0.11,132.56,17.047,110.678,102.793
11,30,13,0,99,13,0.8,0.11,97.289,15.972,80.928,74.097
11,30,14,0,95,12,0.8,0.11,95.242,14.915,79.775,72.985
11,30,15,0,34,12,0.8,0.11,32.767,12.996,26.002,21.117
11,30,16,0,0,11,0.8,0.11,0,0,0,0
11,30,17,0,0,11,0.8,0.11,0,11,0,0
11,30,18,0,0,11,0.9,0.11,0,11,0,0
11,30,19,0,0,0,0.2,0.12,0,0,0,0
11,30,20,0,0,0,0.2,0.12,0,0,0,0
11,30,21,0,0,-1,0.2,0.12,0,-1,0,0
11,30,22,0,0,-1,0.2,0.12,0,-1,0,0
11,30,23,0,0,-1,0.3,0.12,0,-1,0,0
12,1,0,0,0,0,0.5,0.12,0,0,0,0
12,1,1,0,0,0,0.5,0.12,0,0,0,0
12,1,2,0,0,0,0.3,0.12,0,0,0,0
12,1,3,0,0,0,0.4,0.12,0,0,0,0
12,1,4,0,0,-1,0.5,0.12,0,-1,0,0
12,1,5,0,0,-1,0.6,0.12,0,-1,0,0
12,1,6,0,0,-1,0.5,0.12,0,-1,0,0
12,1,7,244,22,0,0.3,0.12,70.894,2.047,35.699,30.47
12,1,8,590,55,1,0.2,0.12,336.677,13.484,292.976,278.631
12,1,9,736,72,3,0.2,0.12,540.3,23.022,473.058,452.332
12,1,10,807,79,4,0.2,0.12,680.501,29.193,582.505,557.901
12,1,11,830,84,6,0.2,0.12,745.847,33.596,627.193,601.005
12,1,12,821,84,7,0.3,0.12,730.944,33.214,615.686,589.907
12,1,13,289,166,7,0.2,0.12,396.197,21.569,342.524,326.423
12,1,14,34,119,6,0.3,0.12,148.245,11.246,128.408,119.894
12,1,15,9,59,4,0.7,0.12,64.052,6.005,53.6,47.737
12,1,16,0,0,2,1,0.12,0,0,0,0
12,1,17,0,0,1,1.1,0.12,0,1,0,0
12,1,18,0,0,0,1.1,0.12,0,0,0,0
12,1,19,0,0,0,1,0.12,0,0,0,0
12,1,20,0,0,0,0.9,0.12,0,0,0,0
12,1,21,0,0,0,0.7,0.12,0,0,0,0
12,1,22,0,0,0,0.7,0.12,0,0,0,0
12,1,23,0,0,0,0.7,0.12,0,0,0,0
12,2,0,0,0,0,0.7,0.12,0,0,0,0
12,2,1,0,0,0,0.6,0.12,0,0,0,0
12,2,2,0,0,1,0.3,0.12,0,1,0,0
12,2,3,0,0,1,0.4,0.12,0,1,0,0
12,2,4,0,0,1,0.7,0.12,0,1,0,0
12,2,5,0,0,0,0.8,0.12,0,0,0,0
12,2,6,0,0,0,0.8,0.12,0,0,0,0
12,2,7,0,4,1,0.5,0.12,3.852,1.108,1.898,0
12,2,8,0,25,3,0.3,0.12,24.142,3.848,19.878,15.21
12,2,9,0,54,5,0.2,0.12,52.258,6.896,44.123,38.596
12,2,10,0,133,7,0.2,0.12,133.938,11.861,114.404,106.387
12,2,11,718,114,8,0.2,0.12,698.513,33.815,585.579,560.866
12,2,12,724,109,9,0.2,0.12,690.79,34.519,577.9,553.46
12,2,13,671,104,9,0.2,0.12,596.715,31.066,506.084,484.188
12,2,14,54,120,8,0.3,0.12,160.666,13.695,138.495,129.624
12,2,15,0,41,6,0.5,0.12,39.956,7.317,32.706,27.584
12,2,16,0,0,5,0.8,0.12,0,0,0,0
12,2,17,0,0,3,0.9,0.12,0,3,0,0
12,2,18,0,0,2,0.8,0.12,0,2,0,0
12,2,19,0,0,1,0.6,0.12,0,1,0,0
12,2,20,0,0,0,0.3,0.12,0,0,0,0
12,2,21,0,0,0,0.3,0.12,0,0,0,0
12,2,22,0,0,0,0.3,0.12,0,0,0,0
12,2,23,0,0,0,0.3,0.12,0,0,0,0
12,3,0,0,0,0,0.3,0.12,0,0,0,0
12,3,1,0,0,0,0.3,0.12,0,0,0,0
12,3,2,0,0,0,0.3,0.12,0,0,0,0
12,3,3,0,0,0,0.3,0.12,0,0,0,0
12,3,4,0,0,0,0.3,0.12,0,0,0,0
12,3,5,0,0,0,0.3,0.12,0,0,0,0
12,3,6,0,0,0,0.2,0.12,0,0,0,0
12,3,7,0,3,1,0.2,0.12,2.888,1.088,1.405,0
12,3,8,0,32,3,0.2,0.12,30.924,4.12,25.673,20.799
12,3,9,0,90,6,0.2,0.12,89.285,9.243,76.238,69.573
12,3,10,0,138,9,0.2,0.12,139.548,14.065,118.398,110.239
12,3,11,704,116,10,0.3,0.12,688.962,34.675,575.621,551.261
12,3,12,710,112,11,0.3,0.12,682.747,35.445,569.073,544.945
12,3,13,719,91,11,0.3,0.12,613.921,33.005,517.649,495.343
12,3,14,629,77,10,0.2,0.12,454.902,26.863,391.068,373.247
12,3,15,439,51,7,0.4,0.12,237.927,15.256,196.819,185.881
12,3,16,0,0,4,0.8,0.12,0,0,0,0
12,3,17,0,0,4,0.9,0.12,0,4,0,0
12,3,18,0,0,5,0.7,0.12,0,5,0,0
12,3,19,0,0,5,0.4,0.12,0,5,0,0
12,3,20,0,0,4,0.2,0.12,0,4,0,0
12,3,21,0,0,3,0.4,0.12,0,3,0,0
12,3,22,0,0,3,0.7,0.12,0,3,0,0
12,3,23,0,0,2,0.7,0.12,0,2,0,0
12,4,0,0,0,2,0.5,0.12,0,2,0,0
12,4,1,0,0,2,0.5,0.12,0,2,0,0
12,4,2,0,0,2,0.5,0.12,0,2,0,0
12,4,3,0,0,1,0.6,0.12,0,1,0,0
12,4,4,0,0,1,0.5,0.12,0,1,0,0
12,4,5,0,0,1,0.3,0.12,0,1,0,0
12,4,6,0,0,1,0.3,0.12,0,1,0,0
12,4,7,0,25,2,0.3,0.12,26.619,2.793,14.139,9.674
12,4,8,436,67,4,0.4,0.12,277.229,13.652,238.945,226.515
12,4,9,4,118,6,0.4,0.12,122.895,10.202,105.832,98.119
12,4,10,0,118,9,0.4,0.12,117.736,13.016,99.696,92.199
12,4,11,0,111,10,0.3,0.12,109.569,13.848,91.977,84.755
12,4,12,0,141,11,0.3,0.12,141.937,15.989,119.354,111.161
12,4,13,82,169,11,0.4,0.12,240.68,19.271,205.508,194.263
12,4,14,326,107,10,0.3,0.12,318.744,21.401,275.617,261.888
12,4,15,0,53,9,0.3,0.12,53.695,10.884,43.811,38.295
12,4,16,0,0,7,0.4,0.12,0,0,0,0
12,4,17,0,0,7,0.3,0.12,0,7,0,0
12,4,18,0,0,7,0.3,0.12,0,7,0,0
12,4,19,0,0,7,0.3,0.12,0,7,0,0
12,4,20,0,0,7,0.3,0.12,0,7,0,0
12,4,21,0,0,7,0.3,0.12,0,7,0,0
12,4,22,0,0,7,0.3,0.12,0,7,0,0
12,4,23,0,0,7,0.3,0.12,0,7,0,0
12,5,0,0,0,7,0.3,0.12,0,7,0,0
12,5,1,0,0,7,0.3,0.12,0,7,0,0
12,5,2,0,0,7,0.2,0.12,0,7,0,0
12,5,3,0,0,6,0.2,0.12,0,6,0,0
12,5,4,0,0,6,0.2,0.12,0,6,0,0
12,5,5,0,0,6,0.3,0.12,0,6,0,0
12,5,6,0,0,6,0.3,0.12,0,6,0,0
12,5,7,0,11,7,0.3,0.12,10.62,7.315,5.315,1.163
12,5,8,0,36,8,0.3,0.12,34.805,9.221,28.399,23.429
12,5,9,0,109,9,0.5,0.12,110.441,12.664,93.816,86.528
12,5,10,0,123,11,0.6,0.12,123.227,14.967,103.755,96.115
12,5,11,0,139,12,0.7,0.12,139.65,16.369,117.152,109.037
12,5,12,0,70,13,0.7,0.12,67.811,15.119,55.627,49.692
12,5,13,344,151,14,0.6,0.12,414.707,27.544,351.846,335.415
12,5,14,0,93,14,0.5,0.12,93.585,17.105,77.656,70.941
12,5,15,330,58,13,0.3,0.12,203.959,20.289,165.157,155.341
12,5,16,0,0,12,0.3,0.12,0,0,0,0
12,5,17,0,0,12,0.4,0.12,0,12,0,0
12,5,18,0,0,11,0.4,0.12,0,11,0,0
12,5,19,0,0,11,0.4,0.12,0,11,0,0
12,5,20,0,0,11,0.4,0.12,0,11,0,0
12,5,21,0,0,11,0.4,0.12,0,11,0,0
12,5,22,0,0,11,0.5,0.12,0,11,0,0
12,5,23,0,0,12,0.5,0.12,0,12,0,0
12,6,0,0,0,12,0.5,0.12,0,12,0,0
12,6,1,0,0,12,0.4,0.12,0,12,0,0
12,6,2,0,0,12,0.4,0.12,0,12,0,0
12,6,3,0,0,11,0.4,0.12,0,11,0,0
12,6,4,0,0,10,0.5,0.12,0,10,0,0
12,6,5,0,0,9,0.5,0.12,0,9,0,0
12,6,6,0,0,8,0.4,0.12,0,8,0,0
12,6,7,0,3,8,0.5,0.12,2.889,8.081,1.356,0
12,6,8,0,3,8,0.6,0.12,2.89,8.093,2.122,0
12,6,9,0,21,8,0.7,0.12,20.279,8.635,16.361,11.817
12,6,10,0,55,8,0.7,0.12,53.234,9.665,44.322,38.788
12,6,11,0,76,7,0.7,0.12,73.645,9.301,62.006,55.845
12,6,12,0,116,7,0.6,0.12,115.023,10.699,97.97,90.535
12,6,13,0,78,6,0.6,0.12,75.768,8.437,64.328,58.085
12,6,14,0,32,6,0.6,0.12,30.921,6.996,25.568,20.699
12,6,15,45,63,5,0.5,0.12,86.575,7.884,72.291,65.765
12,6,16,0,0,4,0.5,0.12,0,0,0,0
12,6,17,0,0,3,0.6,0.12,0,3,0,0
12,6,18,0,0,3,0.6,0.12,0,3,0,0
12,6,19,0,0,3,0.6,0.12,0,3,0,0
12,6,20,0,0,2,0.6,0.12,0,2,0,0
12,6,21,0,0,2,0.7,0.12,0,2,0,0
12,6,22,0,0,1,0.7,0.12,0,1,0,0
12,6,23,0,0,1,0.7,0.12,0,1,0,0
12,7,0,0,0,1,0.7,0.12,0,1,0,0
12,7,1,0,0,0,0.6,0.12,0,0,0,0
12,7,2,0,0,0,0.6,0.12,0,0,0,0
12,7,3,0,0,0,0.6,0.12,0,0,0,0
12,7,4,0,0,0,0.5,0.12,0,0,0,0
12,7,5,0,0,0,0.5,0.12,0,0,0,0
12,7,6,0,0,0,0.5,0.12,0,0,0,0
12,7,7,0,19,0,0.5,0.12,19.345,0.541,10.24,5.914
12,7,8,129,75,0,0.6,0.12,141.933,4.629,123.644,115.299
12,7,9,271,124,1,0.7,0.12,309.188,10.827,277.093,263.311
12,7,10,379,152,2,0.8,0.12,457.146,16.137,404.924,386.613
12,7,11,219,196,2,0.8,0.12,389.475,13.995,343.997,327.844
12,7,12,43,183,3,0.8,0.12,231.265,10.077,202.818,191.668
12,7,13,93,168,3,0.8,0.12,247.094,10.589,218.138,206.445
12,7,14,728,65,2,0.7,0.12,492.059,17.762,438.415,418.917
12,7,15,534,47,1,0.6,0.12,270.074,9.854,228.186,216.137
12,7,16,0,0,0,0.4,0.12,0,0,0,0
12,7,17,0,0,-1,0.4,0.12,0,-1,0,0
12,7,18,0,0,-1,0.4,0.12,0,-1,0,0
12,7,19,0,0,-2,0.4,0.87,0,-2,0,0
12,7,20,0,0,-2,0.5,0.87,0,-2,0,0
12,7,21,0,0,-2,0.5,0.87,0,-2,0,0
12,7,22,0,0,-3,0.5,0.87,0,-3,0,0
12,7,23,0,0,-3,0.5,0.87,0,-3,0,0
12,8,0,0,0,-4,0.5,0.87,0,-4,0,0
12,8,1,0,0,-5,0.6,0.87,0,-5,0,0
12,8,2,0,0,-5,0.6,0.87,0,-5,0,0
12,8,3,0,0,-4,0.5,0.87,0,-4,0,0
12,8,4,0,0,-4,0.5,0.87,0,-4,0,0
12,8,5,0,0,-4,0.5,0.87,0,-4,0,0
12,8,6,0,0,-3,0.5,0.87,0,-3,0,0
12,8,7,0,12,-3,0.5,0.87,14.463,-2.671,7.669,3.434
12,8,8,0,67,-2,0.5,0.87,84.203,0.312,73.413,66.848
12,8,9,0,65,-1,0.5,0.87,78.511,1.125,68.805,62.403
12,8,10,35,163,-1,0.4,0.87,245.3,6.015,218.937,207.216
12,8,11,23,174,-1,0.4,0.87,240.88,5.82,214.232,202.677
12,8,12,5,156,-1,0.4,0.87,200.68,4.646,178.074,167.801
12,8,13,24,151,-1,0.5,0.87,210.649,4.8,188.031,177.405
12,8,14,0,43,-1,0.5,0.87,51.868,0.404,44.905,39.351
12,8,15,0,10,-2,0.4,0.87,12.033,-1.667,9.728,5.42
12,8,16,0,0,-2,0.4,0.87,0,0,0,0
12,8,17,0,0,-3,0.4,0.87,0,-3,0,0
12,8,18,0,0,-3,0.5,0.87,0,-3,0,0
12,8,19,0,0,-3,0.6,0.87,0,-3,0,0
12,8,20,0,0,-2,0.6,0.87,0,-2,0,0
12,8,21,0,0,-2,0.5,0.87,0,-2,0,0
12,8,22,0,0,-1,0.5,0.87,0,-1,0,0
12,8,23,0,0,-1,0.4,0.87,0,-1,0,0
12,9,0,0,0,-1,0.4,0.87,0,-1,0,0
12,9,1,0,0,0,0.4,0.87,0,0,0,0
12,9,2,0,0,0,0.3,0.87,0,0,0,0
12,9,3,0,0,0,0.3,0.87,0,0,0,0
12,9,4,0,0,0,0.3,0.87,0,0,0,0
12,9,5,0,0,0,0.2,0.87,0,0,0,0
12,9,6,0,0,0,0.2,0.87,0,0,0,0
12,9,7,0,12,0,0.1,0.87,14.584,0.376,7.682,3.446
12,9,8,0,58,0,0.1,0.87,71.843,2.219,61.81,55.656
12,9,9,88,131,0,0.2,0.87,234.104,7.238,209.238,197.861
12,9,10,0,66,0,0.3,0.87,79.704,2.288,69.332,62.912
12,9,11,47,186,0,0.4,0.87,288.912,8.287,256.408,243.359
12,9,12,44,183,0,0.4,0.87,281.861,8.081,250.21,237.381
12,9,13,0,110,0,0.4,0.87,136.118,3.811,120.028,111.811
12,9,14,522,113,0,0.4,0.87,502.024,15.251,448.773,428.908
12,9,15,334,70,0,0.4,0.87,237.196,7.7,202.482,191.343
12,9,16,0,0,0,0.3,0.87,0,0,0,0
12,9,17,0,0,0,0.3,0.87,0,0,0,0
12,9,18,0,0,0,0.4,0.87,0,0,0,0
12,9,19,0,0,0,0.3,0.87,0,0,0,0
12,9,20,0,0,0,0.3,0.87,0,0,0,0
12,9,21,0,0,-1,0.4,0.87,0,-1,0,0
12,9,22,0,0,-1,0.4,0.87,0,-1,0,0
12,9,23,0,0,-1,0.4,0.87,0,-1,0,0
12,10,0,0,0,-1,0.3,0.87,0,-1,0,0
12,10,1,0,0,-2,0.4,0.87,0,-2,0,0
12,10,2,0,0,-2,0.4,0.87,0,-2,0,0
12,10,3,0,0,-2,0.3,0.87,0,-2,0,0
12,10,4,0,0,-2,0.3,0.87,0,-2,0,0
12,10,5,0,0,-2,0.3,0.87,0,-2,0,0
12,10,6,0,0,-3,0.3,0.87,0,-3,0,0
12,10,7,0,9,-2,0.4,0.87,10.938,-1.743,5.747,1.58
12,10,8,16,69,-1,0.4,0.87,94.244,1.709,81.892,75.027
12,10,9,0,31,0,0.4,0.87,37.369,1.042,31.878,26.785
12,10,10,0,97,0,0.5,0.87,118.807,3.222,104.437,96.773
12,10,11,0,81,0,0.6,0.87,97.893,2.57,85.445,78.454
12,10,12,0,124,0,0.7,0.87,153.51,3.942,135.383,126.623
12,10,13,0,87,0,0.8,0.87,106.015,2.642,93.103,85.84
12,10,14,522,118,0,0.7,0.87,509.073,14.183,456.781,436.632
12,10,15,384,67,-1,0.6,0.87,252.779,6.789,216.616,204.976
12,10,16,0,0,-2,0.5,0.87,0,0,0,0
12,10,17,0,0,-3,0.6,0.87,0,-3,0,0
12,10,18,0,0,-4,0.6,0.87,0,-4,0,0
12,10,19,0,0,-5,0.6,0.87,0,-5,0,0
12,10,20,0,0,-5,0.6,0.87,0,-5,0,0
12,10,21,0,0,-6,0.6,0.87,0,-6,0,0
12,10,22,0,0,-6,0.6,0.87,0,-6,0,0
12,10,23,0,0,-6,0.7,0.87,0,-6,0,0
12,11,0,0,0,-6,0.6,0.87,0,-6,0,0
12,11,1,0,0,-6,0.6,0.87,0,-6,0,0
12,11,2,0,0,-6,0.5,0.87,0,-6,0,0
12,11,3,0,0,-7,0.5,0.87,0,-7,0,0
12,11,4,0,0,-8,0.5,0.87,0,-8,0,0
12,11,5,0,0,-9,0.5,0.87,0,-9,0,0
12,11,6,0,0,-10,0.5,0.87,0,-10,0,0
12,11,7,234,15,-10,0.5,0.87,40.326,-9.02,20.341,15.656
12,11,8,652,50,-7,0.5,0.87,363.614,4.64,322.173,306.794
12,11,9,805,69,-3,0.6,0.87,642.484,15.596,578.052,553.606
12,11,10,195,172,-1,0.7,0.87,396.597,9.667,356.236,339.649
12,11,11,613,117,-1,0.8,0.87,715.815,18.254,633.386,606.979
12,11,12,881,88,-1,0.8,0.87,900.207,23.214,785.938,754.125
12,11,13,827,86,-1,0.7,0.87,783.249,20.745,691.403,662.941
12,11,14,727,74,-1,0.6,0.87,579.705,15.79,520.124,497.731
12,11,15,526,51,-2,0.4,0.87,287.206,7.536,245.455,232.794
12,11,16,0,0,-5,0.4,0.87,0,0,0,0
12,11,17,0,0,-6,0.7,0.87,0,-6,0,0
12,11,18,0,0,-7,0.9,0.87,0,-7,0,0
12,11,19,0,0,-8,1,0.87,0,-8,0,0
12,11,20,0,0,-8,1.1,0.87,0,-8,0,0
12,11,21,0,0,-8,1.1,0.87,0,-8,0,0
12,11,22,0,0,-8,0.9,0.87,0,-8,0,0
12,11,23,0,0,-7,0.6,0.87,0,-7,0,0
12,12,0,0,0,-6,0.4,0.87,0,-6,0,0
12,12,1,0,0,-5,0.5,0.87,0,-5,0,0
12,12,2,0,0,-5,0.6,0.87,0,-5,0,0
12,12,3,0,0,-6,0.5,0.87,0,-6,0,0
12,12,4,0,0,-8,0.5,0.87,0,-8,0,0
12,12,5,0,0,-9,0.5,0.87,0,-9,0,0
12,12,6,0,0,-9,0.5,0.87,0,-9,0,0
12,12,7,0,13,-8,0.5,0.87,15.8,-7.64,8.641,4.371
12,12,8,398,55,-7,0.5,0.87,259.548,1.214,230.811,218.669
12,12,9,493,91,-5,0.7,0.87,467.569,8.017,428.354,409.212
12,12,10,345,153,-4,0.8,0.87,497.384,9.198,451.197,431.246
12,12,11,888,96,-4,0.8,0.87,917.526,20.776,807.551,774.973
12,12,12,895,92,-4,0.8,0.87,916.062,20.666,806.898,774.343
12,12,13,864,84,-4,0.8,0.87,811.387,17.879,723.695,694.088
12,12,14,778,71,-4,0.7,0.87,602.102,13.027,545.917,522.61
12,12,15,583,49,-6,0.5,0.87,306.681,3.946,265.7,252.321
12,12,16,0,0,-8,0.5,0.87,0,0,0,0
12,12,17,0,0,-9,0.5,0.87,0,-9,0,0
12,12,18,0,0,-10,0.5,0.87,0,-10,0,0
12,12,19,0,0,-11,0.6,0.87,0,-11,0,0
12,12,20,0,0,-11,0.6,0.87,0,-11,0,0
12,12,21,0,0,-11,0.6,0.87,0,-11,0,0
12,12,22,0,0,-11,0.6,0.87,0,-11,0,0
12,12,23,0,0,-11,0.6,0.87,0,-11,0,0
12,13,0,0,0,-12,0.6,0.87,0,-12,0,0
12,13,1,0,0,-11,0.6,0.87,0,-11,0,0
12,13,2,0,0,-9,0.6,0.87,0,-9,0,0
12,13,3,0,0,-9,0.6,0.87,0,-9,0,0
12,13,4,0,0,-9,0.6,0.87,0,-9,0,0
12,13,5,0,0,-9,0.5,0.87,0,-9,0,0
12,13,6,0,0,-9,0.5,0.87,0,-9,0,0
12,13,7,0,11,-8,0.5,0.87,13.369,-7.695,7.266,3.045
12,13,8,229,66,-5,0.5,0.87,193.916,0.99,171.368,161.332
12,13,9,336,112,-3,0.7,0.87,393.573,7.869,358.388,341.726
12,13,10,810,90,-1,0.8,0.87,791.724,20.385,699.271,670.529
12,13,11,838,96,0,0.9,0.87,877.45,22.967,766.319,735.202
12,13,12,840,94,0,0.8,0.87,871.037,23.444,759.642,728.761
12,13,13,819,82,0,0.7,0.87,773.369,21.426,681.123,653.025
12,13,14,733,70,0,0.6,0.87,576.319,16.77,515.385,493.159
12,13,15,544,47,-1,0.4,0.87,289.413,8.668,246.455,233.758
12,13,16,0,0,-4,0.4,0.87,0,0,0,0
12,13,17,0,0,-5,0.6,0.87,0,-5,0,0
12,13,18,0,0,-4,0.8,0.87,0,-4,0,0
12,13,19,0,0,-4,0.9,0.87,0,-4,0,0
12,13,20,0,0,-3,0.9,0.87,0,-3,0,0
12,13,21,0,0,-3,0.9,0.87,0,-3,0,0
12,13,22,0,0,-3,0.8,0.87,0,-3,0,0
12,13,23,0,0,-2,0.7,0.87,0,-2,0,0
12,14,0,0,0,-2,0.6,0.87,0,-2,0,0
12,14,1,0,0,-3,0.7,0.87,0,-3,0,0
12,14,2,0,0,-4,0.6,0.87,0,-4,0,0
12,14,3,0,0,-4,0.4,0.87,0,-4,0,0
12,14,4,0,0,-4,0.4,0.87,0,-4,0,0
12,14,5,0,0,-4,0.5,0.87,0,-4,0,0
12,14,6,0,0,-3,0.5,0.87,0,-3,0,0
12,14,7,0,8,-3,0.5,0.87,9.723,-2.779,5.107,0.962
12,14,8,0,35,-2,0.7,0.87,42.213,-0.925,35.95,30.713
12,14,9,0,73,-1,0.8,0.87,89.018,1.222,78.336,71.597
12,14,10,0,92,-1,0.9,0.87,112.402,1.73,99.199,91.72
12,14,11,9,159,-1,0.9,0.87,208.513,4.11,185.694,175.15
12,14,12,5,154,0,0.9,0.87,198.314,4.852,175.857,165.662
12,14,13,0,113,0,0.9,0.87,140.232,3.417,123.971,115.615
12,14,14,150,120,0,0.9,0.87,262.274,6.761,236.198,223.865
12,14,15,0,49,0,0.9,0.87,60.591,1.479,51.501,45.712
12,14,16,0,0,0,0.8,0.87,0,0,0,0
12,14,17,0,0,-1,0.8,0.87,0,-1,0,0
12,14,18,0,0,-1,0.8,0.87,0,-1,0,0
12,14,19,0,0,0,0.8,0.87,0,0,0,0
12,14,20,0,0,0,0.9,0.87,0,0,0,0
12,14,21,0,0,0,0.8,0.87,0,0,0,0
12,14,22,0,0,0,0.5,0.87,0,0,0,0
12,14,23,0,0,0,0.3,0.87,0,0,0,0
12,15,0,0,0,1,0.5,0.87,0,1,0,0
12,15,1,0,0,0,0.7,0.87,0,0,0,0
12,15,2,0,0,0,0.8,0.87,0,0,0,0
12,15,3,0,0,0,0.8,0.87,0,0,0,0
12,15,4,0,0,0,0.7,0.87,0,0,0,0
12,15,5,0,0,-1,0.6,0.87,0,-1,0,0
12,15,6,0,0,-1,0.6,0.87,0,-1,0,0
12,15,7,0,14,-2,0.6,0.87,17.015,-1.623,9.098,4.812
12,15,8,469,63,-1,0.7,0.87,294.614,7.848,255.861,242.831
12,15,9,657,91,0,0.8,0.87,572.721,15.633,513.519,491.359
12,15,10,758,104,0,0.9,0.87,767.696,20.168,678.051,650.062
12,15,11,803,110,0,0.9,0.87,868.717,22.754,758.836,727.984
12,15,12,287,182,0,0.9,0.87,510.585,13.117,455.313,435.216
12,15,13,243,171,0,0.9,0.87,439.936,11.285,394.509,376.567
12,15,14,653,90,0,1,0.87,554.266,14.427,498.737,477.101
12,15,15,437,61,0,1,0.87,265.802,7.415,227.715,215.683
12,15,16,0,0,0,1,0.87,0,0,0,0
12,15,17,0,0,0,0.9,0.87,0,0,0,0
12,15,18,0,0,-1,0.8,0.87,0,-1,0,0
12,15,19,0,0,-1,0.7,0.87,0,-1,0,0
12,15,20,0,0,-2,0.7,0.87,0,-2,0,0
12,15,21,0,0,-2,0.7,0.87,0,-2,0,0
12,15,22,0,0,-3,0.8,0.87,0,-3,0,0
12,15,23,0,0,-3,0.8,0.87,0,-3,0,0
12,16,0,0,0,-3,0.9,0.87,0,-3,0,0
12,16,1,0,0,-4,0.9,0.87,0,-4,0,0
12,16,2,0,0,-4,0.9,0.87,0,-4,0,0
12,16,3,0,0,-5,0.8,0.87,0,-5,0,0
12,16,4,0,0,-5,0.7,0.87,0,-5,0,0
12,16,5,0,0,-6,0.6,0.87,0,-6,0,0
12,16,6,0,0,-7,0.5,0.87,0,-7,0,0
12,16,7,0,11,-6,0.5,0.87,13.369,-5.695,7.204,2.985
12,16,8,27,65,-5,0.6,0.87,96.864,-2.313,85.095,78.117
12,16,9,158,128,-4,0.8,0.87,282.068,3.448,257.491,244.404
12,16,10,841,84,-3,0.9,0.87,800,18.06,712.767,683.547
12,16,11,869,89,-3,0.9,0.87,890.714,20.368,785.379,753.586
12,16,12,863,91,-3,0.9,0.87,885.409,20.228,781.119,749.477
12,16,13,821,87,-3,0.8,0.87,782.149,18.085,696.844,668.189
12,16,14,734,74,-3,0.6,0.87,584.262,13.994,527.545,504.888
12,16,15,554,50,-5,0.5,0.87,299.743,4.694,259.642,246.479
12,16,16,0,0,-6,0.7,0.87,0,0,0,0
12,16,17,0,0,-7,1,0.87,0,-7,0,0
12,16,18,0,0,-7,0.9,0.87,0,-7,0,0
12,16,19,0,0,-7,0.8,0.87,0,-7,0,0
12,16,20,0,0,-7,0.8,0.87,0,-7,0,0
12,16,21,0,0,-7,1,0.87,0,-7,0,0
12,16,22,0,0,-8,1.1,0.87,0,-8,0,0
12,16,23,0,0,-8,1.1,0.87,0,-8,0,0
12,17,0,0,0,-8,1,0.87,0,-8,0,0
12,17,1,0,0,-8,0.7,0.87,0,-8,0,0
12,17,2,0,0,-7,0.4,0.87,0,-7,0,0
12,17,3,0,0,-6,0.4,0.87,0,-6,0,0
12,17,4,0,0,-6,0.4,0.87,0,-6,0,0
12,17,5,0,0,-6,0.5,0.87,0,-6,0,0
12,17,6,0,0,-5,0.5,0.87,0,-5,0,0
12,17,7,18,9,-4,0.5,0.87,12.131,-3.72,6.31,2.123
12,17,8,0,27,-3,0.5,0.87,32.541,-2.123,27.531,22.592
12,17,9,37,119,-1,0.4,0.87,182.268,4.257,162.954,153.217
12,17,10,74,167,0,0.3,0.87,282.981,8.403,252.209,239.309
12,17,11,0,87,0,0.2,0.87,105.552,3.128,92.227,84.995
12,17,12,0,87,0,0.2,0.87,105.565,3.128,92.25,85.018
12,17,13,59,162,0,0.3,0.87,263.331,7.807,234.617,222.34
12,17,14,0,32,-1,0.4,0.87,38.575,0.075,33.072,27.937
12,17,15,0,8,-2,0.3,0.87,9.624,-1.725,7.721,3.484
12,17,16,0,0,-3,0.3,0.87,0,0,0,0
12,17,17,0,0,-4,0.3,0.87,0,-4,0,0
12,17,18,0,0,-5,0.4,0.87,0,-5,0,0
12,17,19,0,0,-6,0.4,0.87,0,-6,0,0
12,17,20,0,0,-6,0.4,0.87,0,-6,0,0
12,17,21,0,0,-7,0.4,0.87,0,-7,0,0
12,17,22,0,0,-7,0.4,0.87,0,-7,0,0
12,17,23,0,0,-7,0.4,0.87,0,-7,0,0
12,18,0,0,0,-7,0.3,0.87,0,-7,0,0
12,18,1,0,0,-8,0.3,0.87,0,-8,0,0
12,18,2,0,0,-8,0.4,0.87,0,-8,0,0
12,18,3,0,0,-8,0.4,0.87,0,-8,0,0
12,18,4,0,0,-8,0.5,0.87,0,-8,0,0
12,18,5,0,0,-8,0.5,0.87,0,-8,0,0
12,18,6,0,0,-9,0.5,0.87,0,-9,0,0
12,18,7,90,11,-8,0.5,0.87,19.008,-7.553,9.742,5.433
12,18,8,541,56,-5,0.6,0.87,311.76,4.726,272.848,259.217
12,18,9,729,81,-2,0.8,0.87,601.835,14.479,542.604,519.414
12,18,10,777,105,0,1,0.87,782.84,20,692.095,663.608
12,18,11,801,116,0,1,0.87,873.385,22.29,764.124,733.084
12,18,12,792,118,0,1,0.87,866.705,22.117,758.715,727.867
12,18,13,771,104,0,1,0.87,771.767,19.724,683.04,654.874
12,18,14,680,87,0,0.9,0.87,569.379,15.222,511.307,489.226
12,18,15,492,58,0,0.7,0.87,286.506,8.691,245.179,232.528
12,18,16,0,0,-1,0.5,0.87,0,0,0,0
12,18,17,0,0,-2,0.5,0.87,0,-2,0,0
12,18,18,0,0,-3,0.5,0.87,0,-3,0,0
12,18,19,0,0,-4,0.4,0.87,0,-4,0,0
12,18,20,0,0,-4,0.4,0.87,0,-4,0,0
12,18,21,0,0,-5,0.4,0.87,0,-5,0,0
12,18,22,0,0,-6,0.7,0.87,0,-6,0,0
12,18,23,0,0,-7,1,0.87,0,-7,0,0
12,19,0,0,0,-7,1.1,0.87,0,-7,0,0
12,19,1,0,0,-7,1.1,0.87,0,-7,0,0
12,19,2,0,0,-8,1.1,0.87,0,-8,0,0
12,19,3,0,0,-8,0.9,0.87,0,-8,0,0
12,19,4,0,0,-7,0.6,0.87,0,-7,0,0
12,19,5,0,0,-6,0.4,0.87,0,-6,0,0
12,19,6,0,0,-5,0.4,0.87,0,-5,0,0
12,19,7,0,0,-3,0.5,0.87,0,0,0,0
12,19,8,540,51,-1,0.6,0.87,303.197,8.508,261.298,248.076
12,19,9,726,72,0,0.7,0.87,586.059,16.513,524.687,502.132
12,19,10,332,151,1,0.6,0.87,481.917,14.487,429.173,410.002
12,19,11,406,162,1,0.5,0.87,594.962,18.204,523.815,501.29
12,19,12,396,163,2,0.5,0.87,587.176,18.973,515.41,493.183
12,19,13,429,134,2,0.5,0.87,542.59,17.74,479.708,458.747
12,19,14,46,117,2,0.4,0.87,185.119,7.355,163.859,154.089
12,19,15,350,59,1,0.4,0.87,232.35,8.605,198.323,187.332
12,19,16,0,0,0,0.4,0.87,0,0,0,0
12,19,17,0,0,0,0.4,0.87,0,0,0,0
12,19,18,0,0,0,0.4,0.87,0,0,0,0
12,19,19,0,0,0,0.4,0.87,0,0,0,0
12,19,20,0,0,1,0.5,0.87,0,1,0,0
12,19,21,0,0,1,0.6,0.87,0,1,0,0
12,19,22,0,0,1,0.5,0.87,0,1,0,0
12,19,23,0,0,1,0.5,0.87,0,1,0,0
12,20,0,0,0,1,0.4,0.87,0,1,0,0
12,20,1,0,0,0,0.4,0.87,0,0,0,0
12,20,2,0,0,0,0.4,0.87,0,0,0,0
12,20,3,0,0,0,0.4,0.87,0,0,0,0
12,20,4,0,0,0,0.4,0.87,0,0,0,0
12,20,5,0,0,1,0.5,0.87,0,1,0,0
12,20,6,0,0,1,0.5,0.87,0,1,0,0
12,20,7,0,0,1,0.5,0.87,0,0,0,0
12,20,8,437,48,1,0.5,0.87,256.934,9.254,219.79,208.039
12,20,9,478,89,3,0.6,0.87,446.077,15.825,397.375,379.331
12,20,10,420,137,4,0.7,0.87,541.261,18.829,476.529,455.68
12,20,11,607,117,5,0.6,0.87,707.796,25.063,611.695,586.057
12,20,12,556,130,5,0.6,0.87,676.972,24.142,586.277,561.539
12,20,13,426,135,6,0.6,0.87,542.002,21.276,473.183,452.453
12,20,14,400,98,5,0.5,0.87,406.17,17.012,359.032,342.347
12,20,15,140,66,3,0.5,0.87,153.451,7.696,130.611,122.019
12,20,16,0,0,3,0.5,0.87,0,0,0,0
12,20,17,0,0,3,0.6,0.87,0,3,0,0
12,20,18,0,0,3,0.6,0.87,0,3,0,0
12,20,19,0,0,3,0.6,0.87,0,3,0,0
12,20,20,0,0,4,0.7,0.87,0,4,0,0
12,20,21,0,0,4,0.6,0.87,0,4,0,0
12,20,22,0,0,5,0.6,0.87,0,5,0,0
12,20,23,0,0,5,0.6,0.87,0,5,0,0
12,21,0,0,0,5,0.6,0.87,0,5,0,0
12,21,1,0,0,5,0.5,0.87,0,5,0,0
12,21,2,0,0,5,0.5,0.87,0,5,0,0
12,21,3,0,0,5,0.5,0.87,0,5,0,0
12,21,4,0,0,5,0.5,0.87,0,5,0,0
12,21,5,0,0,5,0.5,0.87,0,5,0,0
12,21,6,0,0,5,0.5,0.87,0,5,0,0
12,21,7,0,0,6,0.6,0.87,0,0,0,0
12,21,8,0,24,8,0.7,0.87,28.918,8.736,23.257,18.47
12,21,9,36,117,10,0.8,0.87,178.972,14.604,153.993,144.573
12,21,10,281,158,12,0.9,0.87,451.573,23.619,388.308,370.585
12,21,11,340,182,13,1,0.87,556.077,26.958,473.316,452.581
12,21,12,780,93,14,1,0.87,821.152,34.997,686.624,658.331
12,21,13,84,166,15,1,0.87,289.042,22.076,245.497,232.834
12,21,14,635,79,14,0.9,0.87,534.645,28.25,457.891,437.703
12,21,15,451,54,13,0.9,0.87,268.346,20.708,220.096,208.333
12,21,16,0,0,12,0.9,0.87,0,0,0,0
12,21,17,0,0,12,0.8,0.87,0,12,0,0
12,21,18,0,0,12,0.8,0.87,0,12,0,0
12,21,19,0,0,12,0.8,0.12,0,12,0,0
12,21,20,0,0,12,0.9,0.12,0,12,0,0
12,21,21,0,0,12,1,0.12,0,12,0,0
12,21,22,0,0,12,1.1,0.12,0,12,0,0
12,21,23,0,0,13,1.1,0.12,0,13,0,0
12,22,0,0,0,13,1,0.12,0,13,0,0
12,22,1,0,0,13,1,0.12,0,13,0,0
12,22,2,0,0,13,1.2,0.12,0,13,0,0
12,22,3,0,0,14,1.4,0.12,0,14,0,0
12,22,4,0,0,14,1.4,0.12,0,14,0,0
12,22,5,0,0,15,1.4,0.12,0,15,0,0
12,22,6,0,0,15,1.4,0.12,0,15,0,0
12,22,7,0,0,15,1.4,0.12,0,0,0,0
12,22,8,0,9,16,1.4,0.12,8.676,16.227,6.393,2.203
12,22,9,0,18,17,1.4,0.12,17.376,17.456,13.39,8.952
12,22,10,0,24,18,1.5,0.12,23.189,18.595,17.964,13.364
12,22,11,0,53,18,1.5,0.12,51.298,19.315,40.913,35.5
12,22,12,0,54,19,1.4,0.12,52.269,20.37,41.535,36.099
12,22,13,0,49,19,1.2,0.12,47.409,20.304,37.637,32.34
12,22,14,0,54,18,1.1,0.12,52.26,19.474,41.931,36.482
12,22,15,0,44,17,1,0.12,43.148,18.243,33.919,28.754
12,22,16,0,0,17,1,0.12,0,0,0,0
12,22,17,0,0,17,1,0.12,0,17,0,0
12,22,18,0,0,17,1,0.12,0,17,0,0
12,22,19,0,0,16,0.9,0.12,0,16,0,0
12,22,20,0,0,16,0.8,0.12,0,16,0,0
12,22,21,0,0,16,0.8,0.12,0,16,0,0
12,22,22,0,0,16,0.9,0.12,0,16,0,0
12,22,23,0,0,16,0.7,0.12,0,16,0,0
12,23,0,0,0,15,0.5,0.12,0,15,0,0
12,23,1,0,0,14,0.3,0.12,0,14,0,0
12,23,2,0,0,14,0.3,0.12,0,14,0,0
12,23,3,0,0,14,0.3,0.12,0,14,0,0
12,23,4,0,0,13,0.3,0.12,0,13,0,0
12,23,5,0,0,13,0.4,0.12,0,13,0,0
12,23,6,0,0,13,0.5,0.12,0,13,0,0
12,23,7,0,0,13,0.4,0.12,0,0,0,0
12,23,8,21,61,13,0.3,0.12,74.811,15.641,60.601,54.49
12,23,9,0,17,14,0.4,0.12,16.409,14.56,12.78,8.363
12,23,10,0,43,14,0.4,0.12,41.59,15.418,33.521,28.37
12,23,11,0,80,14,0.5,0.12,77.543,16.564,63.633,57.414
12,23,12,0,100,14,0.6,0.12,98.263,17.159,81.197,74.357
12,23,13,0,70,13,0.9,0.12,67.805,15.01,55.855,49.913
12,23,14,0,45,12,1.1,0.12,43.523,13.228,35.569,30.345
12,23,15,0,22,10,1.2,0.12,21.241,10.582,16.744,12.187
12,23,16,0,0,8,1.1,0.12,0,0,0,0
12,23,17,0,0,7,1,0.12,0,7,0,0
12,23,18,0,0,6,0.9,0.12,0,6,0,0
12,23,19,0,0,5,0.9,0.12,0,5,0,0
12,23,20,0,0,5,0.9,0.12,0,5,0,0
12,23,21,0,0,4,0.9,0.12,0,4,0,0
12,23,22,0,0,3,0.9,0.12,0,3,0,0
12,23,23,0,0,2,0.9,0.12,0,2,0,0
12,24,0,0,0,1,0.9,0.12,0,1,0,0
12,24,1,0,0,0,0.8,0.12,0,0,0,0
12,24,2,0,0,0,0.8,0.12,0,0,0,0
12,24,3,0,0,0,0.7,0.12,0,0,0,0
12,24,4,0,0,0,0.6,0.12,0,0,0,0
12,24,5,0,0,-1,0.5,0.12,0,-1,0,0
12,24,6,0,0,-1,0.4,0.12,0,-1,0,0
12,24,7,0,0,-1,0.5,0.12,0,0,0,0
12,24,8,554,47,0,0.7,0.12,284.126,9.08,242.64,230.079
12,24,9,731,66,1,0.8,0.12,499.366,16.58,446.9,427.101
12,24,10,809,77,2,0.8,0.12,653.866,22.329,574.541,550.219
12,24,11,821,87,3,0.9,0.12,724.891,24.929,629.869,603.587
12,24,12,63,186,2,1,0.12,250.374,9.282,221.1,209.302
12,24,13,136,170,1,1.1,0.12,288.89,9.226,257.853,244.752
12,24,14,0,77,1,1.1,0.12,75.944,3.144,66.003,59.701
12,24,15,7,62,0,1,0.12,66.722,1.931,56.992,51.009
12,24,16,0,0,0,1.1,0.12,0,0,0,0
12,24,17,0,0,0,1.2,0.12,0,0,0,0
12,24,18,0,0,-1,1.4,0.12,0,-1,0,0
12,24,19,0,0,-2,1.3,0.12,0,-2,0,0
12,24,20,0,0,-3,1.2,0.12,0,-3,0,0
12,24,21,0,0,-4,1.1,0.12,0,-4,0,0
12,24,22,0,0,-4,1,0.12,0,-4,0,0
12,24,23,0,0,-4,0.9,0.12,0,-4,0,0
12,25,0,0,0,-5,0.8,0.12,0,-5,0,0
12,25,1,0,0,-5,0.7,0.12,0,-5,0,0
12,25,2,0,0,-5,0.7,0.12,0,-5,0,0
12,25,3,0,0,-5,0.7,0.12,0,-5,0,0
12,25,4,0,0,-5,0.6,0.12,0,-5,0,0
12,25,5,0,0,-6,0.5,0.12,0,-6,0,0
12,25,6,0,0,-6,0.5,0.12,0,-6,0,0
12,25,7,0,0,-5,0.6,0.12,0,0,0,0
12,25,8,640,40,-4,0.6,0.12,306.183,6.063,264.173,250.849
12,25,9,805,54,-3,0.5,0.12,526.05,14.862,474.47,453.694
12,25,10,870,64,-2,0.3,0.12,679.144,22.391,597.331,572.202
12,25,11,234,188,-1,0.1,0.12,399.674,14.148,353.459,336.971
12,25,12,227,190,0,0.1,0.12,386.769,14.659,341.15,325.098
12,25,13,258,163,0,0.3,0.12,373.131,13.287,331.743,316.024
12,25,14,248,118,-1,0.4,0.12,284.198,8.855,255.806,242.778
12,25,15,0,57,-2,0.3,0.12,57.862,0.032,49.597,43.876
12,25,16,0,5,-3,0.3,0.12,4.978,-2.853,2.531,0
12,25,17,0,0,-3,0.4,0.12,0,-3,0,0
12,25,18,0,0,-3,0.4,0.12,0,-3,0,0
12,25,19,0,0,-3,0.5,0.12,0,-3,0,0
12,25,20,0,0,-4,0.4,0.12,0,-4,0,0
12,25,21,0,0,-4,0.4,0.12,0,-4,0,0
12,25,22,0,0,-4,0.3,0.12,0,-4,0,0
12,25,23,0,0,-4,0.3,0.12,0,-4,0,0
12,26,0,0,0,-4,0.3,0.12,0,-4,0,0
12,26,1,0,0,-4,0.3,0.12,0,-4,0,0
12,26,2,0,0,-4,0.3,0.12,0,-4,0,0
12,26,3,0,0,-4,0.4,0.12,0,-4,0,0
12,26,4,0,0,-4,0.3,0.12,0,-4,0,0
12,26,5,0,0,-4,0.3,0.12,0,-4,0,0
12,26,6,0,0,-3,0.3,0.12,0,-3,0,0
12,26,7,0,0,-2,0.4,0.12,0,0,0,0
12,26,8,0,34,-1,0.6,0.12,32.877,0.053,27.502,22.564
12,26,9,0,10,0,0.7,0.12,9.648,0.302,7.824,3.583
12,26,10,0,14,0,0.8,0.12,13.519,0.412,11.081,6.725
12,26,11,742,109,1,0.9,0.12,696.51,22.053,610.371,584.78
12,26,12,801,94,2,1,0.12,720.31,23.229,629.337,603.074
12,26,13,811,79,3,1,0.12,662.309,22.551,581.396,556.832
12,26,14,741,67,2,0.8,0.12,513.372,18.006,457.41,437.239
12,26,15,579,48,1,0.5,0.12,301.954,11.229,258.403,245.283
12,26,16,150,11,-1,0.4,0.12,42.224,0.122,19.262,14.616
12,26,17,0,0,-2,0.5,0.12,0,-2,0,0
12,26,18,0,0,-2,0.5,0.12,0,-2,0,0
12,26,19,0,0,-2,0.5,0.11,0,-2,0,0
12,26,20,0,0,-2,0.5,0.11,0,-2,0,0
12,26,21,0,0,-2,0.5,0.11,0,-2,0,0
12,26,22,0,0,-2,0.4,0.11,0,-2,0,0
12,26,23,0,0,-2,0.4,0.11,0,-2,0,0
12,27,0,0,0,-3,0.4,0.11,0,-3,0,0
12,27,1,0,0,-3,0.4,0.11,0,-3,0,0
12,27,2,0,0,-3,0.4,0.11,0,-3,0,0
12,27,3,0,0,-3,0.4,0.11,0,-3,0,0
12,27,4,0,0,-3,0.4,0.11,0,-3,0,0
12,27,5,0,0,-4,0.3,0.11,0,-4,0,0
12,27,6,0,0,-4,0.3,0.11,0,-4,0,0
12,27,7,0,0,-3,0.3,0.11,0,0,0,0
12,27,8,530,47,-1,0.3,0.11,272.598,8.787,232.284,220.089
12,27,9,153,121,1,0.5,0.11,224.615,8.558,200.431,189.365
12,27,10,339,149,2,0.8,0.11,408.09,14.645,362.768,345.95
12,27,11,327,181,3,1,0.11,458.641,16.47,404.467,386.171
12,27,12,841,81,4,1,0.11,733.86,25.686,636.09,609.587
12,27,13,825,72,5,1,0.11,663.224,24.623,578.105,553.656
12,27,14,758,61,4,0.7,0.11,516.446,20.581,456.209,436.08
12,27,15,596,44,1,0.5,0.11,302.49,11.251,259.091,245.946
12,27,16,164,11,0,0.5,0.11,45.418,1.172,20.648,15.952
12,27,17,0,0,-1,0.5,0.11,0,-1,0,0
12,27,18,0,0,-1,0.5,0.11,0,-1,0,0
12,27,19,0,0,-1,0.5,0.11,0,-1,0,0
12,27,20,0,0,-1,0.4,0.11,0,-1,0,0
12,27,21,0,0,-1,0.4,0.11,0,-1,0,0
12,27,22,0,0,-2,0.4,0.11,0,-2,0,0
12,27,23,0,0,-2,0.4,0.11,0,-2,0,0
12,28,0,0,0,-2,0.4,0.11,0,-2,0,0
12,28,1,0,0,-2,0.4,0.11,0,-2,0,0
12,28,2,0,0,-2,0.5,0.11,0,-2,0,0
12,28,3,0,0,-1,0.5,0.11,0,-1,0,0
12,28,4,0,0,-1,0.5,0.11,0,-1,0,0
12,28,5,0,0,-1,0.6,0.11,0,-1,0,0
12,28,6,0,0,-1,0.6,0.11,0,-1,0,0
12,28,7,0,0,0,0.6,0.11,0,0,0,0
12,28,8,14,59,1,0.7,0.11,66.114,3.077,55.951,50.005
12,28,9,364,102,3,0.8,0.11,334.592,13.405,298.485,283.945
12,28,10,837,61,5,0.8,0.11,651.092,25.299,566.492,542.456
12,28,11,869,65,7,0.8,0.11,727.488,29.659,622.141,596.132
12,28,12,873,64,8,0.9,0.11,732.055,30.207,624.765,598.664
12,28,13,848,60,8,0.8,0.11,660.545,28.596,567.928,543.841
12,28,14,776,54,7,0.6,0.11,519.674,24.163,453.448,433.417
12,28,15,621,40,4,0.6,0.11,309.611,14.202,262.864,249.586
12,28,16,204,11,1,0.6,0.11,54.227,2.356,24.531,19.698
12,28,17,0,0,1,0.7,0.11,0,1,0,0
12,28,18,0,0,1,0.6,0.11,0,1,0,0
12,28,19,0,0,1,0.5,0.11,0,1,0,0
12,28,20,0,0,0,0.5,0.11,0,0,0,0
12,28,21,0,0,0,0.5,0.11,0,0,0,0
12,28,22,0,0,0,0.5,0.11,0,0,0,0
12,28,23,0,0,1,0.4,0.11,0,1,0,0
12,29,0,0,0,1,0.4,0.11,0,1,0,0
12,29,1,0,0,0,0.4,0.11,0,0,0,0
12,29,2,0,0,0,0.4,0.11,0,0,0,0
12,29,3,0,0,0,0.4,0.11,0,0,0,0
12,29,4,0,0,1,0.6,0.11,0,1,0,0
12,29,5,0,0,1,0.7,0.11,0,1,0,0
12,29,6,0,0,1,0.5,0.11,0,1,0,0
12,29,7,0,0,1,0.5,0.11,0,0,0,0
12,29,8,0,8,2,0.5,0.11,7.685,2.254,6.001,1.825
12,29,9,0,48,2,0.5,0.11,46.281,3.538,39.429,34.068
12,29,10,0,48,3,0.7,0.11,46.286,4.452,39.182,33.83
12,29,11,0,28,3,0.8,0.11,26.979,3.823,22.344,17.589
12,29,12,0,51,3,0.9,0.11,49.197,4.462,41.599,36.161
12,29,13,0,32,3,0.7,0.11,30.832,3.967,25.725,20.85
12,29,14,0,14,3,0.3,0.11,13.467,3.475,10.922,6.572
12,29,15,0,23,3,0.3,0.11,22.135,3.778,18.052,13.449
12,29,16,74,12,3,0.6,0.11,27.767,3.715,12.918,8.497
12,29,17,0,0,3,0.7,0.11,0,3,0,0
12,29,18,0,0,2,0.8,0.11,0,2,0,0
12,29,19,0,0,1,0.8,0.11,0,1,0,0
12,29,20,0,0,1,0.7,0.11,0,1,0,0
12,29,21,0,0,0,0.7,0.11,0,0,0,0
12,29,22,0,0,0,0.6,0.11,0,0,0,0
12,29,23,0,0,0,0.6,0.11,0,0,0,0
12,30,0,0,0,0,0.6,0.11,0,0,0,0
12,30,1,0,0,0,0.6,0.11,0,0,0,0
12,30,2,0,0,0,0.6,0.11,0,0,0,0
12,30,3,0,0,0,0.6,0.11,0,0,0,0
12,30,4,0,0,0,0.6,0.11,0,0,0,0
12,30,5,0,0,0,0.6,0.11,0,0,0,0
12,30,6,0,0,0,0.6,0.11,0,0,0,0
12,30,7,0,0,1,0.7,0.11,0,0,0,0
12,30,8,0,8,2,0.9,0.11,7.685,2.228,6.001,1.825
12,30,9,0,48,3,1.1,0.11,46.281,4.31,39.309,33.952
12,30,10,17,147,4,1.2,0.11,161.906,8.483,141.477,132.501
12,30,11,63,188,3,1.2,0.11,251.907,9.99,221.892,210.066
12,30,12,54,187,3,1.2,0.11,243.978,9.768,214.712,203.14
12,30,13,80,171,2,1.1,0.11,242.037,8.894,214.595,203.027
12,30,14,115,129,1,0.9,0.11,214.805,7.459,191.821,181.061
12,30,15,109,70,0,0.7,0.11,126.436,4.013,109.444,101.602
12,30,16,0,11,0,0.6,0.11,10.919,0.296,5.657,1.493
12,30,17,0,0,-1,0.5,0.11,0,-1,0,0
12,30,18,0,0,-2,0.5,0.11,0,-2,0,0
12,30,19,0,0,-2,0.5,0.11,0,-2,0,0
12,30,20,0,0,-3,0.5,0.11,0,-3,0,0
12,30,21,0,0,-4,0.4,0.11,0,-4,0,0
12,30,22,0,0,-5,0.3,0.11,0,-5,0,0
12,30,23,0,0,-5,0.3,0.11,0,-5,0,0
12,31,0,0,0,-4,0.2,0.11,0,-4,0,0
12,31,1,0,0,-4,0.1,0.11,0,-4,0,0
12,31,2,0,0,-3,0.1,0.11,0,-3,0,0
12,31,3,0,0,-3,0.1,0.11,0,-3,0,0
12,31,4,0,0,-3,0.2,0.11,0,-3,0,0
12,31,5,0,0,-3,0.3,0.11,0,-3,0,0
12,31,6,0,0,-4,0.4,0.11,0,-4,0,0
12,31,7,0,0,-4,0.5,0.11,0,0,0,0
12,31,8,0,31,-2,0.8,0.11,29.866,-1.092,24.988,20.139
12,31,9,0,66,0,1,0.11,64.089,1.86,55.627,49.693
12,31,10,83,170,0,1.2,0.11,242.45,6.742,216.756,205.112
12,31,11,93,193,0,1.4,0.11,280.098,7.426,250.082,237.257
12,31,12,7,158,1,1.5,0.11,165.708,5.269,145.93,136.795
12,31,13,0,64,1,1.5,0.11,61.769,2.589,53.207,47.358
12,31,14,37,123,0,1.6,0.11,154.813,3.922,137.971,129.118
12,31,15,84,71,0,1.6,0.11,117.517,2.987,102.045,94.465
12,31,16,0,20,0,1.5,0.11,19.853,0.429,10.537,6.2
12,31,17,0,0,-1,1.4,0.11,0,-1,0,0
12,31,18,0,0,-2,1.4,0.11,0,-2,0,0
12,31,19,0,0,0,0.2,0.11,0,0,0,0
12,31,20,0,0,0,0.2,0.11,0,0,0,0
12,31,21,0,0,0,0.2,0.11,0,0,0,0
12,31,22,0,0,0,0.3,0.11,0,0,0,0
12,31,23,0,0,0,0.4,0.11,0,0,0,0
